security_id,security_name,symbol,isin,security_type,company,chp_number,agch_approved,is_private,redemption_date,annual_interest,linkage,linkage_type,last_price,annual_yield,base_indices,is_tradable,ada_status,first_seen
7190242,לוי אגח ח,לוי.ק8,IL0071902428,"אג""ח קונצרני","א. לוי השקעות ובנין בע""מ",520041096,כן,כן,31/03/2027,8.13420,לא צמוד,,98.67,4.2,,True,עדה?,2026-10-08
1233162,לוי אגח ט,לוי.ק9,IL0012331620,"אג""ח קונצרני","א. לוי השקעות ובנין בע""מ",520041096,כן,כן,31/12/2030,9.49000,לא צמוד,,98.49,2.6,,True,עדה?,2026-10-08
1213537,שוהם ביזנס אגחה,שוהם.ק5,IL0012135377,"אג""ח קונצרני","א.נ. שוהם ביזנס בע""מ",520043860,כן,כן,02/07/2028,6.89000,לא צמוד,,100.68,6.2,,True,עדה?,2026-10-08
3730579,אאורה    אגח טז,אארה.ק16,IL0037305799,"אג""ח קונצרני","אאורה השקעות בע""מ",520038274,כן,כן,30/09/2027,3.50000,לא צמוד,,99.65,4.1,,True,עדה?,2026-10-08
1193580,אאורה אגח יז,אארה.ק17,IL0011935801,"אג""ח קונצרני","אאורה השקעות בע""מ",520038274,כן,כן,31/01/2029,3.85000,מדד המחירים לצרכן,,113.5,4.7,102.3,True,עדה?,2026-10-08
1203405,אאורה אגח יח,אארה.ק18,IL0012034059,"אג""ח קונצרני","אאורה השקעות בע""מ",520038274,כן,כן,31/12/2029,6.15000,לא צמוד,,104.49,3.7,,True,עדה?,2026-10-08
1223296,אאורה אגח יט,אארה.ק19,IL0012232968,"אג""ח קונצרני","אאורה השקעות בע""מ",520038274,כן,כן,30/08/2032,5.80000,לא צמוד,,103.66,3.0,,True,עדה?,2026-10-08
1196542,אב-גד     אגח ב,אבגד.ק2,IL0011965428,"אג""ח קונצרני","אב-גד החזקות בע""מ",514091685,כן,כן,30/06/2027,9.50000,לא צמוד,,103.96,6.7,,True,עדה,2026-10-08
1211770,אב-גד     אגח ג,אבגד.ק3,IL0012117706,"אג""ח קונצרני","אב-גד החזקות בע""מ",514091685,כן,כן,31/12/2028,7.20000,לא צמוד,,102.33,4.2,,True,עדה,2026-10-08
1225929,אב-גד     אגח ד,אבגד.ק4,IL0012259292,"אג""ח קונצרני","אב-גד החזקות בע""מ",514091685,כן,כן,30/06/2030,6.80000,לא צמוד,,97.21,5.6,,True,עדה,2026-10-08
1231687,אבו מגורים אגחא,אבו.ק1,IL0012316878,"אג""ח קונצרני","אבו פמילי מגורים בע""מ",515724706,כן,כן,01/09/2028,3.74000,מדד המחירים לצרכן,,107.0,4.9,107.2,True,עדה?,2026-10-08
1209279,אביעד פקדוןאגחא,אבפק.ק1,IL0012092792,"אג""ח מובנות","אביעד פיקדונות בע""מ",516946803,כן,כן,28/07/2032,,לא צמוד,,110.69,3.1,,True,עדה,2026-10-08
1214592,אביעד פקדוןאגחב,אבפק.ק2,IL0012145921,"אג""ח מובנות","אביעד פיקדונות בע""מ",516946803,כן,כן,30/06/2034,,לא צמוד,,109.71,3.4,,True,עדה,2026-10-08
1221399,אביעד פקדוןאגחג,אבפק.ק3,IL0012213992,"אג""ח מובנות","אביעד פיקדונות בע""מ",516946803,כן,כן,07/05/2035,,לא צמוד,,107.42,4.1,,True,עדה,2026-10-08
1228329,אביעד פקדוןאגחד,אבפק.ק4,IL0012283292,"אג""ח מובנות","אביעד פיקדונות בע""מ",516946803,כן,כן,03/09/2035,,לא צמוד,,105.8,3.9,,True,עדה,2026-10-08
1231406,אביעד פקדוןאגחה,אבפק.ק5,IL0012314063,"אג""ח מובנות","אביעד פיקדונות בע""מ",516946803,כן,כן,11/11/2035,,לא צמוד,,104.12,3.4,,True,עדה,2026-10-08
1236256,אביעד פקדוןאגחו,אבפק.ק6,IL0012362567,"אג""ח מובנות","אביעד פיקדונות בע""מ",516946803,כן,כן,10/02/2027,3.64000,לא צמוד,,102.37,2.4,,True,עדה,2026-10-08
1240605,אביעד פקדוןאגחז,אבפק.ק7,IL0012406059,"אג""ח מובנות","אביעד פיקדונות בע""מ",516946803,כן,כן,06/05/2036,,לא צמוד,,101.9,1.9,,True,עדה,2026-10-08
1245273,אביעד פקדוןאגחח,אבפק.ק8,IL0012452731,"אג""ח מובנות","אביעד פיקדונות בע""מ",516946803,כן,כן,28/07/2036,,לא צמוד,,101.11,1.1,,True,עדה,2026-10-08
1223239,אג'לן     אגח א,אגלן.ק1,IL0012232398,"אג""ח קונצרני",אג'לן קומרשייל ריט הולדינגס אינק,2352046,כן,כן,30/06/2028,5.92000,לא צמוד,,100.4,2.2,,True,עדה,2026-10-08
1198787,אגד    אגח 1-רמ,אגד.ק1רמ,IL0011987877,"אג""ח קונצרני","אגד חברה לתחבורה בע""מ",516041118,כן,כן,31/12/2029,3.64000,מדד המחירים לצרכן,,111.0,1.2,104.5,True,עדה?,2026-10-08
1820208,אדגר      אגח י,אדגר.ק10,IL0018202080,"אג""ח קונצרני","אדגר השקעות ופיתוח בע""מ",520035171,כן,כן,01/09/2027,2.85000,מדד המחירים לצרכן,,122.05,4.4,100.0,True,עדה?,2026-10-08
1820281,אדגר     אגח יא,אדגר.ק11,IL0018202817,"אג""ח קונצרני","אדגר השקעות ופיתוח בע""מ",520035171,כן,כן,31/03/2030,2.45000,מדד המחירים לצרכן,,119.09,4.2,100.4,True,עדה,2026-10-08
1820331,אדגר     אגח יב,אדגר.ק12,IL0018203310,"אג""ח קונצרני","אדגר השקעות ופיתוח בע""מ",520035171,כן,כן,31/03/2031,0.43000,מדד המחירים לצרכן,,110.14,3.9,102.3,True,עדה,2026-10-08
1207158,אדגר     אגח יג,אדגר.ק13,IL0012071580,"אג""ח קונצרני","אדגר השקעות ופיתוח בע""מ",520035171,כן,כן,05/04/2034,4.79000,מדד המחירים לצרכן,,112.32,3.5,106.9,True,עדה,2026-10-08
1221761,אוטומקס   אגח ג,אמקס.ק3,IL0012217613,"אג""ח קונצרני","אוטומקס מוטורס בע""מ",513795427,כן,כן,31/12/2029,8.00000,לא צמוד,,79.9,0.0,,True,עדה,2026-10-08
1232768,אוריון נכס אגחא,ארנמ.ק1,IL0012327685,"אג""ח קונצרני","אוריון נכסים מסחריים בע""מ",517199469,כן,כן,30/09/2029,4.38000,מדד המחירים לצרכן,,100.18,3.7,104.1,True,עדה?,2026-10-08
1232776,אוריון נכס אגחב,ארנמ.ק2,IL0012327768,"אג""ח קונצרני","אוריון נכסים מסחריים בע""מ",517199469,כן,כן,30/06/2030,5.50000,לא צמוד,,93.5,9.9,,True,עדה?,2026-10-08
1143379,אוריין    אגח ב,אורן.ק2,IL0011433799,"אג""ח קונצרני","אוריין ש.מ. בע""מ",511068256,כן,כן,31/12/2026,3.25000,לא צמוד,,100.58,2.4,,True,עדה?,2026-10-08
1234889,אוריין    אגח ג,אורן.ק3,IL0012348897,"אג""ח קונצרני","אוריין ש.מ. בע""מ",511068256,כן,כן,31/03/2032,3.80000,לא צמוד,,96.58,5.9,,True,עדה?,2026-10-08
7150410,אזורים   אגח 13,אזרם.ק13,IL0071504109,"אג""ח קונצרני","אזורים חברה להשקעות בפתוח ובבנין בע""מ",520025990,כן,כן,31/12/2026,2.95000,לא צמוד,,100.49,3.7,,True,עדה?,2026-10-08
7150444,אזורים   אגח 14,אזרם.ק14,IL0071504448,"אג""ח קונצרני","אזורים חברה להשקעות בפתוח ובבנין בע""מ",520025990,כן,כן,31/12/2028,2.55000,לא צמוד,,98.92,3.8,,True,עדה?,2026-10-08
7150451,אזורים   אגח 15,אזרם.ק15,IL0071504513,"אג""ח קונצרני","אזורים חברה להשקעות בפתוח ובבנין בע""מ",520025990,כן,כן,01/07/2029,0.10000,מדד המחירים לצרכן,,112.0,3.3,100.9,True,עדה?,2026-10-08
1223486,אזורים   אגח 16,אזרם.ק16,IL0012234865,"אג""ח קונצרני","אזורים חברה להשקעות בפתוח ובבנין בע""מ",520025990,כן,כן,30/06/2032,5.77000,לא צמוד,,104.78,2.8,,True,עדה?,2026-10-08
1218676,איביאי פק אגח א,אבאפ.ק1,IL0012186768,"אג""ח מובנות","אי. בי. אי פיקדונות בע""מ",517071767,כן,כן,05/03/2035,,לא צמוד,,108.19,3.4,,True,עדה,2026-10-08
1221720,איביאי פק אגח ב,אבאפ.ק2,IL0012217209,"אג""ח מובנות","אי. בי. אי פיקדונות בע""מ",517071767,כן,כן,16/05/2035,,לא צמוד,,106.33,3.3,,True,עדה,2026-10-08
1223692,איביאי פק אגח ג,אבאפ.ק3,IL0012236928,"אג""ח מובנות","אי. בי. אי פיקדונות בע""מ",517071767,כן,כן,24/06/2035,,לא צמוד,,106.72,3.4,,True,עדה,2026-10-08
1227719,איביאי פק אגח ד,אבאפ.ק4,IL0012277195,"אג""ח מובנות","אי. בי. אי פיקדונות בע""מ",517071767,כן,כן,27/08/2035,,לא צמוד,,105.93,3.9,,True,עדה,2026-10-08
1230226,איביאי פק אגח ה,אבאפ.ק5,IL0012302266,"אג""ח מובנות","אי. בי. אי פיקדונות בע""מ",517071767,כן,כן,21/10/2035,,לא צמוד,,104.45,3.5,,True,עדה,2026-10-08
1235894,איביאי פק אגח ו,אבאפ.ק6,IL0012358946,"אג""ח מובנות","אי. בי. אי פיקדונות בע""מ",517071767,כן,כן,04/02/2036,,לא צמוד,,103.03,3.0,,True,עדה,2026-10-08
1239458,איביאי פק אגח ז,אבאפ.ק7,IL0012394586,"אג""ח מובנות","אי. בי. אי פיקדונות בע""מ",517071767,כן,כן,20/04/2036,,לא צמוד,,102.13,2.1,,True,עדה,2026-10-08
1242452,איביאי פק אגח ח,אבאפ.ק8,IL0012424524,"אג""ח מובנות","אי. בי. אי פיקדונות בע""מ",517071767,כן,כן,03/06/2032,,לא צמוד,,101.09,1.1,,True,עדה,2026-10-08
1236280,איה ניורק אגח א,איה.ק1,IL0012362807,"אג""ח קונצרני",איה ניו יורק,2185148,כן,כן,31/12/2029,7.70000,לא צמוד,,97.48,0.7,,True,עדה?,2026-10-08
2810372,אייסיאל   אגח ז,איסל.ק7,IL0028103724,"אג""ח קונצרני","איי.סי.אל גרופ בע""מ",520027830,כן,כן,31/12/2034,2.40000,לא צמוד,,87.36,1.3,,True,עדה?,2026-10-08
2810331,אייסיאל אגחו-רמ,איס.ק6רמ,IL0028103310,"אג""ח קונצרני","איי.סי.אל גרופ בע""מ",520027830,כן,כן,31/05/2038,6.37500,לא צמוד,,357.0,0.0,0.0,True,עדה?,2026-10-08
1243179,אייסיאל אגחח-רמ,איס.ק8רמ,IL0012431792,"אג""ח קונצרני","איי.סי.אל גרופ בע""מ",520027830,כן,כן,16/06/2036,6.03600,לא צמוד,,291.2,0.0,,True,עדה?,2026-10-08
1195577,איילון אגח ג-רמ,אלן.ק3רמ,IL0011955775,"אג""ח קונצרני",איילון אחזקות,520030677,כן,כן,31/12/2030,7.75000,לא צמוד,,105.18,0.0,,True,עדה,2026-10-08
1193408,איילון הת נד,אילון.ה,IL0011934085,"אג""ח להמרה",איילון אחזקות,520030677,כן,כן,,,,,,,,False,עדה?,2026-10-08
1242700,איילון התח נד ו,אלן.ק6,IL0012427006,אגח הוני ניתן למחיקה,איילון אחזקות,520030677,כן,כן,30/06/2076,4.85000,לא צמוד,,97.18,-2.8,,True,עדה,2026-10-08
1230614,אינרום    אגח א,אנרם.ק1,IL0012306143,"אג""ח קונצרני","אינרום תעשיות בנייה בע""מ",515001659,כן,כן,30/06/2036,4.56000,לא צמוד,,100.91,2.8,,True,עדה?,2026-10-08
1226968,אלביט נד אגח י,אלנל.ק10,IL0012269689,"אג""ח קונצרני","אלביט הדמיה בע""מ",520043035,כן,כן,31/12/2029,6.99000,לא צמוד,,100.0,5.9,,True,עדה?,2026-10-08
1236314,אלביט נד אגח יא,אלנל.ק11,IL0012363144,"אג""ח קונצרני","אלביט הדמיה בע""מ",520043035,כן,כן,30/06/2030,7.30000,לא צמוד,,95.62,-4.4,,True,עדה?,2026-10-08
1191832,אלבר      אגח כ,אלבר.ק20,IL0011918328,"אג""ח קונצרני","אלבר שרותי מימונית בע""מ",512025891,כן,כן,20/06/2028,5.70000,לא צמוד,,101.43,3.9,,True,עדה,2026-10-08
1158732,אלבר     אגח יז,אלבר.ק17,IL0011587321,"אג""ח קונצרני","אלבר שרותי מימונית בע""מ",512025891,כן,כן,20/01/2027,1.85000,מדד המחירים לצרכן,,118.35,4.4,101.7,True,עדה,2026-10-08
1158740,אלבר     אגח יח,אלבר.ק18,IL0011587404,"אג""ח קונצרני","אלבר שרותי מימונית בע""מ",512025891,כן,כן,13/01/2027,3.25000,לא צמוד,,99.78,3.9,,True,עדה,2026-10-08
1191824,אלבר     אגח יט,אלבר.ק19,IL0011918245,"אג""ח קונצרני","אלבר שרותי מימונית בע""מ",512025891,כן,כן,15/05/2028,3.20000,מדד המחירים לצרכן,,112.31,4.0,107.6,True,עדה,2026-10-08
1216027,אלבר     אגח כא,אלבר.ק21,IL0012160276,"אג""ח קונצרני","אלבר שרותי מימונית בע""מ",512025891,כן,כן,20/10/2032,3.15000,מדד המחירים לצרכן,,105.45,3.6,108.7,True,עדה,2026-10-08
1216035,אלבר     אגח כב,אלבר.ק22,IL0012160359,"אג""ח קונצרני","אלבר שרותי מימונית בע""מ",512025891,כן,כן,20/10/2032,5.45000,לא צמוד,,102.89,3.4,,True,עדה,2026-10-08
1162577,אלה פקדון אגח ה,אלפק.ק5,IL0011625774,"אג""ח מובנות","אלה פקדונות בע""מ",515666881,כן,כן,10/02/2031,0.05000,מדד המחירים לצרכן,,113.6,4.2,100.8,True,עדה,2026-10-08
1189398,אלה פקדון אגח ו,אלפק.ק6,IL0011893984,"אג""ח מובנות","אלה פקדונות בע""מ",515666881,כן,כן,31/12/2030,,לא צמוד,,119.28,3.0,,True,עדה,2026-10-08
1197045,אלה פקדון אגח ט,אלפק.ק9,IL0011970451,"אג""ח מובנות","אלה פקדונות בע""מ",515666881,כן,כן,31/12/2030,5.00000,דולר,,87.65,-1.4,3.6255,True,עדה,2026-10-08
1210384,אלה פקדון אגח י,אלפק.ק10,IL0012103847,"אג""ח מובנות","אלה פקדונות בע""מ",515666881,כן,כן,31/12/2034,,לא צמוד,,110.27,3.0,,True,עדה,2026-10-08
1213453,אלה פקדון אגחיא,אלפק.ק11,IL0012134537,"אג""ח מובנות","אלה פקדונות בע""מ",515666881,כן,כן,01/07/2035,,לא צמוד,,109.69,3.0,,True,עדה,2026-10-08
1217173,אלה פקדון אגחיב,אלפק.ק12,IL0012171737,"אג""ח מובנות","אלה פקדונות בע""מ",515666881,כן,כן,01/07/2035,,לא צמוד,,108.42,3.0,,True,עדה,2026-10-08
1189950,אלה  השק  אגח א,אלה.ק1,IL0011899502,"אג""ח קונצרני","אלה ר. הנדסת בנין והשקעות בע""מ",520040015,כן,כן,01/07/2029,2.49000,מדד המחירים לצרכן,,113.02,4.4,106.8,True,עדה?,2026-10-08
1238518,אלומה      אג 1,אלום.ה1,IL0012385188,"אג""ח להמרה","אלומה קרן תשתיות (2020) בע""מ",516214871,כן,כן,30/06/2031,4.60000,לא צמוד,,110.5,10.3,,True,עדה?,2026-10-08
1203074,אלומיי    אגח ו,אלומ.ק6,IL0012030743,"אג""ח קונצרני","אלומיי קפיטל בע""מ",520039868,כן,כן,31/03/2030,5.66257,לא צמוד,,100.04,4.2,,True,עדה?,2026-10-08
1217538,אלומיי    אגח ז,אלומ.ק7,IL0012175381,"אג""ח קונצרני","אלומיי קפיטל בע""מ",520039868,כן,כן,31/12/2032,6.37729,לא צמוד,,103.07,5.2,,True,עדה,2026-10-08
1172956,אלומיי  אג ד,אלומ.ה4,IL0011729568,"אג""ח להמרה","אלומיי קפיטל בע""מ",520039868,כן,כן,31/12/2026,1.20000,לא צמוד,,99.5,4.2,,True,עדה?,2026-10-08
1183979,אלון רבוע אגח ז,אלרכ.ק7,IL0011839797,"אג""ח קונצרני","אלון רבוע כחול ישראל בע""מ",520042847,כן,כן,01/07/2029,0.10000,מדד המחירים לצרכן,,112.0,3.7,102.6,True,עדה,2026-10-08
1197276,אלון רבוע אגח ח,אלרכ.ק8,IL0011972762,"אג""ח קונצרני","אלון רבוע כחול ישראל בע""מ",520042847,כן,כן,30/06/2030,5.50000,לא צמוד,,103.7,3.7,,True,עדה,2026-10-08
1197284,אלון רבוע אגח ט,אלרכ.ק9,IL0011972846,"אג""ח קונצרני","אלון רבוע כחול ישראל בע""מ",520042847,כן,כן,30/06/2030,3.00000,מדד המחירים לצרכן,,110.45,4.1,104.2,True,עדה,2026-10-08
3900354,אלוני חץ  אגח ט,אלחץ.ק9,IL0039003541,"אג""ח קונצרני","אלוני-חץ נכסים והשקעות בע""מ",520038506,כן,כן,28/02/2027,3.85000,לא צמוד,,102.15,3.5,,True,עדה?,2026-10-08
3900362,אלוני חץ  אגח י,אלחץ.ק10,IL0039003624,"אג""ח קונצרני","אלוני-חץ נכסים והשקעות בע""מ",520038506,כן,כן,28/02/2027,5.85000,לא צמוד,,100.95,3.4,,True,עדה?,2026-10-08
1189414,אלוני חץ אגח טו,אלחץ.ק15,IL0011894149,"אג""ח קונצרני","אלוני-חץ נכסים והשקעות בע""מ",520038506,כן,כן,01/03/2037,2.56000,מדד המחירים לצרכן,,110.76,2.5,107.1,True,עדה?,2026-10-08
1229384,אלוני חץ אגח טז,אלחץ.ק16,IL0012293846,"אג""ח קונצרני","אלוני-חץ נכסים והשקעות בע""מ",520038506,כן,כן,28/02/2040,3.68000,מדד המחירים לצרכן,,105.61,-0.8,104.2,True,עדה?,2026-10-08
3900487,אלוני חץ אגח יא,אלחץ.ק11,IL0039004879,אגח משלם במניות,"אלוני-חץ נכסים והשקעות בע""מ",520038506,כן,כן,28/02/2031,2.66000,לא צמוד,,96.84,3.4,,True,עדה?,2026-10-08
3900495,אלוני חץ אגח יב,אלחץ.ק12,IL0039004952,"אג""ח קונצרני","אלוני-חץ נכסים והשקעות בע""מ",520038506,כן,כן,28/02/2031,2.41000,לא צמוד,,96.13,3.1,,True,עדה?,2026-10-08
1189406,אלוני חץ אגח יג,אלחץ.ק13,IL0011894065,"אג""ח קונצרני","אלוני-חץ נכסים והשקעות בע""מ",520038506,כן,כן,01/03/2037,4.94000,לא צמוד,,102.37,1.5,,True,עדה,2026-10-08
1229392,אלוני חץ אגח יז,אלחץ.ק17,IL0012293929,"אג""ח קונצרני","אלוני-חץ נכסים והשקעות בע""מ",520038506,כן,כן,28/02/2040,5.70000,לא צמוד,,105.91,1.6,,True,עדה?,2026-10-08
1207604,אלטיטיוד  אגח ב,אלטד.ק2,IL0012076043,"אג""ח קונצרני",אלטיטיוד השקעות,1963039,כן,כן,31/12/2028,7.88000,לא צמוד,,98.82,2.5,,True,עדה?,2026-10-08
1189224,אלמוגים   אגח ט,אלמג.ק9,IL0011892242,"אג""ח קונצרני","אלמוגים החזקות בע""מ",513988824,כן,כן,31/03/2027,6.70000,לא צמוד,,102.69,8.0,,True,עדה?,2026-10-08
1211358,אלמוגים  אגח יא,אלמג.ק11,IL0012113580,"אג""ח קונצרני","אלמוגים החזקות בע""מ",513988824,כן,כן,30/06/2027,6.65000,לא צמוד,,104.04,7.4,,True,עדה?,2026-10-08
1217892,אלמוגים  אגח יב,אלמג.ק12,IL0012178922,"אג""ח קונצרני","אלמוגים החזקות בע""מ",513988824,כן,כן,30/06/2031,6.59000,לא צמוד,,96.57,1.6,,True,עדה,2026-10-08
1245026,אלמוגים  אגח יג,אלמג.ק13,IL0012450263,"אג""ח קונצרני","אלמוגים החזקות בע""מ",513988824,כן,כן,31/03/2032,7.03000,לא צמוד,,99.43,0.8,,True,עדה,2026-10-08
6940233,אלקו     אגח יג,אלקו.ק13,IL0069402332,"אג""ח קונצרני","אלקו בע""מ",520025370,כן,כן,16/09/2029,2.04000,לא צמוד,,96.08,3.3,,True,עדה,2026-10-08
1207752,אלקו     אגח יד,אלקו.ק4,IL0012077520,"אג""ח קונצרני","אלקו בע""מ",520025370,כן,כן,30/05/2032,5.98000,לא צמוד,,106.18,2.6,,True,עדה,2026-10-08
7390222,אלקטרה    אגח ה,אלקטה.ק5,IL0073902228,"אג""ח קונצרני","אלקטרה בע""מ",520028911,כן,כן,10/01/2031,4.00000,לא צמוד,,100.34,3.8,,True,עדה?,2026-10-08
7390263,אלקטרה    אגח ו,אלקטה.ק6,IL0073902632,"אג""ח קונצרני","אלקטרה בע""מ",520028911,כן,כן,10/12/2035,2.07000,לא צמוד,,90.56,3.2,,True,עדה?,2026-10-08
5010335,אלקטרה צר אגח א,אמצ.ק1,IL0050103352,"אג""ח קונצרני","אלקטרה מוצרי צריכה (1970) בע""מ",520039967,כן,כן,31/12/2029,2.10000,לא צמוד,,96.74,3.7,,True,עדה?,2026-10-08
1174564,אלקטרהנדלן אגחו,אלקנד.ק6,IL0011745648,"אג""ח קונצרני","אלקטרה נדל""ן בע""מ",510607328,כן,כן,30/05/2030,2.85000,לא צמוד,,95.23,1.6,,True,עדה?,2026-10-08
1203553,אלקטרהנדלן אגחז,אלקנד.ק7,IL0012035536,"אג""ח קונצרני","אלקטרה נדל""ן בע""מ",510607328,כן,כן,30/11/2034,6.07000,לא צמוד,,97.16,-4.9,,True,עדה?,2026-10-08
1167360,סופרגז פא אגח א,ספגז.ק.1,IL0011673600,"אג""ח קונצרני",אלקטרה פאוור (2019),516077989,כן,כן,30/05/2031,1.92273,לא צמוד,,94.96,3.7,,True,עדה?,2026-10-08
1181924,סופרגז פא אגח ב,ספגז.ק2,IL0011819245,"אג""ח קונצרני",אלקטרה פאוור (2019),516077989,כן,כן,30/06/2033,1.99000,לא צמוד,,91.48,3.4,,True,עדה?,2026-10-08
3870169,אלרוב נדלן אגחה,אלרנ.ק5,IL0038701699,"אג""ח קונצרני","אלרוב נדל""ן ומלונאות בע""מ",520038894,כן,כן,31/12/2027,1.50000,מדד המחירים לצרכן,,118.48,4.3,101.2,True,עדה?,2026-10-08
3870185,אלרוב נדלן אגחו,אלרנ.ק6,IL0038701855,"אג""ח קונצרני","אלרוב נדל""ן ומלונאות בע""מ",520038894,כן,כן,01/10/2027,0.50000,מדד המחירים לצרכן,,115.23,4.5,102.4,True,עדה?,2026-10-08
1207471,אלרוב נדלן אגחז,אלרנ.ק7,IL0012074717,"אג""ח קונצרני","אלרוב נדל""ן ומלונאות בע""מ",520038894,כן,כן,30/06/2032,3.47000,מדד המחירים לצרכן,,109.51,3.7,106.9,True,עדה?,2026-10-08
1242437,אמ אר אר  אגח ג,אמרר.ק3,IL0012424375,"אג""ח קונצרני",אמ אר אר ת'ירטין,1983001,כן,כן,15/07/2029,6.20000,לא צמוד,,100.5,0.5,,True,עדה?,2026-10-08
1184308,אמ.די.ג'י אגח ד,אמדג.ק4,IL0011843088,"אג""ח קונצרני",אמ. די. ג'י. ריאל אסטייט גלובל,1840550,כן,כן,15/02/2027,8.00000,לא צמוד,,99.78,3.6,,True,עדה?,2026-10-08
1209170,אמ.די.ג'י אגח ז,אמדג.ק7,IL0012091703,"אג""ח קונצרני",אמ. די. ג'י. ריאל אסטייט גלובל,1840550,כן,כן,31/12/2027,7.95000,לא צמוד,,103.19,2.9,,True,עדה?,2026-10-08
1211655,אמ.די.ג'י אגח ח,אמדג.ק8,IL0012116559,"אג""ח קונצרני",אמ. די. ג'י. ריאל אסטייט גלובל,1840550,כן,כן,30/09/2027,9.30000,לא צמוד,,99.99,2.4,,True,עדה,2026-10-08
1215243,אמ.די.ג'י אגח ט,אמדג.ק9,IL0012152430,"אג""ח קונצרני",אמ. די. ג'י. ריאל אסטייט גלובל,1840550,כן,כן,01/12/2032,8.60000,לא צמוד,,86.33,-10.4,,True,עדה,2026-10-08
1218023,אמ.די.ג'י אגח י,אמדג.ק10,IL0012180233,"אג""ח קונצרני",אמ. די. ג'י. ריאל אסטייט גלובל,1840550,כן,כן,28/02/2028,6.00000,לא צמוד,,98.39,1.4,,True,עדה,2026-10-08
1234327,אמ.די.ג'י אגחיא,אמדג.ק11,IL0012343278,"אג""ח קונצרני",אמ. די. ג'י. ריאל אסטייט גלובל,1840550,כן,כן,01/07/2029,7.40000,לא צמוד,,98.79,2.3,,True,עדה,2026-10-08
1133149,אמות      אגח ד,אמות.ק4,IL0011331498,"אג""ח קונצרני","אמות השקעות בע""מ",520026683,כן,כן,02/07/2028,3.20000,מדד המחירים לצרכן,,121.99,4.1,102.3,True,עדה?,2026-10-08
1158609,אמות      אגח ו,אמות.ק6,IL0011586091,"אג""ח קונצרני","אמות השקעות בע""מ",520026683,כן,כן,03/10/2029,1.14000,מדד המחירים לצרכן,,115.82,4.0,101.7,True,עדה?,2026-10-08
1162866,אמות      אגח ז,אמות.ק7,IL0011628661,"אג""ח קונצרני","אמות השקעות בע""מ",520026683,כן,כן,05/01/2032,2.44000,לא צמוד,,94.92,2.9,,True,עדה?,2026-10-08
1172782,אמות      אגח ח,אמות.ק8,IL0011727828,"אג""ח קונצרני","אמות השקעות בע""מ",520026683,כן,כן,05/01/2032,0.92000,מדד המחירים לצרכן,,113.72,3.1,99.7,True,עדה,2026-10-08
1204999,אמות      אגח ט,אמות.ק9,IL0012049990,"אג""ח קונצרני","אמות השקעות בע""מ",520026683,כן,כן,05/01/2037,3.20000,מדד המחירים לצרכן,,111.52,1.8,105.4,True,עדה,2026-10-08
1205004,אמות      אגח י,אמות.ק10,IL0012050048,"אג""ח קונצרני","אמות השקעות בע""מ",520026683,כן,כן,05/01/2037,5.79000,לא צמוד,,110.1,1.7,,True,עדה,2026-10-08
1229129,אמטראסט   אגח א,אמטר.ק1,IL0012291295,"אג""ח קונצרני",אמטראסט אר.אי. לימיטד,2177996,כן,כן,30/09/2033,6.60000,לא צמוד,,91.3,-4.2,,True,עדה,2026-10-08
1231943,אמטראסט   אגח ב,אמטר.ק2,IL0012319435,"אג""ח קונצרני",אמטראסט אר.אי. לימיטד,2177996,כן,כן,31/05/2030,5.63000,לא צמוד,,100.33,2.3,,True,עדה,2026-10-08
1229285,אמפא      אגח א,אמפא.ק1,IL0012292855,"אג""ח קונצרני","אמפא בע""מ",510000813,כן,כן,01/01/2034,3.32000,מדד המחירים לצרכן,,104.23,2.6,104.2,True,עדה,2026-10-08
1225887,אמריקן אק אגח א,אאפל.ק1,IL0012258872,"אג""ח קונצרני",אמריקן אקוויטי פרטנרס,2160207,כן,כן,01/07/2029,6.60000,לא צמוד,,100.87,2.4,,True,עדה?,2026-10-08
1234814,אמריקן אק אגח ב,אאפל.ק2,IL0012348145,"אג""ח קונצרני",אמריקן אקוויטי פרטנרס,2160207,כן,כן,31/12/2030,6.30000,לא צמוד,,96.28,-1.0,,True,עדה?,2026-10-08
1218130,אנלייט אנ  אג ח,אנלט.ה8,IL0012181306,"אג""ח להמרה","אנלייט אנרגיה מתחדשת בע""מ",520041146,כן,כן,01/09/2033,4.00000,לא צמוד,,264.2,43.3,,True,עדה?,2026-10-08
7200256,אנלייט אנ אגח ד,אנלט.ק4,IL0072002566,"אג""ח קונצרני","אנלייט אנרגיה מתחדשת בע""מ",520041146,כן,כן,02/09/2029,1.50000,לא צמוד,,94.96,3.6,,True,עדה,2026-10-08
7200249,אנלייט אנר אג ג,אנלט.ה3,IL0072002491,"אג""ח להמרה","אנלייט אנרגיה מתחדשת בע""מ",520041146,כן,כן,01/09/2028,0.75000,לא צמוד,,111.8,23.5,,True,עדה?,2026-10-08
1218122,אנלייט אנר אגחז,אנלט.ק7,IL0012181223,"אג""ח קונצרני","אנלייט אנרגיה מתחדשת בע""מ",520041146,כן,כן,01/09/2033,5.00000,לא צמוד,,101.58,2.9,,True,עדה,2026-10-08
1206622,אנקור הזד אגח ב,אנהז.ק2,IL0012066226,"אג""ח קונצרני",אנקור הזדמנויות,2059088,כן,כן,01/01/2029,9.40000,לא צמוד,,101.44,0.2,,True,עדה?,2026-10-08
1220482,אנקור הזד אגח ג,אנהז.ק3,IL0012204827,"אג""ח קונצרני",אנקור הזדמנויות,2059088,כן,כן,15/01/2031,7.70000,לא צמוד,,96.0,-0.9,,True,עדה?,2026-10-08
1168483,אנרג'יקס   אג ב,אנרג.ה2,IL0011684839,"אג""ח להמרה","אנרג'יקס - אנרגיות מתחדשות בע""מ",513901371,כן,כן,01/08/2027,0.25000,לא צמוד,,97.0,4.3,,True,עדה?,2026-10-08
1161751,אנרג'יקס  אגח א,אנרג.ק1,IL0011617516,"אג""ח קונצרני","אנרג'יקס - אנרגיות מתחדשות בע""מ",513901371,כן,כן,01/08/2030,2.05000,לא צמוד,,95.82,3.8,,True,עדה?,2026-10-08
1198175,אנשי העיר אגח א,אנשי.ק1,IL0011981755,"אג""ח קונצרני","אנשי העיר מקבוצת רוטשטיין בע""מ",515790855,כן,כן,31/12/2026,8.90000,לא צמוד,,103.06,4.8,,True,עדה,2026-10-08
1231232,אנשי העיר אגח ב,אנשי.ק2,IL0012312323,"אג""ח קונצרני","אנשי העיר מקבוצת רוטשטיין בע""מ",515790855,כן,כן,30/09/2030,5.50000,לא צמוד,,91.43,6.3,,True,עדה,2026-10-08
4220372,אסאר אקורד אגחב,אסאק.ק2,IL0042203724,"אג""ח קונצרני","אס.אר. אקורד בע""מ",520038670,כן,כן,30/06/2027,1.25000,מדד המחירים לצרכן,,112.03,4.5,105.5,True,עדה?,2026-10-08
1214790,אסאר אקורד אגחג,אסאק.ק3,IL0012147901,"אג""ח קונצרני","אס.אר. אקורד בע""מ",520038670,כן,כן,31/03/2030,7.05000,לא צמוד,,100.65,2.5,,True,עדה,2026-10-08
1142231,אפי נכסים אגח ח,אפנכ.ק8,IL0011422313,"אג""ח קונצרני","אפי נכסים בע""מ",510560188,כן,כן,15/10/2026,2.57000,מדד המחירים לצרכן,,122.97,4.4,100.3,True,עדה,2026-10-08
1160878,אפי נכסים אגח י,אפנכ.ק10,IL0011608788,"אג""ח קונצרני","אפי נכסים בע""מ",510560188,כן,כן,30/03/2029,3.25000,לא צמוד,,98.31,3.7,,True,עדה,2026-10-08
1199603,אפי נכסים אגחטו,אפנכ.ק15,IL0011996035,"אג""ח קונצרני","אפי נכסים בע""מ",510560188,כן,כן,15/10/2029,4.00000,מדד המחירים לצרכן,,113.0,4.3,104.5,True,עדה,2026-10-08
1210947,אפי נכסים אגחטז,אפנכ.ק16,IL0012109471,"אג""ח קונצרני","אפי נכסים בע""מ",510560188,כן,כן,01/10/2034,4.02000,מדד המחירים לצרכן,,111.6,2.7,107.8,True,עדה,2026-10-08
1173764,אפי נכסים אגחיב,אפנכ.ק12,IL0011737645,"אג""ח קונצרני","אפי נכסים בע""מ",510560188,כן,כן,15/09/2027,2.30000,לא צמוד,,98.57,3.8,,True,עדה,2026-10-08
1178292,אפי נכסים אגחיג,אפנכ.ק13,IL0011782922,"אג""ח קונצרני","אפי נכסים בע""מ",510560188,כן,כן,01/07/2029,1.09000,מדד המחירים לצרכן,,115.02,4.2,101.3,True,עדה,2026-10-08
1184530,אפי נכסים אגחיד,אפנכ.ק14,IL0011845307,"אג""ח קונצרני","אפי נכסים בע""מ",510560188,כן,כן,30/03/2031,1.54000,מדד המחירים לצרכן,,112.27,3.8,102.8,True,עדה,2026-10-08
1220383,אפי נכסים אגחיז,אפנכ.ק17,IL0012203837,"אג""ח קונצרני","אפי נכסים בע""מ",510560188,כן,כן,30/03/2033,5.50000,לא צמוד,,103.03,3.4,,True,עדה,2026-10-08
1241967,אפי נכסים אגחיח,אפנכ.ק18,IL0012419672,"אג""ח קונצרני","אפי נכסים בע""מ",510560188,כן,כן,30/11/2034,4.48000,לא צמוד,,98.88,-1.1,,True,עדה,2026-10-08
1199744,אפי קפיטל אגח ג,אפקפ.ק3,IL0011997447,"אג""ח קונצרני","אפי קפיטל נדל""ן בע""מ",513948216,כן,כן,30/06/2027,8.50000,לא צמוד,,103.72,4.3,,True,עדה?,2026-10-08
1212489,אפי קפיטל אגח ד,אפקפ.ק4,IL0012124892,"אג""ח קונצרני","אפי קפיטל נדל""ן בע""מ",513948216,כן,כן,31/12/2028,7.17000,לא צמוד,,105.14,5.2,,True,עדה?,2026-10-08
1217421,אפי קפיטל אגח ה,אפקפ.ק5,IL0012174210,"אג""ח קונצרני","אפי קפיטל נדל""ן בע""מ",513948216,כן,כן,31/12/2029,6.69000,לא צמוד,,100.08,3.5,,True,עדה,2026-10-08
1162825,אפריקה מג אגח ה,אפמג.ק5,IL0011628257,"אג""ח קונצרני","אפריקה ישראל מגורים בע""מ",520034760,כן,כן,31/03/2027,2.40000,לא צמוד,,99.37,3.7,,True,עדה,2026-10-08
1235878,אפריקה מג אגח ו,אפמג.ק6,IL0012358789,"אג""ח קונצרני","אפריקה ישראל מגורים בע""מ",520034760,כן,כן,30/09/2031,4.40000,לא צמוד,,98.77,1.6,,True,עדה,2026-10-08
1214428,אקונרג'י  אגח ב,אקנר.ק2,IL0012144288,"אג""ח קונצרני","אקונרג'י אנרגיה מתחדשת בע""מ",516339777,כן,כן,31/12/2030,6.95000,לא צמוד,,107.43,6.1,,True,עדה,2026-10-08
1235233,אקונרג'י  אגח ג,אקנר.ק3,IL0012352337,"אג""ח קונצרני","אקונרג'י אנרגיה מתחדשת בע""מ",516339777,כן,כן,31/12/2032,5.25000,לא צמוד,,100.57,2.7,,True,עדה,2026-10-08
1244862,אקונרג'י  אגח ד,אקנר.ק4,IL0012448622,"אג""ח קונצרני","אקונרג'י אנרגיה מתחדשת בע""מ",516339777,כן,כן,31/12/2037,5.01000,לא צמוד,,97.33,-2.7,,True,עדה,2026-10-08
1183169,אקסטל     אגח ד,אקסטד.ק4,IL0011831695,"אג""ח קונצרני",אקסטל לימיטד,1811308,כן,כן,31/12/2027,6.50000,לא צמוד,,100.56,7.8,,True,עדה,2026-10-08
1218635,אקסטל     אגח ה,אקסטד.ק5,IL0012186354,"אג""ח קונצרני",אקסטל לימיטד,1811308,כן,כן,31/03/2028,6.02000,לא צמוד,,99.76,5.3,,True,עדה,2026-10-08
1234673,אקסל      אגח א,אקסל.ק1,IL0012346735,"אג""ח קונצרני","אקסל סולושנס גרופ בע""מ",520031345,כן,כן,31/03/2032,5.00000,לא צמוד,,95.79,2.2,,True,עדה?,2026-10-08
3660156,ארי נדלן  אגח א,ארינ.ק1,IL0036601560,"אג""ח קונצרני","ארי נדל""ן ( ארנה) השקעות בע""מ",520038332,כן,כן,01/04/2027,1.90000,מדד המחירים לצרכן,,114.07,3.9,104.1,True,עדה?,2026-10-08
1212331,ארי נדלן  אגח ב,ארינ.ק2,IL0012123316,"אג""ח קונצרני","ארי נדל""ן ( ארנה) השקעות בע""מ",520038332,כן,כן,31/07/2029,3.50000,מדד המחירים לצרכן,,105.91,5.9,108.8,True,עדה?,2026-10-08
2510170,אשטרום נכ אגח 9,אשנכ.ק9,IL0025101705,"אג""ח קונצרני","אשטרום נכסים בע""מ",520036617,כן,כן,01/10/2029,5.01000,לא צמוד,,101.61,3.7,,True,עדה?,2026-10-08
2510204,אשטרום נכ אגח10,אשנכ.ק10,IL0025102042,"אג""ח קונצרני","אשטרום נכסים בע""מ",520036617,כן,כן,02/01/2028,3.34000,מדד המחירים לצרכן,,122.16,3.7,99.2,True,עדה?,2026-10-08
2510238,אשטרום נכ אגח11,אשנכ.ק11,IL0025102380,"אג""ח קונצרני","אשטרום נכסים בע""מ",520036617,כן,כן,30/10/2028,1.83000,מדד המחירים לצרכן,,119.25,3.7,101.3,True,עדה?,2026-10-08
2510279,אשטרום נכ אגח12,אשנכ.ק12,IL0025102794,"אג""ח קונצרני","אשטרום נכסים בע""מ",520036617,כן,כן,01/07/2029,1.53000,מדד המחירים לצרכן,,117.73,3.5,100.1,True,עדה?,2026-10-08
2510303,אשטרום נכ אגח13,אשנכ.ק13,IL0025103032,"אג""ח קונצרני","אשטרום נכסים בע""מ",520036617,כן,כן,31/12/2030,1.30000,מדד המחירים לצרכן,,112.62,4.6,102.4,True,עדה?,2026-10-08
1201896,אשטרום נכ אגח14,אשנכ.ק14,IL0012018961,"אג""ח קונצרני","אשטרום נכסים בע""מ",520036617,כן,כן,01/01/2034,3.68000,מדד המחירים לצרכן,,112.13,3.1,105.1,True,עדה?,2026-10-08
1247493,אשטרום נכ אגח15,אשנכ.ק15,IL0012474933,"אג""ח קונצרני","אשטרום נכסים בע""מ",520036617,כן,כן,31/12/2036,4.80000,לא צמוד,,99.24,-0.8,,True,עדה?,2026-10-08
1215219,אשל הירדן אגח ב,אשלי.ק2,IL0012152190,"אג""ח קונצרני","אשל הירדן יזום ובנין בע""מ",512061185,כן,כן,31/12/2028,7.03000,לא צמוד,,101.76,5.8,,True,עדה,2026-10-08
1225317,אשל הירדן אגח ג,אשלי.ק3,IL0012253170,"אג""ח קונצרני","אשל הירדן יזום ובנין בע""מ",512061185,כן,כן,31/12/2029,8.50000,לא צמוד,,88.85,-1.3,,True,עדה,2026-10-08
1206564,גאון אחז  אגח ה,גאון.ק5,IL0012065640,"אג""ח קונצרני","ב. גאון אחזקות בע""מ",512623950,כן,כן,30/06/2030,7.58000,לא צמוד,,107.31,5.0,,True,עדה?,2026-10-08
1187061,בול מסחר אגח ב,בול.ק2,IL0011870610,"אג""ח קונצרני","בול מסחר והשקעות בע""מ",510992183,כן,כן,30/06/2027,15.00000,לא צמוד,,12.55,2.3,,True,עדה?,2026-10-08
1198829,בוני תכון אגחכא,בנתכ.ק21,IL0011988297,"אג""ח קונצרני","בוני התיכון הנדסה אזרחית ותשתיות בע""מ",520040304,כן,כן,30/06/2028,7.75000,לא צמוד,,106.0,6.8,,True,עדה?,2026-10-08
1218007,בוני תכון אגחכב,בנתכ.ק22,IL0012180076,"אג""ח קונצרני","בוני התיכון הנדסה אזרחית ותשתיות בע""מ",520040304,כן,כן,01/07/2029,6.75000,לא צמוד,,99.15,3.3,,True,עדה?,2026-10-08
1233691,בוני תכון אגחכג,בנתכ.ק23,IL0012336918,"אג""ח קונצרני","בוני התיכון הנדסה אזרחית ותשתיות בע""מ",520040304,כן,כן,01/07/2029,6.40000,לא צמוד,,99.25,2.6,,True,עדה?,2026-10-08
1141050,ביג       אגח ט,ביג.ק9,IL0011410508,"אג""ח קונצרני","ביג מרכזי קניות בע""מ",513623314,כן,כן,20/12/2026,1.95000,מדד המחירים לצרכן,,121.19,3.7,100.3,True,עדה?,2026-10-08
1186188,ביג       אגח כ,ביג.ק20,IL0011861882,"אג""ח קונצרני","ביג מרכזי קניות בע""מ",513623314,כן,כן,01/05/2033,1.87000,מדד המחירים לצרכן,,111.92,3.1,104.1,True,עדה?,2026-10-08
1162221,ביג      אגח טו,ביג.ק15,IL0011622219,"אג""ח קונצרני","ביג מרכזי קניות בע""מ",513623314,כן,כן,31/01/2030,1.17000,מדד המחירים לצרכן,,115.39,3.5,100.8,True,עדה?,2026-10-08
1168442,ביג      אגח טז,ביג.ק16,IL0011684425,"אג""ח קונצרני","ביג מרכזי קניות בע""מ",513623314,כן,כן,28/08/2028,0.69000,מדד המחירים לצרכן,,116.58,3.3,100.2,True,עדה?,2026-10-08
1151117,ביג      אגח יא,ביג.ק11,IL0011511172,"אג""ח קונצרני","ביג מרכזי קניות בע""מ",513623314,כן,כן,20/10/2027,1.82000,מדד המחירים לצרכן,,120.31,3.8,101.3,True,עדה?,2026-10-08
1156231,ביג      אגח יב,ביג.ק12,IL0011562316,"אג""ח קונצרני","ביג מרכזי קניות בע""מ",513623314,כן,כן,25/02/2028,3.35000,מדד המחירים לצרכן,,121.23,4.1,101.5,True,עדה?,2026-10-08
1159516,ביג      אגח יג,ביג.ק13,IL0011595167,"אג""ח קונצרני","ביג מרכזי קניות בע""מ",513623314,כן,כן,25/03/2029,0.78000,מדד המחירים לצרכן,,115.48,4.0,101.1,True,עדה?,2026-10-08
1168459,ביג      אגח יז,ביג.ק17,IL0011684599,"אג""ח קונצרני","ביג מרכזי קניות בע""מ",513623314,כן,כן,28/08/2028,0.69000,מדד המחירים לצרכן,,116.04,2.6,100.2,True,עדה?,2026-10-08
1174226,ביג      אגח יח,ביג.ק18,IL0011742264,"אג""ח קונצרני","ביג מרכזי קניות בע""מ",513623314,כן,כן,30/03/2031,1.33000,מדד המחירים לצרכן,,115.33,3.5,100.0,True,עדה?,2026-10-08
1181007,ביג      אגח יט,ביג.ק19,IL0011810079,"אג""ח קונצרני","ביג מרכזי קניות בע""מ",513623314,כן,כן,30/10/2029,2.09000,לא צמוד,,95.4,2.9,,True,עדה?,2026-10-08
1202217,ביג      אגח כא,ביג.ק21,IL0012022179,"אג""ח קונצרני","ביג מרכזי קניות בע""מ",513623314,כן,כן,03/07/2030,2.60000,מדד המחירים לצרכן,,108.37,3.0,105.1,True,עדה?,2026-10-08
1224948,ביג      אגח כב,ביג.ק22,IL0012249483,"אג""ח קונצרני","ביג מרכזי קניות בע""מ",513623314,כן,כן,10/12/2029,2.74000,מדד המחירים לצרכן,,104.36,2.6,102.8,True,עדה,2026-10-08
1224955,ביג      אגח כג,ביג.ק23,IL0012249558,"אג""ח קונצרני","ביג מרכזי קניות בע""מ",513623314,כן,כן,10/01/2031,2.78000,מדד המחירים לצרכן,,103.57,2.8,102.8,True,עדה,2026-10-08
1227032,ביג      אגח כד,ביג.ק24,IL0012270323,"אג""ח קונצרני","ביג מרכזי קניות בע""מ",513623314,כן,כן,10/08/2034,3.06000,מדד המחירים לצרכן,,104.03,2.8,103.1,True,עדה,2026-10-08
1236181,ביג      אגח כה,ביג.ק25,IL0012361817,"אג""ח קונצרני","ביג מרכזי קניות בע""מ",513623314,כן,כן,21/11/2032,2.37000,מדד המחירים לצרכן,,100.75,1.4,103.6,True,עדה,2026-10-08
1224989,בית וגג   אגח א,ביגג.ק1,IL0012249897,"אג""ח קונצרני","בית וגג יזמות ונדל""ן בע""מ",516501640,כן,כן,31/03/2030,5.68000,לא צמוד,,99.5,3.1,,True,עדה?,2026-10-08
6040679,לאומי $ 2033 רמ,לאמ.33רמ,IL0060406795,אגח הוני ניתן להמרה,"בנק לאומי לישראל בע""מ",520018078,כן,כן,18/07/2033,7.12900,לא צמוד,,338.1,0.0,0.0,True,עדה?,2026-10-08
1241678,לאומי $ 2036 רמ,לאמ.36רמ,IL0012416785,אגח הוני ניתן להמרה,"בנק לאומי לישראל בע""מ",520018078,כן,כן,09/09/2036,5.73980,לא צמוד,,293.8,0.0,,True,עדה?,2026-10-08
1205897,לאומי אגח  2-רמ,לאמ.2רמ,IL0012058975,"אג""ח קונצרני","בנק לאומי לישראל בע""מ",520018078,כן,כן,25/08/2030,5.63070,לא צמוד,,100.0,0.0,,True,עדה,2026-10-08
1215029,לאומי אגח  3-רמ,לאמ.3רמ,IL0012150293,"אג""ח קונצרני","בנק לאומי לישראל בע""מ",520018078,כן,כן,24/05/2035,3.69000,מדד המחירים לצרכן,,104.62,1.3,108.7,True,עדה,2026-10-08
1221928,לאומי אגח  4-רמ,לאמ.4רמ,IL0012219288,"אג""ח קונצרני","בנק לאומי לישראל בע""מ",520018078,כן,כן,24/06/2029,5.53070,לא צמוד,,101.19,0.0,,True,עדה,2026-10-08
1237809,לאומי אגח  5-רמ,לאמ.5רמ,IL0012378092,"אג""ח קונצרני","בנק לאומי לישראל בע""מ",520018078,כן,כן,24/09/2030,5.43070,לא צמוד,,100.0,0.0,,True,עדה,2026-10-08
6040539,לאומי אגח 182,לאמ.ק182,IL0060405391,"אג""ח קונצרני","בנק לאומי לישראל בע""מ",520018078,כן,כן,25/11/2027,0.10000,מדד המחירים לצרכן,,114.78,4.0,102.4,True,עדה,2026-10-08
6040547,לאומי אגח 183,לאמ.ק183,IL0060405474,"אג""ח קונצרני","בנק לאומי לישראל בע""מ",520018078,כן,כן,25/11/2029,0.10000,מדד המחירים לצרכן,,109.24,2.9,102.4,True,עדה,2026-10-08
6040604,לאומי אגח 184,לאמ.ק184,IL0060406043,"אג""ח קונצרני","בנק לאומי לישראל בע""מ",520018078,כן,כן,05/05/2030,2.76000,לא צמוד,,99.17,3.5,,True,עדה,2026-10-08
1201821,לאומי אגח 185,לאמ.ק185,IL0012018219,"אג""ח קונצרני","בנק לאומי לישראל בע""מ",520018078,כן,כן,31/08/2029,1.86000,מדד המחירים לצרכן,,107.48,3.8,105.1,True,עדה,2026-10-08
1201839,לאומי אגח 186,לאמ.ק186,IL0012018391,"אג""ח קונצרני","בנק לאומי לישראל בע""מ",520018078,כן,כן,30/11/2033,2.02000,מדד המחירים לצרכן,,106.76,2.4,105.1,True,עדה,2026-10-08
1228659,לאומי אגח 187,לאמ.ק187,IL0012286592,"אג""ח קונצרני","בנק לאומי לישראל בע""מ",520018078,כן,כן,01/05/2034,4.59000,לא צמוד,,102.18,1.5,,True,עדה,2026-10-08
1228667,לאומי אגח 188,לאמ.ק188,IL0012286675,"אג""ח קונצרני","בנק לאומי לישראל בע""מ",520018078,כן,כן,01/08/2036,2.60000,מדד המחירים לצרכן,,102.07,1.0,103.5,True,עדה,2026-10-08
6040398,לאומי התח נד402,לאמ.ק402,IL0060403982,אגח הוני ניתן להמרה,"בנק לאומי לישראל בע""מ",520018078,כן,כן,31/07/2033,2.78000,מדד המחירים לצרכן,,121.4,3.8,101.2,True,עדה?,2026-10-08
6040620,לאומי התח נד405,לאמ.ק405,IL0060406209,אגח הוני ניתן להמרה,"בנק לאומי לישראל בע""מ",520018078,כן,כן,27/03/2033,1.50000,מדד המחירים לצרכן,,114.87,4.0,103.5,True,עדה?,2026-10-08
1216423,לאומי התח נד406,לאמ.ק406,IL0012164237,אגח הוני ניתן להמרה,"בנק לאומי לישראל בע""מ",520018078,כן,כן,28/02/2036,3.10000,מדד המחירים לצרכן,,107.28,2.7,108.4,True,עדה?,2026-10-08
1238195,לאומי התח נד407,לאמ.ק407,IL0012381955,אגח הוני ניתן להמרה,"בנק לאומי לישראל בע""מ",520018078,כן,כן,31/03/2037,4.69000,לא צמוד,,102.17,2.2,,True,עדה?,2026-10-08
6040687,לאומי2027$בכ רמ,לאמ.27רמ,IL0060406878,"אג""ח קונצרני","בנק לאומי לישראל בע""מ",520018078,כן,כן,27/07/2027,5.12500,לא צמוד,,340.44,0.0,0.0,True,עדה,2026-10-08
1243377,לאומי2029$בכ רמ,לאמ.29רמ,IL0012433772,"אג""ח קונצרני","בנק לאומי לישראל בע""מ",520018078,כן,כן,29/06/2029,5.34300,לא צמוד,,297.9,0.0,,True,עדה?,2026-10-08
1246305,לאומי2029Eמג רמ,לאמ.29-מ,IL0012463050,"אג""ח קונצרני","בנק לאומי לישראל בע""מ",520018078,כן,כן,03/09/2029,3.60900,לא צמוד,,350.99,251.0,,True,עדה?,2026-10-08
1234335,לאומי2031Eמג רמ,לאמ31ירמ,IL0012343351,"אג""ח קונצרני","בנק לאומי לישראל בע""מ",520018078,כן,כן,22/01/2031,3.19700,לא צמוד,,367.54,0.0,,True,עדה,2026-10-08
1243385,לאומי2033$בכ רמ,לאמ.33-מ,IL0012433855,"אג""ח קונצרני","בנק לאומי לישראל בע""מ",520018078,כן,כן,29/06/2033,5.64200,לא צמוד,,297.9,0.0,,True,עדה?,2026-10-08
1224849,ג'יטי נדלן אגחא,גיטי.ק1,IL0012248493,"אג""ח קונצרני","ג'י טי נדל""ן בע""מ",515763894,כן,כן,30/06/2030,3.55000,מדד המחירים לצרכן,,103.82,4.1,102.8,True,עדה,2026-10-08
1200922,ג'י.אס.אי אגח א,גסאפ.ק1,IL0012009226,"אג""ח מובנות","ג'י.אס.אי פקדונות בע""מ",516816451,כן,כן,30/11/2033,,לא צמוד,,114.9,3.3,,True,עדה?,2026-10-08
1210483,ג'י.אס.אי אגח ב,גסאפ.ק2,IL0012104837,"אג""ח מובנות","ג'י.אס.אי פקדונות בע""מ",516816451,כן,כן,31/08/2032,,לא צמוד,,110.4,3.2,,True,עדה,2026-10-08
1226117,ג'י.אס.אי אגח ג,גסאפ.ק3,IL0012261173,"אג""ח מובנות","ג'י.אס.אי פקדונות בע""מ",516816451,כן,כן,30/07/2035,,לא צמוד,,106.12,4.3,,True,עדה,2026-10-08
1202647,ג'י.אף.אי אגח ה,גיאפ.ק5,IL0012026477,"אג""ח קונצרני",ג'י.אפ.איי ריאל אסטייט,1852623,כן,כן,01/12/2026,9.95582,לא צמוד,,59.62,-42.9,,True,עדה?,2026-10-08
1218767,ג'י.אף.אי אגח ו,גיאפ.ק6,IL0012187675,"אג""ח קונצרני",ג'י.אפ.איי ריאל אסטייט,1852623,כן,כן,28/02/2031,10.00000,לא צמוד,,34.39,-58.9,,True,עדה?,2026-10-08
1177526,ג'נרישן קפ אגחב,גנרש.ק2,IL0011775264,"אג""ח קונצרני","ג'נריישן קפיטל בע""מ",515846558,כן,כן,30/06/2031,0.75000,מדד המחירים לצרכן,,113.16,4.0,101.3,True,עדה?,2026-10-08
1184555,ג'נרישן קפ אגחג,גנרש.ק3,IL0011845554,"אג""ח קונצרני","ג'נריישן קפיטל בע""מ",515846558,כן,כן,30/09/2033,0.75000,מדד המחירים לצרכן,,107.84,3.6,102.8,True,עדה?,2026-10-08
1214964,ג'נרישן קפ אגחד,גנרש.ה4,IL0012149642,"אג""ח להמרה","ג'נריישן קפיטל בע""מ",515846558,כן,כן,31/12/2029,4.00000,לא צמוד,,222.7,37.2,,True,עדה?,2026-10-08
1211796,גבאי מניבאגח טו,גבמנ.ק15,IL0012117961,"אג""ח קונצרני","גבאי מניבים ופיתוח בע""מ",520032178,כן,כן,31/12/2029,8.14000,לא צמוד,,101.43,1.7,,True,עדה,2026-10-08
7710262,גבאי מניבאגח יב,גבמנ.ק12,IL0077102627,"אג""ח קונצרני","גבאי מניבים ופיתוח בע""מ",520032178,כן,כן,30/06/2027,4.19000,לא צמוד,,99.64,6.8,,True,עדה?,2026-10-08
7710296,גבאי מניבאגח יג,גבמנ.ק13,IL0077102965,"אג""ח קונצרני","גבאי מניבים ופיתוח בע""מ",520032178,כן,כן,30/06/2027,6.25000,לא צמוד,,101.96,9.2,,True,עדה?,2026-10-08
1193176,גבאי מניבאגח יד,גבמנ.ק14,IL0011931768,"אג""ח קונצרני","גבאי מניבים ופיתוח בע""מ",520032178,כן,כן,31/12/2027,6.30000,לא צמוד,,102.3,3.5,,True,עדה?,2026-10-08
1218205,גילת טלקום אג ד,גלטל.ה4,IL0012182056,"אג""ח להמרה","גילת טלקום גלובל בע""מ",520041674,כן,כן,01/04/2031,5.50000,לא צמוד,,203.4,70.8,,True,עדה?,2026-10-08
1179290,גלובל כנפ אגח ג,גלכנ.ק3,IL0011792905,"אג""ח קונצרני","גלובל כנפיים ליסינג בע""מ",513342444,כן,כן,10/04/2028,4.86040,לא צמוד,,101.49,6.3,,True,עדה?,2026-10-08
1226018,גלעד מאי  אגח ג,גמאי.ק3,IL0012260183,"אג""ח קונצרני","גלעד מאי חברה להשקעות בניה ופיתוח בע""מ",513177345,כן,כן,01/07/2029,6.38000,לא צמוד,,99.14,4.2,,True,עדה?,2026-10-08
1200880,גלעד פקדון אגחא,גלפק.ק1,IL0012008806,"אג""ח מובנות","גלעד פקדונות בע""מ",515742930,כן,כן,30/11/2031,,לא צמוד,,113.77,3.1,,True,עדה,2026-10-08
1210541,גלעד פקדון אגחב,גלפק.ק2,IL0012105412,"אג""ח מובנות","גלעד פקדונות בע""מ",515742930,כן,כן,31/12/2034,,לא צמוד,,110.31,3.1,,True,עדה,2026-10-08
1214501,גלעד פקדון אגחג,גלפק.ק3,IL0012145012,"אג""ח מובנות","גלעד פקדונות בע""מ",515742930,כן,כן,01/07/2035,,לא צמוד,,108.38,3.1,,True,עדה,2026-10-08
1215037,גלעד פקדון אגחד,גלפק.ק4,IL0012150376,"אג""ח מובנות","גלעד פקדונות בע""מ",515742930,כן,כן,01/07/2035,,לא צמוד,,107.43,2.6,,True,עדה,2026-10-08
1219112,גלעד פקדון אגחה,גלפק.ק5,IL0012191123,"אג""ח מובנות","גלעד פקדונות בע""מ",515742930,כן,כן,31/10/2035,,לא צמוד,,107.88,3.2,,True,עדה,2026-10-08
1216589,גלעד פקדון אגחו,גלפק.ק6,IL0012165895,"אג""ח מובנות","גלעד פקדונות בע""מ",515742930,כן,כן,02/06/2031,,דולר,,90.33,-2.3,3.615,True,עדה,2026-10-08
1223841,גמא       אגח ד,גמא.ק4,IL0012238411,"אג""ח קונצרני","גמא ניהול וסליקה בע""מ",512711789,כן,כן,10/01/2030,4.89890,לא צמוד,,101.01,2.5,,True,עדה,2026-10-08
1242825,גמא       אגח ה,גמא.ק5,IL0012428251,"אג""ח קונצרני","גמא ניהול וסליקה בע""מ",512711789,כן,כן,20/12/2030,4.24000,לא צמוד,,100.83,0.8,,True,עדה,2026-10-08
1199686,גפן מגורים אג א,גפנמ.ה1,IL0011996860,"אג""ח להמרה","גפן מגורים והתחדשות בע""מ",512781386,כן,כן,01/10/2028,7.00000,לא צמוד,,160.2,11.0,,True,עדה?,2026-10-08
1208933,גשם למשתכן אגחא,גשממ.ק1,IL0012089335,"אג""ח קונצרני","גשם למשתכן בע""מ",515541415,כן,כן,31/03/2027,9.14000,לא צמוד,,103.2,6.5,,True,עדה,2026-10-08
1227305,גשם למשתכן אגחב,גשממ.ק2,IL0012273053,"אג""ח קונצרני","גשם למשתכן בע""מ",515541415,כן,כן,01/07/2029,9.53000,לא צמוד,,99.4,3.1,,True,עדה,2026-10-08
1178920,דה לסר    אגח ז,דלסר.ק7,IL0011789208,"אג""ח קונצרני",דה לסר גרופ,1427976,כן,כן,30/06/2028,8.60822,לא צמוד,,40.15,-38.6,,True,עדה,2026-10-08
1193192,דה לסר    אגח ח,דלסר.ק8,IL0011931925,"אג""ח קונצרני",דה לסר גרופ,1427976,כן,כן,31/12/2026,6.80000,לא צמוד,,97.03,3.3,,True,עדה,2026-10-08
1205681,דה לסר    אגח ט,דלסר.ק9,IL0012056813,"אג""ח קונצרני",דה לסר גרופ,1427976,כן,כן,30/06/2031,9.76767,לא צמוד,,33.26,-58.3,,True,עדה,2026-10-08
1157700,דור אלון  אגח ז,דראל.ק7,IL0011577009,"אג""ח קונצרני","דור-אלון אנרגיה בישראל (1988) בע""מ/",520043878,כן,כן,30/09/2027,3.29000,לא צמוד,,99.32,3.5,,True,עדה,2026-10-08
1236934,דור אלון  אגח ט,דראל.ק9,IL0012369349,"אג""ח קונצרני","דור-אלון אנרגיה בישראל (1988) בע""מ/",520043878,כן,כן,31/12/2035,4.50000,לא צמוד,,99.42,0.9,,True,עדה,2026-10-08
1175199,דור אלון אגח  ח,דראל.ק8,IL0011751992,"אג""ח קונצרני","דור-אלון אנרגיה בישראל (1988) בע""מ/",520043878,כן,כן,31/12/2032,0.60000,מדד המחירים לצרכן,,110.39,3.2,100.6,True,עדה,2026-10-08
1191170,רייק אספן אגח א,רייק.ק1,IL0011911703,"אג""ח קונצרני",דיויד לנדמרק יזמות על שם אופק שלי יזמות,514978097,כן,כן,31/03/2027,8.42880,לא צמוד,,100.54,4.2,,True,עדה?,2026-10-08
1226984,רייק אספן אגח ב,רייק.ק2,IL0012269846,"אג""ח קונצרני",דיויד לנדמרק יזמות על שם אופק שלי יזמות,514978097,כן,כן,31/12/2029,7.90000,לא צמוד,,99.13,5.7,,True,עדה?,2026-10-08
1196179,דלק נכסים אגח א,דלנכ.ק1,IL0011961799,"אג""ח קונצרני","דלק ישראל נכסים (ד.פ.) בע""מ",516378643,כן,כן,30/09/2030,4.40000,מדד המחירים לצרכן,,114.45,3.7,104.0,True,עדה?,2026-10-08
1224633,דניאל פק  אגח א,דנפק.ק1,IL0012246331,"אג""ח מובנות","דניאל פקדונות בע""מ",517122495,כן,כן,02/07/2035,,לא צמוד,,106.6,3.6,,True,עדה,2026-10-08
1227206,דניאל פק  אגח ב,דנפק.ק2,IL0012272063,"אג""ח מובנות","דניאל פקדונות בע""מ",517122495,כן,כן,14/08/2035,,לא צמוד,,106.15,4.1,,True,עדה,2026-10-08
1230432,דניאל פק  אגח ג,דנפק.ק3,IL0012304320,"אג""ח מובנות","דניאל פקדונות בע""מ",517122495,כן,כן,23/10/2035,,לא צמוד,,104.32,3.3,,True,עדה,2026-10-08
1236959,דניאל פק  אגח ד,דנפק.ק4,IL0012369596,"אג""ח מובנות","דניאל פקדונות בע""מ",517122495,כן,כן,24/02/2036,,לא צמוד,,102.68,2.7,,True,עדה,2026-10-08
1244821,דניאל פק  אגח ה,דנפק.ק5,IL0012448218,"אג""ח מובנות","דניאל פקדונות בע""מ",517122495,כן,כן,14/07/2036,,לא צמוד,,101.1,1.1,,True,עדה,2026-10-08
1239920,דניאל פק  אגח ו,דנפק.ק6,IL0012399205,"אג""ח מובנות","דניאל פקדונות בע""מ",517122495,כן,כן,30/04/2036,,לא צמוד,,101.9,1.9,,True,עדה,2026-10-08
1185537,בינל הנפ התח כו,בנהנ.ק26,IL0011855371,אגח הוני ניתן למחיקה,"הבינלאומי הראשון הנפקות בע""מ",513141879,כן,כן,31/03/2033,1.09000,מדד המחירים לצרכן,,114.02,3.7,103.5,True,עדה,2026-10-08
1189497,בינל הנפ התח כז,בנהנ.ק27,IL0011894974,אגח הוני ניתן למחיקה,"הבינלאומי הראשון הנפקות בע""מ",513141879,כן,כן,13/03/2034,2.99000,מדד המחירים לצרכן,,115.18,3.9,107.1,True,עדה,2026-10-08
1182385,בינל הנפק אגחיב,בנהנ.ק12,IL0011823858,"אג""ח קונצרני","הבינלאומי הראשון הנפקות בע""מ",513141879,כן,כן,07/12/2027,0.10000,מדד המחירים לצרכן,,115.83,3.8,102.4,True,עדה,2026-10-08
1228469,בינל הנפק אגחיג,בנהנ.ק13,IL0012284696,"אג""ח קונצרני","הבינלאומי הראשון הנפקות בע""מ",513141879,כן,כן,04/09/2028,2.52000,מדד המחירים לצרכן,,102.89,3.6,103.5,True,עדה,2026-10-08
1238237,בינל הנפק אגחיד,בנהנ.ק14,IL0012382375,"אג""ח קונצרני","הבינלאומי הראשון הנפקות בע""מ",513141879,כן,כן,23/09/2029,2.14000,מדד המחירים לצרכן,,101.51,2.6,103.5,True,עדה,2026-10-08
5760301,חברהלישראלאגח14,חל.ק14,IL0057603016,"אג""ח קונצרני","החברה לישראל בע""מ",520028010,כן,כן,30/06/2028,2.20000,לא צמוד,,98.33,3.3,,True,עדה?,2026-10-08
5760327,חברהלישראלאגח15,חל.ק15,IL0057603271,"אג""ח קונצרני","החברה לישראל בע""מ",520028010,כן,כן,31/07/2030,2.74000,לא צמוד,,96.87,3.6,,True,עדה?,2026-10-08
1206770,הילה      אגח ב,הילה.ק2,IL0012067703,"אג""ח קונצרני","הילה מגדלי משרדים בע""מ",515164143,כן,כן,31/12/2027,4.50000,מדד המחירים לצרכן,,103.22,2.8,106.9,True,עדה?,2026-10-08
1209063,הילה      אגח ג,הילה.ק3,IL0012090630,"אג""ח קונצרני","הילה מגדלי משרדים בע""מ",515164143,כן,כן,31/12/2028,5.75000,מדד המחירים לצרכן,,103.82,-1.9,107.2,True,עדה?,2026-10-08
1230416,הילה      אגח ד,הילה.ק4,IL0012304163,"אג""ח קונצרני","הילה מגדלי משרדים בע""מ",515164143,כן,כן,31/12/2029,5.20000,מדד המחירים לצרכן,,96.87,1.2,103.6,True,עדה,2026-10-08
1156025,הכש חב בטוחאגח4,הכבט.ק4,IL0011560252,"אג""ח קונצרני","הכשרה חברה לביטוח בע""מ",520042177,כן,כן,02/01/2028,5.45000,לא צמוד,,106.7,6.6,,True,עדה?,2026-10-08
7670250,הפניקס    אגח 4,פנקס.ק4,IL0076702500,"אג""ח קונצרני","הפניקס פיננסים בע""מ",520017450,כן,כן,31/07/2028,5.04000,לא צמוד,,101.34,2.4,,True,עדה,2026-10-08
7670284,הפניקס    אגח 5,פנקס.ק5,IL0076702849,"אג""ח קונצרני","הפניקס פיננסים בע""מ",520017450,כן,כן,01/05/2030,0.44000,מדד המחירים לצרכן,,114.29,3.5,100.4,True,עדה,2026-10-08
7670334,הפניקס    אגח 6,פנקס.ק6,IL0076703342,"אג""ח קונצרני","הפניקס פיננסים בע""מ",520017450,כן,כן,31/12/2032,1.94000,לא צמוד,,93.3,2.9,,True,עדה,2026-10-08
1234632,הפניקס    אגח 7,פנקס.ה7,IL0012346321,"אג""ח להמרה","הפניקס פיננסים בע""מ",520017450,כן,כן,30/06/2028,2.50000,לא צמוד,,111.2,6.7,,True,עדה?,2026-10-08
1143130,הראל הנפ אגח טו,הרהנ.ק15,IL0011431306,"אג""ח קונצרני","הראל ביטוח מימון והנפקות בע""מ",513834200,כן,כן,31/12/2034,3.05000,לא צמוד,,94.44,2.4,,True,עדה,2026-10-08
1136316,הראל הנפ אגח יא,הרהנ.ק11,IL0011363160,"אג""ח קונצרני","הראל ביטוח מימון והנפקות בע""מ",513834200,כן,כן,31/12/2030,4.36000,לא צמוד,,102.28,3.7,,True,עדה,2026-10-08
1138163,הראל הנפ אגח יב,הרהנ.ק12,IL0011381634,"אג""ח קונצרני","הראל ביטוח מימון והנפקות בע""מ",513834200,כן,כן,31/12/2031,3.95000,לא צמוד,,100.9,2.8,,True,עדה,2026-10-08
1138171,הראל הנפ אגח יג,הרהנ.ק13,IL0011381717,"אג""ח קונצרני","הראל ביטוח מימון והנפקות בע""מ",513834200,כן,כן,31/12/2032,3.95000,לא צמוד,,100.75,3.0,,True,עדה,2026-10-08
1143122,הראל הנפ אגח יד,הרהנ.ק14,IL0011431223,"אג""ח קונצרני","הראל ביטוח מימון והנפקות בע""מ",513834200,כן,כן,01/01/2034,3.05000,לא צמוד,,95.85,2.7,,True,עדה,2026-10-08
1161454,הראל הנפ אגח יז,הרהנ.ק17,IL0011614547,"אג""ח קונצרני","הראל ביטוח מימון והנפקות בע""מ",513834200,כן,כן,31/12/2030,1.79000,לא צמוד,,98.04,3.4,,True,עדה,2026-10-08
1182666,הראל הנפ אגח יח,הרהנ.ק18,IL0011826661,"אג""ח קונצרני","הראל ביטוח מימון והנפקות בע""מ",513834200,כן,כן,31/12/2035,2.63000,לא צמוד,,90.53,2.2,,True,עדה,2026-10-08
1192772,הראל הנפ אגח יט,הרהנ.ק19,IL0011927725,"אג""ח קונצרני","הראל ביטוח מימון והנפקות בע""מ",513834200,כן,כן,31/12/2032,4.38000,לא צמוד,,101.57,2.8,,True,עדה,2026-10-08
1228345,הראל הנפ אגח כב,הרהנ.ק22,IL0012283458,"אג""ח קונצרני","הראל ביטוח מימון והנפקות בע""מ",513834200,כן,כן,31/12/2037,4.80000,לא צמוד,,101.48,1.5,,True,עדה,2026-10-08
1228352,הראל הנפ אגח כג,הרהנ.ק23,IL0012283524,"אג""ח קונצרני","הראל ביטוח מימון והנפקות בע""מ",513834200,כן,כן,31/12/2038,4.80000,לא צמוד,,100.73,1.1,,True,עדה,2026-10-08
1134048,הראל הנפק אגח י,הרהנ.ק10,IL0011340481,"אג""ח קונצרני","הראל ביטוח מימון והנפקות בע""מ",513834200,כן,כן,31/12/2029,2.40000,מדד המחירים לצרכן,,120.26,3.4,102.1,True,עדה,2026-10-08
1207984,הראל הנפק אגח כ,הרהנ.ק20,IL0012079849,"אג""ח קונצרני","הראל ביטוח מימון והנפקות בע""מ",513834200,כן,כן,31/12/2036,6.02000,לא צמוד,,110.1,1.8,,True,עדה,2026-10-08
1220607,הראל הנפק נד כא,הרהנ.ק21,IL0012206079,אגח הוני ניתן למחיקה,"הראל ביטוח מימון והנפקות בע""מ",513834200,כן,כן,01/07/2074,5.85000,לא צמוד,,107.18,1.5,,True,עדה,2026-10-08
1242593,הראל הנפק נד כד,הרהנ.ק24,IL0012425935,אגח הוני ניתן למחיקה,"הראל ביטוח מימון והנפקות בע""מ",513834200,כן,כן,30/06/2076,4.67000,לא צמוד,,97.47,-2.5,,True,עדה,2026-10-08
5850110,הראל השק אגח א,הראל.ק1,IL0058501102,"אג""ח קונצרני","הראל השקעות בביטוח ושירותים פיננסים בע""מ",520033986,כן,כן,31/12/2035,1.95000,לא צמוד,,90.45,2.0,,True,עדה,2026-10-08
1224815,הראלבט אגח ב-רמ,הרב.ק2רמ,IL0012248154,"אג""ח קונצרני","הראל חברה לביטוח בע""מ",520004078,כן,כן,25/03/2029,5.05826,לא צמוד,,100.0,0.0,,True,עדה,2026-10-08
1162502,הראל פיקד אגח ב,הרפק.ק2,IL0011625022,"אג""ח מובנות","הראל פיקדון סחיר בע""מ",515989440,כן,כן,24/01/2027,1.20000,לא צמוד,,107.7,3.8,,True,עדה,2026-10-08
1191386,הראל פיקד אגח ג,הרפק.ק3,IL0011913865,"אג""ח מובנות","הראל פיקדון סחיר בע""מ",515989440,כן,כן,01/12/2028,,לא צמוד,,118.77,3.1,,True,עדה,2026-10-08
1209113,הראל פיקד אגח ד,הרפק.ק4,IL0012091133,"אג""ח מובנות","הראל פיקדון סחיר בע""מ",515989440,כן,כן,22/07/2032,,לא צמוד,,110.65,3.1,,True,עדה,2026-10-08
1235944,הראל פיקד אגח ה,הרפק.ק5,IL0012359449,"אג""ח מובנות","הראל פיקדון סחיר בע""מ",515989440,כן,כן,05/02/2036,,לא צמוד,,102.99,3.0,,True,עדה,2026-10-08
1246412,הראל פיקד אגח ו,הרפק.ק6,IL0012464124,"אג""ח מובנות","הראל פיקדון סחיר בע""מ",515989440,כן,כן,25/08/2036,,לא צמוד,,100.84,0.8,,True,עדה,2026-10-08
1214360,הראל ריב  אגח א,הריב.ק1,IL0012143603,"אג""ח מובנות","הראל ריביות ופיקדונות בע""מ",516561875,כן,כן,03/12/2034,,לא צמוד,,109.48,3.2,,True,עדה,2026-10-08
1218783,הראל ריב  אגח ב,הריב.ק2,IL0012187832,"אג""ח מובנות","הראל ריביות ופיקדונות בע""מ",516561875,כן,כן,06/03/2035,,לא צמוד,,108.05,3.2,,True,עדה,2026-10-08
1221993,הראל ריב  אגח ג,הריב.ק3,IL0012219932,"אג""ח מובנות","הראל ריביות ופיקדונות בע""מ",516561875,כן,כן,22/05/2035,,לא צמוד,,106.28,3.4,,True,עדה,2026-10-08
1228584,הראל ריב  אגח ד,הריב.ק4,IL0012285842,"אג""ח מובנות","הראל ריביות ופיקדונות בע""מ",516561875,כן,כן,09/09/2035,,לא צמוד,,105.74,4.0,,True,עדה,2026-10-08
1229202,הראל ריב  אגח ה,הריב.ק5,IL0012292020,"אג""ח מובנות","הראל ריביות ופיקדונות בע""מ",516561875,כן,כן,18/09/2035,,לא צמוד,,104.74,2.8,,True,עדה,2026-10-08
1240761,הראל ריב  אגח ו,הריב.ק6,IL0012407610,"אג""ח מובנות","הראל ריביות ופיקדונות בע""מ",516561875,כן,כן,07/05/2036,,לא צמוד,,101.9,1.9,,True,עדה,2026-10-08
1231463,וויי בוקס  אג ז,ובקס.ה7,IL0012314634,"אג""ח להמרה","וויי - בוקס נדל""ן בע""מ",520038688,כן,כן,31/12/2029,5.00000,לא צמוד,,95.3,-2.9,,True,עדה?,2026-10-08
1204841,וויי בוקס אגח ה,ובקס.ק5,IL0012048414,"אג""ח קונצרני","וויי - בוקס נדל""ן בע""מ",520038688,כן,כן,31/03/2027,7.91575,לא צמוד,,100.71,4.9,,True,עדה,2026-10-08
1214881,וויי בוקס אגח ו,ובקס.ק6,IL0012148818,"אג""ח קונצרני","וויי - בוקס נדל""ן בע""מ",520038688,כן,כן,01/07/2029,7.33693,לא צמוד,,102.3,4.0,,True,עדה,2026-10-08
1229228,ווישור    אגח א,וושר.ק1,IL0012292285,"אג""ח קונצרני","ווישור גלובלטק בע""מ",515559169,כן,כן,31/03/2032,4.25000,לא צמוד,,96.86,4.8,,True,עדה,2026-10-08
1205566,נכסים בנ אגח יא,נכבנ.ק11,IL0012055666,"אג""ח קונצרני","חברה לנכסים ולבנין בע""מ",520025438,כן,כן,24/12/2027,6.63000,לא צמוד,,104.4,3.6,,True,עדה?,2026-10-08
1237239,נכסים בנ אגח יב,נכבנ.ק12,IL0012372392,"אג""ח קונצרני","חברה לנכסים ולבנין בע""מ",520025438,כן,כן,31/12/2032,3.02000,מדד המחירים לצרכן,,102.12,3.1,103.3,True,עדה,2026-10-08
1237247,נכסים בנ אגח יג,נכבנ.ק13,IL0012372475,"אג""ח קונצרני","חברה לנכסים ולבנין בע""מ",520025438,כן,כן,31/12/2032,4.72000,לא צמוד,,99.66,1.2,,True,עדה,2026-10-08
1193630,נכסים ובנ אגח י,נכבנ.ק10,IL0011936304,"אג""ח קונצרני","חברה לנכסים ולבנין בע""מ",520025438,כן,כן,01/07/2029,3.62000,מדד המחירים לצרכן,,114.37,3.5,102.3,True,עדה?,2026-10-08
7590151,גב ים     אגח ח,גבים.ק8,IL0075901517,"אג""ח קונצרני","חברת גב-ים לקרקעות בע""מ",520001736,כן,כן,30/06/2034,2.55000,לא צמוד,,93.03,2.7,,True,עדה?,2026-10-08
7590219,גב ים     אגח ט,גבים.ק9,IL0075902192,"אג""ח קונצרני","חברת גב-ים לקרקעות בע""מ",520001736,כן,כן,30/06/2033,0.50000,מדד המחירים לצרכן,,110.95,2.9,100.4,True,עדה,2026-10-08
7590284,גב ים     אגח י,גבים.ק10,IL0075902846,"אג""ח קונצרני","חברת גב-ים לקרקעות בע""מ",520001736,כן,כן,01/07/2035,0.59000,מדד המחירים לצרכן,,107.32,2.7,102.8,True,עדה,2026-10-08
1208339,גב ים    אגח יא,גבים.ק11,IL0012083395,"אג""ח קונצרני","חברת גב-ים לקרקעות בע""מ",520001736,כן,כן,31/03/2030,3.34000,מדד המחירים לצרכן,,107.56,3.9,107.1,True,עדה,2026-10-08
1222587,גב ים    אגח יב,גבים.ק12,IL0012225871,"אג""ח קונצרני","חברת גב-ים לקרקעות בע""מ",520001736,כן,כן,31/03/2036,3.28000,מדד המחירים לצרכן,,104.78,2.9,103.1,True,עדה,2026-10-08
6000210,חשמל     אגח 27,חשמל.ק27,IL0060002107,"אג""ח קונצרני","חברת החשמל לישראל בע""מ",520000472,כן,כן,12/04/2029,3.85000,מדד המחירים לצרכן,,123.87,3.6,99.4,True,עדה?,2026-10-08
6000285,חשמל     אגח 31,חשמל.ק31,IL0060002859,"אג""ח קונצרני","חברת החשמל לישראל בע""מ",520000472,כן,כן,21/09/2031,2.39000,מדד המחירים לצרכן,,119.22,2.6,101.5,True,עדה?,2026-10-08
6000384,חשמל     אגח 32,חשמל.ק32,IL0060003840,"אג""ח קונצרני","חברת החשמל לישראל בע""מ",520000472,כן,כן,22/07/2027,1.00000,מדד המחירים לצרכן,,117.31,3.9,101.4,True,עדה?,2026-10-08
6000392,חשמל     אגח 33,חשמל.ק33,IL0060003923,"אג""ח קונצרני","חברת החשמל לישראל בע""מ",520000472,כן,כן,30/05/2036,1.25000,מדד המחירים לצרכן,,102.15,0.4,101.3,True,עדה?,2026-10-08
1196781,חשמל     אגח 34,חשמל.ק34,IL0011967812,"אג""ח קונצרני","חברת החשמל לישראל בע""מ",520000472,כן,כן,12/06/2033,3.00000,מדד המחירים לצרכן,,112.45,2.1,104.0,True,עדה?,2026-10-08
1196799,חשמל     אגח 35,חשמל.ק35,IL0011967994,"אג""ח קונצרני","חברת החשמל לישראל בע""מ",520000472,כן,כן,12/06/2037,3.20000,מדד המחירים לצרכן,,112.84,0.5,104.0,True,עדה?,2026-10-08
1221589,חשמל     אגח 36,חשמל.ק36,IL0012215898,"אג""ח קונצרני","חברת החשמל לישראל בע""מ",520000472,כן,כן,11/05/2034,2.99000,מדד המחירים לצרכן,,106.83,2.4,102.0,True,עדה?,2026-10-08
1221597,חשמל     אגח 37,חשמל.ק37,IL0012215971,"אג""ח קונצרני","חברת החשמל לישראל בע""מ",520000472,כן,כן,12/05/2041,3.26000,מדד המחירים לצרכן,,107.87,0.8,102.0,True,עדה?,2026-10-08
1239656,חשמל     אגח 38,חשמל.ק38,IL0012396565,"אג""ח קונצרני","חברת החשמל לישראל בע""מ",520000472,כן,כן,23/04/2035,2.68000,מדד המחירים לצרכן,,101.98,2.0,103.9,True,עדה?,2026-10-08
1239664,חשמל     אגח 39,חשמל.ק39,IL0012396649,"אג""ח קונצרני","חברת החשמל לישראל בע""מ",520000472,כן,כן,23/04/2056,3.24000,מדד המחירים לצרכן,,102.26,2.3,103.9,True,עדה?,2026-10-08
6000244,חשמל דולר2028רמ,חש28ד.רמ,IL0060002446,"אג""ח קונצרני","חברת החשמל לישראל בע""מ",520000472,כן,כן,14/08/2028,4.25000,לא צמוד,,1.0,0.0,,True,עדה?,2026-10-08
6000400,חשמל דולר2032רמ,חש32ד.רמ,IL0060004004,"אג""ח קונצרני","חברת החשמל לישראל בע""מ",520000472,כן,כן,23/02/2032,3.75000,לא צמוד,,321.9,0.0,0.0,True,עדה?,2026-10-08
1234988,חשמל דולר2038רמ,חש.38$רמ,IL0012349887,"אג""ח קונצרני","חברת החשמל לישראל בע""מ",520000472,כן,כן,28/01/2038,5.63300,לא צמוד,,309.1,0.0,,True,עדה?,2026-10-08
6000186,חשמל צמוד2029רמ,חש29צ.רמ,IL0060001869,"אג""ח קונצרני","חברת החשמל לישראל בע""מ",520000472,כן,כן,07/05/2029,6.00000,מדד המחירים לצרכן,,127.7,0.0,101.8,True,עדה?,2026-10-08
1156397,פרטנר     אגח ז,פרטנר.ק7,IL0011563975,"אג""ח קונצרני","חברת פרטנר תקשורת בע""מ",520044314,כן,כן,25/06/2027,4.00000,לא צמוד,,101.12,3.2,,True,עדה?,2026-10-08
1229442,חלל תקש   אגח כ,חלל.ק20,IL0012294422,"אג""ח קונצרני","חלל-תקשורת בע""מ",511396046,כן,כן,01/01/2034,8.75000,דולר,,95.94,-0.7,3.34,True,עדה?,2026-10-08
1229434,חלל תקש  אגח יט,חלל.ק19,IL0012294349,"אג""ח קונצרני","חלל-תקשורת בע""מ",511396046,כן,כן,01/01/2034,7.60000,לא צמוד,,104.39,1.8,,True,עדה?,2026-10-08
1230580,מור השקעות אגחב,מרהש.ק2,IL0012305806,"אג""ח קונצרני","י.ד. מור השקעות בע""מ",513834606,כן,כן,31/07/2033,2.50000,לא צמוד,,93.69,3.3,,True,עדה?,2026-10-08
1168368,דמרי      אגח ט,דמרי.ק9,IL0011683682,"אג""ח קונצרני","י.ח. דמרי בניה ופיתוח בע""מ",511399388,כן,כן,31/12/2027,2.58000,לא צמוד,,99.69,3.8,,True,עדה?,2026-10-08
1186162,דמרי      אגח י,דמרי.ק10,IL0011861627,"אג""ח קונצרני","י.ח. דמרי בניה ופיתוח בע""מ",511399388,כן,כן,30/06/2030,4.00000,לא צמוד,,100.31,3.6,,True,עדה,2026-10-08
1211606,דמרי אגח יא,דמרי.ק11,IL0012116062,"אג""ח קונצרני","י.ח. דמרי בניה ופיתוח בע""מ",511399388,כן,כן,30/06/2032,6.12000,לא צמוד,,106.55,3.0,,True,עדה,2026-10-08
1219336,יוזמות    אגח א,יוזמ.ק1,IL0012193368,"אג""ח קונצרני","יוזמות - פיתוח נדל""ן בע""מ",516182128,כן,כן,01/01/2029,7.15360,לא צמוד,,98.8,3.4,,True,עדה?,2026-10-08
1233758,יוזמות    אגח ב,יוזמ.ק2,IL0012337585,"אג""ח קונצרני","יוזמות - פיתוח נדל""ן בע""מ",516182128,כן,כן,01/10/2030,8.95000,לא צמוד,,91.0,-2.3,,True,עדה?,2026-10-08
1160670,יוניברסל  אגח ג,יומי.ק3,IL0011606709,"אג""ח קונצרני","יוניברסל מוטורס ישראל בע""מ",511809071,כן,כן,10/08/2027,1.05000,מדד המחירים לצרכן,,117.88,3.7,101.0,True,עדה?,2026-10-08
1172253,יוניברסל  אגח ד,יומי.ק4,IL0011722530,"אג""ח קונצרני","יוניברסל מוטורס ישראל בע""מ",511809071,כן,כן,11/02/2029,2.18000,לא צמוד,,98.12,3.6,,True,עדה?,2026-10-08
1192608,יוניברסל  אגח ה,יומי.ק5,IL0011926081,"אג""ח קונצרני","יוניברסל מוטורס ישראל בע""מ",511809071,כן,כן,10/02/2031,2.20000,מדד המחירים לצרכן,,111.06,3.9,107.7,True,עדה?,2026-10-08
1192616,יוניברסל  אגח ו,יומי.ק6,IL0011926164,"אג""ח קונצרני","יוניברסל מוטורס ישראל בע""מ",511809071,כן,כן,10/02/2031,4.68000,לא צמוד,,101.23,3.4,,True,עדה?,2026-10-08
1224690,יצוא      אגח ב,יצוא.ק2,IL0012246901,"אג""ח קונצרני","יצוא חברה להשקעות בע""מ",520025156,כן,כן,21/12/2031,5.03000,לא צמוד,,102.62,3.9,,True,עדה,2026-10-08
1202290,ישפרו     אגח א,ישפר.ק1,IL0012022906,"אג""ח קונצרני","ישפרו בע""מ",516291754,כן,כן,31/12/2027,4.65387,מדד המחירים לצרכן,,109.82,3.2,105.1,True,עדה,2026-10-08
1215763,ישפרו     אגח ב,ישפר.ק2,IL0012157637,"אג""ח קונצרני","ישפרו בע""מ",516291754,כן,כן,31/01/2028,6.69000,לא צמוד,,101.27,1.9,,True,עדה,2026-10-08
1223353,ישפרו     אגח ג,ישפר.ק3,IL0012233537,"אג""ח קונצרני","ישפרו בע""מ",516291754,כן,כן,30/09/2032,4.99000,מדד המחירים לצרכן,,95.0,-1.8,103.1,True,עדה,2026-10-08
1232974,ישפרו     אגח ד,ישפר.ק4,IL0012329749,"אג""ח קונצרני","ישפרו בע""מ",516291754,כן,כן,31/03/2032,3.58000,מדד המחירים לצרכן,,99.21,1.9,104.1,True,עדה,2026-10-08
1204767,ישראייר אג א,ישרג.ה1,IL0012047671,"אג""ח להמרה","ישראייר גרופ בע""מ",510291750,כן,כן,28/02/2030,4.91644,לא צמוד,,112.0,7.6,,True,עדה?,2026-10-08
1205129,ישראכרט   אגח ב,ישכט.ק2,IL0012051293,"אג""ח קונצרני","ישראכרט בע""מ",510706153,כן,כן,31/03/2028,4.45000,לא צמוד,,100.8,3.6,,True,עדה,2026-10-08
1228337,ישראכרט אגחג-רמ,ישכט.ק3מ,IL0012283375,אגח הוני ניתן למחיקה,"ישראכרט בע""מ",510706153,כן,כן,10/09/2036,3.84000,מדד המחירים לצרכן,,107.84,4.5,103.5,True,עדה,2026-10-08
4340212,ישראל קנדה אגחז,ישקנ.ק7,IL0043402127,"אג""ח קונצרני","ישראל-קנדה (ט.ר) בע""מ",520039298,כן,כן,30/06/2027,3.95000,לא צמוד,,100.8,4.1,,True,עדה?,2026-10-08
1207836,ישראל קנדה אגחח,ישקנ.ק8,IL0012078361,"אג""ח קונצרני","ישראל-קנדה (ט.ר) בע""מ",520039298,כן,כן,30/06/2031,6.95000,לא צמוד,,105.66,3.0,,True,עדה,2026-10-08
1241058,ישראל קנדה אגחט,ישקנ.ק9,IL0012410580,"אג""ח קונצרני","ישראל-קנדה (ט.ר) בע""מ",520039298,כן,כן,30/04/2034,5.29000,לא צמוד,,98.63,-1.4,,True,עדה?,2026-10-08
6130207,ישרס     אגח טו,ישרס.ק15,IL0061302076,"אג""ח קונצרני","ישרס - חברה להשקעות בע""מ",520017807,כן,כן,16/05/2027,1.58000,מדד המחירים לצרכן,,121.46,3.9,99.1,True,עדה,2026-10-08
6130223,ישרס     אגח טז,ישרס.ק16,IL0061302233,"אג""ח קונצרני","ישרס - חברה להשקעות בע""מ",520017807,כן,כן,30/07/2031,2.40000,מדד המחירים לצרכן,,121.51,3.8,100.3,True,עדה,2026-10-08
6130199,ישרס     אגח יד,ישרס.ק14,IL0061301995,"אג""ח קונצרני","ישרס - חברה להשקעות בע""מ",520017807,כן,כן,01/03/2027,5.05000,לא צמוד,,101.15,4.0,,True,עדה?,2026-10-08
6130280,ישרס     אגח יח,ישרס.ק18,IL0061302803,"אג""ח קונצרני","ישרס - חברה להשקעות בע""מ",520017807,כן,כן,10/04/2030,0.84000,מדד המחירים לצרכן,,112.47,3.3,101.0,True,עדה,2026-10-08
6130348,ישרס     אגח יט,ישרס.ק19,IL0061303488,"אג""ח קונצרני","ישרס - חברה להשקעות בע""מ",520017807,כן,כן,31/03/2036,1.50000,מדד המחירים לצרכן,,108.89,3.1,103.5,True,עדה,2026-10-08
1241900,ישרס     אגח כ,ישרס.ק20,IL0012419003,"אג""ח קונצרני","ישרס - חברה להשקעות בע""מ",520017807,כן,כן,01/06/2040,2.72000,מדד המחירים לצרכן,,99.13,-0.9,105.1,True,עדה?,2026-10-08
1193341,להב       אגח ג,להב.ק3,IL0011933418,"אג""ח קונצרני","להב אל. אר. רילאסטייט בע""מ",520034257,כן,כן,10/07/2028,3.73000,מדד המחירים לצרכן,,113.84,3.9,108.0,True,עדה?,2026-10-08
1222496,ליאם      אגח א,ליאם.ק1,IL0012224965,"אג""ח קונצרני","ליאם הנדסה גרופ חריש מרכז עסקים בע""מ",516586047,כן,כן,30/06/2030,8.00000,לא צמוד,,91.04,2.7,,True,עדה,2026-10-08
1230051,ליוינג סטן אגחא,ליוי.ק1,IL0012300518,"אג""ח קונצרני",ליווינג סטון איימו,863439895,כן,כן,31/12/2029,7.18000,לא צמוד,,97.31,0.5,,True,עדה?,2026-10-08
1190099,לייטסטון  אגח ג,לטסט.ק3,IL0011900995,"אג""ח קונצרני",לייטסטון אנטרפרייזס,1838682,כן,כן,30/04/2028,5.75000,לא צמוד,,102.16,3.7,,True,עדה,2026-10-08
1204296,לייטסטון  אגח ד,לטסט.ק4,IL0012042961,"אג""ח קונצרני",לייטסטון אנטרפרייזס,1838682,כן,כן,15/02/2028,5.90000,לא צמוד,,101.41,3.3,,True,עדה,2026-10-08
1212588,לייטסטון  אגח ה,לטסט.ק5,IL0012125881,"אג""ח קונצרני",לייטסטון אנטרפרייזס,1838682,כן,כן,30/04/2031,7.07000,לא צמוד,,97.4,-3.4,,True,עדה,2026-10-08
1216514,לייטסטון  אגח ו,לטסט.ק6,IL0012165143,"אג""ח קונצרני",לייטסטון אנטרפרייזס,1838682,כן,כן,15/08/2029,5.53000,לא צמוד,,98.84,0.9,,True,עדה,2026-10-08
1236553,לייטסטון  אגח ז,לטסט.ק7,IL0012365537,"אג""ח קונצרני",לייטסטון אנטרפרייזס,1838682,כן,כן,30/04/2034,6.56000,לא צמוד,,92.48,-7.5,,True,עדה,2026-10-08
1227628,לנטרה קנדה אגחא,לנטר.ק1,IL0012276288,"אג""ח קונצרני",לנטרה קנדה אנטרפרייזס לימיטד פרטנרשיפ,1001171286,כן,כן,31/12/2028,6.40000,לא צמוד,,101.68,3.5,,True,עדה?,2026-10-08
1186865,מלרן      אגח ד,מלרן.ק4,IL0011868655,"אג""ח קונצרני","מ.ל.ר.ן. פרוייקטים ומסחר בע""מ",514097591,כן,כן,30/06/2027,7.85000,לא צמוד,,102.0,4.4,,True,עדה?,2026-10-08
1212679,מלרן      אגח ה,מלרן.ק5,IL0012126798,"אג""ח קונצרני","מ.ל.ר.ן. פרוייקטים ומסחר בע""מ",514097591,כן,כן,30/09/2029,8.95000,לא צמוד,,104.72,2.8,,True,עדה?,2026-10-08
1219310,מלרן      אגח ו,מלרן.ק6,IL0012193103,"אג""ח קונצרני","מ.ל.ר.ן. פרוייקטים ומסחר בע""מ",514097591,כן,כן,31/10/2029,7.95000,לא צמוד,,103.34,2.2,,True,עדה?,2026-10-08
1238617,מלרן      אגח ז,מלרן.ק7,IL0012386178,"אג""ח קונצרני","מ.ל.ר.ן. פרוייקטים ומסחר בע""מ",514097591,כן,כן,30/09/2032,7.66000,לא צמוד,,98.19,2.0,,True,עדה?,2026-10-08
2260438,מבנה אגח טז,מבנה.ק16,IL0022604388,"אג""ח קונצרני","מבנה נדל""ן (כ.ד) בע""מ",520024126,כן,כן,30/06/2028,5.65000,לא צמוד,,103.5,3.6,,True,עדה?,2026-10-08
2260446,מבנה אגח יז,מבנה.ק17,IL0022604461,"אג""ח קונצרני","מבנה נדל""ן (כ.ד) בע""מ",520024126,כן,כן,30/06/2028,3.70000,מדד המחירים לצרכן,,123.15,3.9,102.0,True,עדה?,2026-10-08
2260487,מבנה אגח יט,מבנה.ק19,IL0022604875,"אג""ח קונצרני","מבנה נדל""ן (כ.ד) בע""מ",520024126,כן,כן,31/03/2027,2.60000,מדד המחירים לצרכן,,120.5,3.4,99.2,True,עדה?,2026-10-08
2260495,מבנה אגח כ,מבנה.ק20,IL0022604958,"אג""ח קונצרני","מבנה נדל""ן (כ.ד) בע""מ",520024126,כן,כן,31/12/2029,2.81000,מדד המחירים לצרכן,,123.44,4.1,100.0,True,עדה?,2026-10-08
2260552,מבנה אגח כד,מבנה.ק24,IL0022605526,"אג""ח קונצרני","מבנה נדל""ן (כ.ד) בע""מ",520024126,כן,כן,30/06/2028,2.60000,מדד המחירים לצרכן,,121.96,3.9,100.7,True,עדה?,2026-10-08
2260636,מבנה אגח כה,מבנה.ק25,IL0022606367,"אג""ח קונצרני","מבנה נדל""ן (כ.ד) בע""מ",520024126,כן,כן,30/09/2033,0.35000,מדד המחירים לצרכן,,106.03,2.8,102.3,True,עדה?,2026-10-08
1220714,מבנה אגח כו,מבנה.ק26,IL0012207143,"אג""ח קונצרני","מבנה נדל""ן (כ.ד) בע""מ",520024126,כן,כן,31/03/2034,3.24000,מדד המחירים לצרכן,,105.63,2.4,102.0,True,עדה,2026-10-08
1243401,מבנה אגח כז,מבנה.ק27,IL0012434010,"אג""ח קונצרני","מבנה נדל""ן (כ.ד) בע""מ",520024126,כן,כן,31/03/2038,2.73000,מדד המחירים לצרכן,,97.91,-1.3,105.1,True,עדה?,2026-10-08
1141696,מגה אור   אגח ז,מגאר.ק7,IL0011416968,"אג""ח קונצרני","מגה אור החזקות בע""מ",513257873,כן,כן,30/08/2027,2.05000,מדד המחירים לצרכן,,121.42,4.3,99.9,True,עדה?,2026-10-08
1147602,מגה אור   אגח ח,מגאר.ק8,IL0011476020,"אג""ח קונצרני","מגה אור החזקות בע""מ",513257873,כן,כן,31/03/2027,1.40000,מדד המחירים לצרכן,,119.28,3.5,100.7,True,עדה?,2026-10-08
1165141,מגה אור   אגח ט,מגאר.ק9,IL0011651416,"אג""ח קונצרני","מגה אור החזקות בע""מ",513257873,כן,כן,28/02/2030,0.84000,מדד המחירים לצרכן,,115.33,4.0,100.4,True,עדה?,2026-10-08
1178367,מגה אור  אגח  י,מגאר.ק10,IL0011783672,"אג""ח קונצרני","מגה אור החזקות בע""מ",513257873,כן,כן,31/03/2032,0.50000,מדד המחירים לצרכן,,107.35,2.6,101.3,True,עדה?,2026-10-08
1178375,מגה אור  אגח יא,מגאר.ק11,IL0011783755,"אג""ח קונצרני","מגה אור החזקות בע""מ",513257873,כן,כן,31/03/2032,0.97000,מדד המחירים לצרכן,,109.01,3.4,101.3,True,עדה?,2026-10-08
1211283,מגה אור  אגח יב,מגאר.ק12,IL0012112830,"אג""ח קונצרני","מגה אור החזקות בע""מ",513257873,כן,כן,01/05/2033,3.18000,מדד המחירים לצרכן,,108.35,2.8,107.8,True,עדה?,2026-10-08
1175975,מגוריט    אגח ג,מגרט.ק3,IL0011759755,"אג""ח קונצרני","מגוריט ישראל בע""מ",515434074,כן,כן,01/10/2028,0.30000,מדד המחירים לצרכן,,113.71,4.0,100.9,True,עדה?,2026-10-08
1185834,מגוריט    אגח ד,מגרט.ק4,IL0011858342,"אג""ח קונצרני","מגוריט ישראל בע""מ",515434074,כן,כן,31/03/2027,0.30000,מדד המחירים לצרכן,,113.84,3.3,103.5,True,עדה?,2026-10-08
1203504,מגוריט    אגח ו,מגרט.ק6,IL0012035049,"אג""ח קונצרני","מגוריט ישראל בע""מ",515434074,כן,כן,31/12/2026,0.30000,מדד המחירים לצרכן,,107.01,4.0,105.0,True,עדה?,2026-10-08
1216621,מגוריט    אגח ז,מגרט.ק7,IL0012166216,"אג""ח קונצרני","מגוריט ישראל בע""מ",515434074,כן,כן,01/07/2029,0.50000,מדד המחירים לצרכן,,99.3,4.4,108.4,True,עדה?,2026-10-08
1227057,מגוריט    אגח ח,מגרט.ק8,IL0012270570,"אג""ח קונצרני","מגוריט ישראל בע""מ",515434074,כן,כן,30/06/2032,0.50000,מדד המחירים לצרכן,,92.57,3.2,103.1,True,עדה?,2026-10-08
1231307,מגוריט    אגח ט,מגרט.ק9,IL0012313073,"אג""ח קונצרני","מגוריט ישראל בע""מ",515434074,כן,כן,31/12/2028,0.50000,מדד המחירים לצרכן,,97.36,4.6,103.6,True,עדה?,2026-10-08
1231315,מגוריט    אגח י,מגרט.ק10,IL0012313156,"אג""ח קונצרני","מגוריט ישראל בע""מ",515434074,כן,כן,31/12/2029,0.50000,מדד המחירים לצרכן,,94.84,4.4,103.6,True,עדה?,2026-10-08
1234376,מגוריט   אגח יא,מגרט.ק11,IL0012343765,"אג""ח קונצרני","מגוריט ישראל בע""מ",515434074,כן,כן,30/09/2033,0.50000,מדד המחירים לצרכן,,91.12,3.6,103.6,True,עדה?,2026-10-08
1240860,מגוריט   אגח יב,מגרט.ק12,IL0012408600,"אג""ח קונצרני","מגוריט ישראל בע""מ",515434074,כן,כן,30/06/2034,0.50000,מדד המחירים לצרכן,,88.04,2.9,103.9,True,עדה?,2026-10-08
1216373,מגידו     אגח א,מגדו.ק1,IL0012163734,"אג""ח קונצרני","מגידו י.ק. בע""מ",510542855,כן,כן,31/12/2028,5.73000,לא צמוד,,102.43,2.6,,True,עדה?,2026-10-08
1234590,מגידו     אגח ב,מגדו.ק2,IL0012345901,"אג""ח קונצרני","מגידו י.ק. בע""מ",510542855,כן,כן,30/06/2032,5.17000,לא צמוד,,98.0,0.4,,True,עדה?,2026-10-08
1211457,מהדרין    אגח א,מהדרן.ק1,IL0012114570,"אג""ח קונצרני","מהדרין בע""מ",520018482,כן,כן,30/06/2030,4.09000,מדד המחירים לצרכן,,108.07,3.8,108.8,True,עדה,2026-10-08
1236413,מהדרין    אגח ב,מהדרן.ק2,IL0012364134,"אג""ח קונצרני","מהדרין בע""מ",520018482,כן,כן,30/06/2031,5.25000,לא צמוד,,99.86,1.8,,True,עדה,2026-10-08
1223809,מותג עירוניאגחא,מותג.ק1,IL0012238098,"אג""ח קונצרני","מותג עירוני בע""מ",514870831,כן,כן,31/12/2028,8.10000,לא צמוד,,103.47,5.4,,True,עדה?,2026-10-08
1235969,מטריקס     אג 2,מטרקס.ה2,IL0012359696,"אג""ח להמרה","מטריקס אי. טי. בע""מ",520039413,כן,כן,02/02/2031,0.50000,לא צמוד,,89.9,-11.0,,True,עדה?,2026-10-08
1189646,מטריקס    אגח ב,מטרקס.ק2,IL0011896466,"אג""ח קונצרני","מטריקס אי. טי. בע""מ",520039413,כן,כן,01/02/2030,4.10000,לא צמוד,,100.88,3.4,,True,עדה?,2026-10-08
1225770,מידאס      אג 2,מדאס.ה2,IL0012257700,"אג""ח להמרה","מידאס השקעות בנדל""ן בע""מ",520039496,כן,כן,31/12/2029,5.70822,לא צמוד,,66.6,-29.6,,True,עדה?,2026-10-08
5440284,מידאס     אגח ד,מדאס.ק4,IL0054402842,"אג""ח קונצרני","מידאס השקעות בנדל""ן בע""מ",520039496,כן,כן,31/12/2026,1.90000,מדד המחירים לצרכן,,106.77,-1.1,102.4,True,עדה?,2026-10-08
1212695,מידאס     אגח ה,מדאס.ק5,IL0012126954,"אג""ח קונצרני","מידאס השקעות בנדל""ן בע""מ",520039496,כן,כן,01/07/2029,6.94822,מדד המחירים לצרכן,,75.0,-21.9,108.6,True,עדה?,2026-10-08
1224617,מיה דינמיקס אג1,מיה.ה1,IL0012246174,"אג""ח להמרה","מיה דיינמיקס מוטורס בע""מ",520039900,כן,כן,31/12/2029,5.00000,לא צמוד,,45.3,-55.1,,True,עדה?,2026-10-08
1161371,מיטב השק אגח ד,מיטב.ק4,IL0011613713,"אג""ח קונצרני","מיטב בית השקעות בע""מ",520043795,כן,כן,10/12/2029,2.11000,לא צמוד,,97.58,3.1,,True,עדה?,2026-10-08
1206663,בלאקאדג'  אגח ג,בלקג.ק3,IL0012066630,"אג""ח קונצרני","מיכמן בס""ד",515185999,כן,כן,01/07/2029,7.00000,לא צמוד,,100.7,2.7,,True,עדה?,2026-10-08
1215110,בלאקאדג'  אגח ד,בלקג.ק4,IL0012151101,"אג""ח קונצרני","מיכמן בס""ד",515185999,כן,כן,01/04/2029,7.15000,לא צמוד,,98.7,2.6,,True,עדה?,2026-10-08
1228782,בלאקאדג'  אגח ה,בלקג.ק5,IL0012287822,"אג""ח קונצרני","מיכמן בס""ד",515185999,כן,כן,30/09/2030,7.40000,לא צמוד,,94.7,1.3,,True,עדה?,2026-10-08
1182831,מימון ישיר אגחה,מישק.ק5,IL0011828311,"אג""ח קונצרני","מימון ישיר מקבוצת ישיר (2006) בע""מ",513893123,כן,כן,31/07/2031,1.00000,מדד המחירים לצרכן,,112.85,3.9,102.4,True,עדה?,2026-10-08
1191659,מימון ישיר אגחו,מישק.ק6,IL0011916595,"אג""ח קונצרני","מימון ישיר מקבוצת ישיר (2006) בע""מ",513893123,כן,כן,31/03/2027,3.54000,מדד המחירים לצרכן,,111.6,4.3,107.6,True,עדה?,2026-10-08
1220128,מימון ישיר אגחז,מישק.ק7,IL0012201286,"אג""ח קונצרני","מימון ישיר מקבוצת ישיר (2006) בע""מ",513893123,כן,כן,01/04/2035,3.52000,מדד המחירים לצרכן,,105.99,3.2,101.5,True,עדה?,2026-10-08
1242601,מימון ישיר אגחח,מישק.ק8,IL0012426016,"אג""ח קונצרני","מימון ישיר מקבוצת ישיר (2006) בע""מ",513893123,כן,כן,30/06/2036,2.85000,מדד המחירים לצרכן,,100.04,0.0,105.1,True,עדה,2026-10-08
1208818,מימוןמשכ אגא-רמ,משכנ.ק1מ,IL0012088188,"אג""ח קונצרני","מימון ישיר נדל""ן ומשכנתאות בע""מ",516100153,כן,כן,31/12/2031,4.45000,מדד המחירים לצרכן,,107.1,0.1,107.1,True,עדה,2026-10-08
1178797,מישורים   אגח ט,מישר.ק9,IL0011787970,"אג""ח קונצרני","מישורים השקעות נדל""ן בע""מ",511491839,כן,כן,31/12/2028,3.37000,מדד המחירים לצרכן,,113.78,0.1,101.4,True,עדה?,2026-10-08
1212547,מישורים   אגח י,מישר.ק10,IL0012125477,"אג""ח קונצרני","מישורים השקעות נדל""ן בע""מ",511491839,כן,כן,31/12/2030,5.10000,מדד המחירים לצרכן,,98.66,-5.0,108.8,True,עדה?,2026-10-08
3230422,מליסרון   אגח כ,מלסר.ק20,IL0032304227,"אג""ח קונצרני","מליסרון בע""מ",520037789,כן,כן,01/07/2030,0.25000,מדד המחירים לצרכן,,108.54,3.3,101.8,True,עדה?,2026-10-08
3230265,מליסרון  אגח טז,מלסר.ק16,IL0032302650,"אג""ח קונצרני","מליסרון בע""מ",520037789,כן,כן,01/04/2027,2.35000,מדד המחירים לצרכן,,120.66,3.5,98.9,True,עדה?,2026-10-08
3230273,מליסרון  אגח יז,מלסר.ק17,IL0032302734,"אג""ח קונצרני","מליסרון בע""מ",520037789,כן,כן,01/01/2032,2.25000,מדד המחירים לצרכן,,121.56,3.7,99.9,True,עדה?,2026-10-08
3230372,מליסרון  אגח יח,מלסר.ק18,IL0032303724,"אג""ח קונצרני","מליסרון בע""מ",520037789,כן,כן,02/07/2028,0.65000,מדד המחירים לצרכן,,116.42,3.6,100.4,True,עדה?,2026-10-08
3230398,מליסרון  אגח יט,מלסר.ק19,IL0032303989,"אג""ח קונצרני","מליסרון בע""מ",520037789,כן,כן,01/07/2029,1.43000,מדד המחירים לצרכן,,117.47,3.7,100.2,True,עדה?,2026-10-08
1194638,מליסרון  אגח כא,מלסר.ק21,IL0011946386,"אג""ח קונצרני","מליסרון בע""מ",520037789,כן,כן,01/01/2037,3.61000,מדד המחירים לצרכן,,115.55,2.9,102.8,True,עדה?,2026-10-08
1233238,מליסרון  אגח כב,מלסר.ק22,IL0012332388,"אג""ח קונצרני","מליסרון בע""מ",520037789,כן,כן,10/07/2040,2.95000,מדד המחירים לצרכן,,102.42,2.3,104.1,True,עדה,2026-10-08
1143411,מנורה הון התח ה,מנמה.ק5,IL0011434110,"אג""ח קונצרני","מנורה מבטחים גיוס הון בע""מ",513937714,כן,כן,30/06/2032,3.43000,לא צמוד,,98.96,2.9,,True,עדה,2026-10-08
1184191,מנורה הון התח ז,מנמה.ק7,IL0011841918,"אג""ח קונצרני","מנורה מבטחים גיוס הון בע""מ",513937714,כן,כן,01/01/2034,2.98000,לא צמוד,,95.03,2.1,,True,עדה,2026-10-08
1199470,מנורה הון התח ח,מנמה.ק8,IL0011994709,"אג""ח קונצרני","מנורה מבטחים גיוס הון בע""מ",513937714,כן,כן,01/07/2036,5.28000,לא צמוד,,105.11,1.4,,True,עדה,2026-10-08
1219369,מנורה הון התח ט,מנמה.ק9,IL0012193699,"אג""ח קונצרני","מנורה מבטחים גיוס הון בע""מ",513937714,כן,כן,30/09/2035,5.02000,לא צמוד,,102.29,1.3,,True,עדה,2026-10-08
1229004,מנורה הון התח י,מנמה.ק10,IL0012290040,אגח הוני ניתן למחיקה,"מנורה מבטחים גיוס הון בע""מ",513937714,כן,כן,30/11/2074,5.18000,לא צמוד,,103.26,1.2,,True,עדה,2026-10-08
1247295,מנורה הון התחיא,מנמה.ק11,IL0012472952,"אג""ח קונצרני","מנורה מבטחים גיוס הון בע""מ",513937714,כן,כן,30/09/2037,4.32000,לא צמוד,,97.31,-2.7,,True,עדה?,2026-10-08
1131911,מנורה התח ג-ל,מנמה.ג-ל,IL0011319113,"אג""ח קונצרני","מנורה מבטחים גיוס הון בע""מ",513937714,כן,כן,,,,,,,,False,עדה?,2026-10-08
1550169,מנרב      אגח ד,מנרב.ק4,IL0015501690,"אג""ח קונצרני",מנרב אחזקות,520034505,כן,כן,15/04/2032,1.82000,מדד המחירים לצרכן,,113.43,4.1,102.8,True,עדה?,2026-10-08
1204692,מנרב      אגח ה,מנרב.ק5,IL0012046921,"אג""ח קונצרני",מנרב אחזקות,520034505,כן,כן,31/12/2026,5.75000,לא צמוד,,101.86,4.6,,True,עדה?,2026-10-08
1217355,מנרב      אגח ו,מנרב.ק6,IL0012173550,"אג""ח קונצרני",מנרב אחזקות,520034505,כן,כן,01/01/2034,5.99000,לא צמוד,,102.82,3.8,,True,עדה,2026-10-08
1190297,פטרוכימים אגח י,פטרו.ק10,IL0011902975,"אג""ח קונצרני","מפעלים פטרוכימיים בישראל בע""מ",520029315,כן,כן,01/08/2027,10.54000,לא צמוד,,249.94,41.6,,True,עדה?,2026-10-08
1221787,פטרוכימים אגחיא,פטרו.ק11,IL0012217878,"אג""ח קונצרני","מפעלים פטרוכימיים בישראל בע""מ",520029315,כן,כן,31/12/2031,5.50000,לא צמוד,,103.78,9.8,,True,עדה?,2026-10-08
1215094,מצלאוי אגח ח,מצלא.ק8,IL0012150947,"אג""ח קונצרני","מצלאוי חברה לבנין בע""מ",512726712,כן,כן,31/12/2028,6.97600,לא צמוד,,101.35,3.3,,True,עדה,2026-10-08
1181676,מצלאוי-ס   אג ז,מצל.ה7-ס,IL0011816761,"אג""ח להמרה","מצלאוי חברה לבנין בע""מ",512726712,כן,כן,29/12/2026,2.75000,לא צמוד,,99.4,3.9,,True,עדה?,2026-10-08
1158468,מקורות   אגח 10,מקר.ק10,IL0011584682,"אג""ח קונצרני","מקורות חברת מים בע""מ",520010869,כן,כן,31/12/2027,0.10000,מדד המחירים לצרכן,,116.31,3.5,101.7,True,עדה?,2026-10-08
1158476,מקורות   אגח 11,מקר.ק11,IL0011584765,"אג""ח קונצרני","מקורות חברת מים בע""מ",520010869,כן,כן,31/12/2053,2.07000,מדד המחירים לצרכן,,106.42,-0.8,101.7,True,עדה?,2026-10-08
1100908,מקורות אגח 6-רמ,מקר.ק6רמ,IL0011009086,"אג""ח קונצרני","מקורות חברת מים בע""מ",520010869,כן,כן,25/12/2036,4.90000,מדד המחירים לצרכן,,165.15,0.8,102.9,True,עדה?,2026-10-08
1124346,מקורות אגח 8-רמ,מקר.ק8רמ,IL0011243461,"אג""ח קונצרני","מקורות חברת מים בע""מ",520010869,כן,כן,14/07/2048,4.10000,מדד המחירים לצרכן,,144.5,3.1,103.6,True,עדה?,2026-10-08
1225143,מקס איט   אגח ה,מקס.ק5,IL0012251430,"אג""ח קונצרני","מקס איט פיננסים בע""מ",512905423,כן,כן,30/06/2031,2.70000,מדד המחירים לצרכן,,103.84,3.7,102.8,True,עדה,2026-10-08
1197953,מקס איט הת ד-רמ,מקס.ק4רמ,IL0011979536,אגח הוני ניתן למחיקה,"מקס איט פיננסים בע""מ",512905423,כן,כן,16/10/2033,7.33000,לא צמוד,,111.31,2.5,,True,עדה?,2026-10-08
1225010,מקס איט הת ו-רמ,מקס.ק6רמ,IL0012250101,אגח הוני ניתן למחיקה,"מקס איט פיננסים בע""מ",512905423,כן,כן,30/06/2036,3.98000,מדד המחירים לצרכן,,107.0,1.0,102.8,True,עדה,2026-10-08
1219518,מרב פקדון אגח א,מרפק.ק1,IL0012195181,"אג""ח מובנות","מרב פקדונות בע""מ",517081956,כן,כן,31/10/2035,,לא צמוד,,106.81,3.2,,True,עדה,2026-10-08
1221902,מרב פקדון אגח ב,מרפק.ק2,IL0012219023,"אג""ח מובנות","מרב פקדונות בע""מ",517081956,כן,כן,31/10/2035,,לא צמוד,,106.07,3.2,,True,עדה,2026-10-08
1223940,מרב פקדון אגח ג,מרפק.ק3,IL0012239401,"אג""ח מובנות","מרב פקדונות בע""מ",517081956,כן,כן,31/01/2036,,לא צמוד,,105.54,3.3,,True,עדה,2026-10-08
1230325,מרב פקדון אגח ד,מרפק.ק4,IL0012303256,"אג""ח מובנות","מרב פקדונות בע""מ",517081956,כן,כן,01/06/2036,,לא צמוד,,104.04,3.2,,True,עדה,2026-10-08
1231737,מרב פקדון אגח ה,מרפק.ק5,IL0012317371,"אג""ח מובנות","מרב פקדונות בע""מ",517081956,כן,כן,01/06/2036,,לא צמוד,,103.79,3.2,,True,עדה,2026-10-08
1240613,מרב פקדון אגח ו,מרפק.ק6,IL0012406133,"אג""ח מובנות","מרב פקדונות בע""מ",517081956,כן,כן,10/05/2027,,לא צמוד,,106.0,6.0,0.0,True,עדה,2026-10-08
1171305,מרכנתיל הנ אגחד,מרכהנ.ק4,IL0011713059,"אג""ח קונצרני","מרכנתיל הנפקות בע""מ",513686154,כן,כן,30/01/2030,1.50000,מדד המחירים לצרכן,,119.68,3.6,102.1,True,עדה,2026-10-08
1225648,נאוי      אגח ז,נאוי.ק7,IL0012256488,"אג""ח קונצרני","נאוי גרופ בע""מ",520036070,כן,כן,30/06/2030,5.21540,לא צמוד,,98.71,1.4,,True,עדה,2026-10-08
1246354,נאוי      אגח ח,נאוי.ק8,IL0012463548,"אג""ח קונצרני","נאוי גרופ בע""מ",520036070,כן,כן,01/10/2031,5.04000,לא צמוד,,99.45,-0.6,,True,עדה,2026-10-08
1160258,נמקו      אגח ב,נמקו.ק2,IL0011602583,"אג""ח קונצרני",נמקו ריאלטי,1905761,כן,כן,15/10/2032,4.50000,לא צמוד,,96.15,2.2,,True,עדה,2026-10-08
1206473,נמקו      אגח ד,נמקו.ק4,IL0012064734,"אג""ח קונצרני",נמקו ריאלטי,1905761,כן,כן,15/04/2029,6.25000,לא צמוד,,101.21,2.0,,True,עדה,2026-10-08
1213214,נמקו      אגח ה,נמקו.ק5,IL0012132143,"אג""ח קונצרני",נמקו ריאלטי,1905761,כן,כן,15/04/2040,6.50000,לא צמוד,,97.18,-3.0,,True,עדה,2026-10-08
1223171,נמקו      אגח ו,נמקו.ק6,IL0012231713,"אג""ח קונצרני",נמקו ריאלטי,1905761,כן,כן,30/06/2030,5.80000,לא צמוד,,100.95,1.9,,True,עדה,2026-10-08
1234459,נמקו      אגח ז,נמקו.ק7,IL0012344599,"אג""ח קונצרני",נמקו ריאלטי,1905761,כן,כן,31/12/2030,4.87000,לא צמוד,,98.94,1.2,,True,עדה,2026-10-08
1183714,נקסטקום   אגח ג,נקסט.ק3,IL0011837148,"אג""ח קונצרני","נקסטקום בע""מ",511687568,כן,כן,30/06/2028,3.50000,לא צמוד,,98.93,4.2,,True,עדה?,2026-10-08
1147503,נתיבי גז  אגח ד,נתגז.ק4,IL0011475030,"אג""ח קונצרני","נתיבי הגז הטבעי לישראל בע""מ",513436394,כן,כן,30/06/2033,2.65000,מדד המחירים לצרכן,,122.07,2.0,101.5,True,עדה?,2026-10-08
1103084,נתיביגז אגחא-רמ,נתג.ק1רמ,IL0011030843,"אג""ח קונצרני","נתיבי הגז הטבעי לישראל בע""מ",513436394,כן,כן,29/12/2026,5.60000,מדד המחירים לצרכן,,142.19,0.0,102.9,True,עדה?,2026-10-08
1125509,נתיביגז אגחג-רמ,נתמ.ק3רמ,IL0011255093,"אג""ח קונצרני","נתיבי הגז הטבעי לישראל בע""מ",513436394,כן,כן,31/12/2031,4.80000,מדד המחירים לצרכן,,131.52,0.9,104.0,True,עדה?,2026-10-08
1217363,נתנאל גרופ אגטו,נתגר.ק15,IL0012173634,"אג""ח קונצרני","נתנאל גרופ בע""מ",520039074,כן,כן,31/12/2030,6.50000,לא צמוד,,94.57,1.7,,True,עדה,2026-10-08
1188663,נתנאל גרופ אגיג,נתגר.ק13,IL0011886632,"אג""ח קונצרני","נתנאל גרופ בע""מ",520039074,כן,כן,30/11/2028,4.50000,לא צמוד,,96.92,3.4,,True,עדה,2026-10-08
1208008,נתנאל גרופ אגיד,נתגר.ק14,IL0012080086,"אג""ח קונצרני","נתנאל גרופ בע""מ",520039074,כן,כן,01/07/2029,6.50000,לא צמוד,,97.23,0.5,,True,עדה,2026-10-08
1224781,נתנאל מניב אגחא,נתנב.ק1,IL0012247818,"אג""ח קונצרני","נתנאל מניבים בע""מ",516235918,כן,כן,30/06/2031,3.39000,מדד המחירים לצרכן,,102.85,3.4,102.8,True,עדה,2026-10-08
1233352,סאטל      אגח א,סאטל.ק1,IL0012333527,"אג""ח קונצרני",סאטל פרופרטיס לימיטד,475527,כן,כן,31/12/2029,4.50000,מדד המחירים לצרכן,,82.5,-11.2,104.1,True,עדה?,2026-10-08
1138940,סאמיט     אגח ח,סמט.ק8,IL0011389405,"אג""ח קונצרני","סאמיט אחזקות נדל""ן בע""מ",520043720,כן,כן,31/12/2026,2.75000,לא צמוד,,100.45,3.4,,True,עדה?,2026-10-08
1143395,סאמיט     אגח י,סמט.ק10,IL0011433955,"אג""ח קונצרני","סאמיט אחזקות נדל""ן בע""מ",520043720,כן,כן,31/01/2030,3.69000,לא צמוד,,98.51,3.2,,True,עדה,2026-10-08
1183920,סאמיט    אגח יב,סמט.ק12,IL0011839201,"אג""ח קונצרני","סאמיט אחזקות נדל""ן בע""מ",520043720,כן,כן,01/10/2031,2.80000,לא צמוד,,91.66,2.2,,True,עדה,2026-10-08
1208495,סאמיט    אגח יג,סמט.ק13,IL0012084955,"אג""ח קונצרני","סאמיט אחזקות נדל""ן בע""מ",520043720,כן,כן,01/12/2030,6.09420,דולר,,87.17,-0.3,3.765,True,עדה,2026-10-08
1228972,סאמיט    אגח יד,סמט.ק14,IL0012289729,"אג""ח קונצרני","סאמיט אחזקות נדל""ן בע""מ",520043720,כן,כן,31/01/2036,5.13000,לא צמוד,,101.12,0.3,,True,עדה,2026-10-08
1183730,סולאיר    אגח א,סלאר.ק1,IL0011837304,"אג""ח קונצרני","סולאיר אנרגיות מתחדשות בע""מ",516046307,כן,כן,31/12/2027,2.30000,מדד המחירים לצרכן,,116.0,2.6,102.6,True,עדה?,2026-10-08
1214832,סולאיר    אגח ב,סלאר.ק2,IL0012148321,"אג""ח קונצרני","סולאיר אנרגיות מתחדשות בע""מ",516046307,כן,כן,30/06/2030,4.90000,מדד המחירים לצרכן,,107.36,3.9,0.0,True,עדה?,2026-10-08
1186246,פאוורג'ן אגח ב,פאסא.ק2,IL0011862468,"אג""ח קונצרני",סולגרין,512882747,כן,כן,31/12/2027,2.95000,מדד המחירים לצרכן,,116.4,5.3,104.1,True,עדה?,2026-10-08
1231331,פאוורג'ן אגח ג,פאסא.ק3,IL0012313313,"אג""ח קונצרני",סולגרין,512882747,כן,כן,31/12/2030,3.42000,מדד המחירים לצרכן,,101.51,3.6,103.6,True,עדה?,2026-10-08
1138973,סלע נדלן  אגח ג,סלענד.ק3,IL0011389736,"אג""ח קונצרני","סלע קפיטל נדל""ן בע""מ",513992529,כן,כן,13/04/2029,1.96000,מדד המחירים לצרכן,,119.77,3.9,99.5,True,עדה?,2026-10-08
1167147,סלע נדלן  אגח ד,סלענד.ק4,IL0011671471,"אג""ח קונצרני","סלע קפיטל נדל""ן בע""מ",513992529,כן,כן,27/03/2033,1.58000,מדד המחירים לצרכן,,113.65,2.8,100.1,True,עדה?,2026-10-08
1205087,סלע נדלן  אגח ה,סלענד.ק5,IL0012050873,"אג""ח קונצרני","סלע קפיטל נדל""ן בע""מ",513992529,כן,כן,10/04/2037,3.00000,מדד המחירים לצרכן,,107.76,2.4,105.4,True,עדה?,2026-10-08
1211010,ספיר פקדון אגחא,ספרפ.ק1,IL0012110107,"אג""ח מובנות","ספיר פקדונות בע""מ",516881265,כן,כן,08/09/2032,,לא צמוד,,110.42,3.2,,True,עדה,2026-10-08
1219039,ספיר פקדון אגחב,ספרפ.ק2,IL0012190398,"אג""ח מובנות","ספיר פקדונות בע""מ",516881265,כן,כן,12/03/2035,,לא צמוד,,108.01,3.4,,True,עדה,2026-10-08
1222397,ספיר פקדון אגחג,ספרפ.ק3,IL0012223975,"אג""ח מובנות","ספיר פקדונות בע""מ",516881265,כן,כן,29/05/2035,,לא צמוד,,107.0,3.3,,True,עדה,2026-10-08
1226133,ספיר פקדון אגחד,ספרפ.ק4,IL0012261330,"אג""ח מובנות","ספיר פקדונות בע""מ",516881265,כן,כן,30/07/2035,,לא צמוד,,106.22,4.1,,True,עדה,2026-10-08
1231505,ספיר פקדון אגחה,ספרפ.ק5,IL0012315052,"אג""ח מובנות","ספיר פקדונות בע""מ",516881265,כן,כן,11/11/2035,,לא צמוד,,104.33,3.5,,True,עדה,2026-10-08
1236884,ספיר פקדון אגחו,ספרפ.ק6,IL0012368846,"אג""ח מובנות","ספיר פקדונות בע""מ",516881265,כן,כן,24/02/2036,,לא צמוד,,102.77,2.8,,True,עדה,2026-10-08
1239946,ספיר פקדון אגחז,ספרפ.ק7,IL0012399460,"אג""ח מובנות","ספיר פקדונות בע""מ",516881265,כן,כן,30/04/2036,,לא צמוד,,101.95,2.0,,True,עדה,2026-10-08
1245067,ספיר פקדון אגחח,ספרפ.ק8,IL0012450677,"אג""ח מובנות","ספיר פקדונות בע""מ",516881265,כן,כן,20/07/2036,,לא צמוד,,101.13,1.1,,True,עדה,2026-10-08
1246537,ספיר פקדון אגחט,ספרפ.ק9,IL0012465378,"אג""ח מובנות","ספיר פקדונות בע""מ",516881265,כן,כן,31/08/2036,,לא צמוד,,100.63,0.6,,True,עדה,2026-10-08
1139898,ספנסר     אגח ב,ספנר.ק2,IL0011398984,"אג""ח קונצרני",ספנסר אקוויטי גרופ,1838863,כן,כן,31/03/2028,6.02479,לא צמוד,,98.45,3.6,,True,עדה?,2026-10-08
1188788,ספנסר     אגח ד,ספנר.ק4,IL0011887887,"אג""ח קונצרני",ספנסר אקוויטי גרופ,1838863,כן,כן,31/08/2029,7.74000,לא צמוד,,99.14,2.7,,True,עדה?,2026-10-08
1212851,ספנסר     אגח ה,ספנר.ק5,IL0012128513,"אג""ח קונצרני",ספנסר אקוויטי גרופ,1838863,כן,כן,01/10/2028,6.75104,לא צמוד,,100.14,2.5,,True,עדה,2026-10-08
1212869,ספנסר     אגח ו,ספנר.ק6,IL0012128695,"אג""ח קונצרני",ספנסר אקוויטי גרופ,1838863,כן,כן,30/09/2027,6.55885,לא צמוד,,100.65,3.8,,True,עדה,2026-10-08
1224112,ספנסר     אגח ז,ספנר.ק7,IL0012241126,"אג""ח קונצרני",ספנסר אקוויטי גרופ,1838863,כן,כן,30/06/2032,6.70466,לא צמוד,,90.39,-4.5,,True,עדה,2026-10-08
1198035,נופר אנרג  אג ב,נופר.ה2,IL0011980351,"אג""ח להמרה","ע.י. נופר אנרג'י בע""מ",514599943,כן,כן,01/07/2029,5.00000,לא צמוד,,118.7,-7.0,,True,עדה?,2026-10-08
1198043,נופר אנרג אגח ג,נופר.ק3,IL0011980435,"אג""ח קונצרני","ע.י. נופר אנרג'י בע""מ",514599943,כן,כן,30/06/2030,6.95000,לא צמוד,,102.84,1.5,,True,עדה,2026-10-08
1211416,נופר אנרג אגח ד,נופר.ק4,IL0012114166,"אג""ח קונצרני","ע.י. נופר אנרג'י בע""מ",514599943,כן,כן,01/01/2034,6.69000,לא צמוד,,101.0,-1.6,,True,עדה,2026-10-08
1247337,נופר אנרג אגח ו,נופר.ק6,IL0012473372,"אג""ח קונצרני","ע.י. נופר אנרג'י בע""מ",514599943,כן,כן,31/12/2035,6.20000,לא צמוד,,95.44,-4.6,,True,עדה?,2026-10-08
1218650,יסודות  אג ב,יסוד.ה2,IL0012186503,"אג""ח להמרה","ע.ע. יסודות איתנים ייזום ובניה בע""מ",515099018,כן,כן,30/06/2028,5.00000,לא צמוד,,89.1,-1.9,,True,עדה?,2026-10-08
1220425,עלמא      אגח א,עלמא.ק1,IL0012204256,"אג""ח קונצרני","עלמא יסודות בע""מ",515116192,כן,כן,01/04/2030,6.72000,לא צמוד,,106.88,3.8,,True,עדה?,2026-10-08
1143585,עמידר     אגח א,עמדר.ק1,IL0011435851,"אג""ח קונצרני","עמידר, החברה הלאומית לשיכון בישראל בע""מ",520017393,כן,כן,31/03/2028,1.44000,לא צמוד,,97.86,3.1,,True,עדה?,2026-10-08
1188044,עמרם אברהם אגחא,עמרם.ק1,IL0011880445,"אג""ח קונצרני","עמרם אברהם חברה לבנין בע""מ",513201582,כן,כן,31/05/2027,6.00000,לא צמוד,,102.88,4.0,,True,עדה?,2026-10-08
1202555,עמרם אברהם אגחב,עמרם.ק2,IL0012025552,"אג""ח קונצרני","עמרם אברהם חברה לבנין בע""מ",513201582,כן,כן,31/12/2027,7.40000,לא צמוד,,103.8,4.5,,True,עדה?,2026-10-08
1215862,עמרם אברהם אגחג,עמרם.ק3,IL0012158627,"אג""ח קונצרני","עמרם אברהם חברה לבנין בע""מ",513201582,כן,כן,31/12/2029,5.69000,לא צמוד,,102.21,3.3,,True,עדה?,2026-10-08
1240845,עמרם אברהם אגחד,עמרם.ק4,IL0012408451,"אג""ח קונצרני","עמרם אברהם חברה לבנין בע""מ",513201582,כן,כן,31/12/2031,5.14000,לא צמוד,,99.66,-0.3,,True,עדה?,2026-10-08
1186485,פאי סיאם  אגח א,פאיס.ק1,IL0011864852,"אג""ח קונצרני","פאי סיאם בע""מ",513978635,כן,כן,31/12/2027,5.30000,לא צמוד,,100.94,5.9,,True,עדה,2026-10-08
1216555,פאי סיאם  אגח ב,פאיס.ק2,IL0012165556,"אג""ח קונצרני","פאי סיאם בע""מ",513978635,כן,כן,31/03/2030,6.00000,לא צמוד,,95.5,1.9,,True,עדה,2026-10-08
1235175,פאי סיאם  אגח ג,פיאס.ק3,IL0012351750,"אג""ח קונצרני","פאי סיאם בע""מ",513978635,כן,כן,30/06/2032,6.20000,לא צמוד,,98.0,3.5,,True,עדה,2026-10-08
1199454,פאי פיקדון אגחא,פאיפ.ק1,IL0011994543,"אג""ח מובנות","פאי פיקדונות ומוצרים מובנים בע""מ",516807336,כן,כן,06/09/2033,,לא צמוד,,116.34,3.4,,True,עדה,2026-10-08
1201144,פאי פיקדון אגחב,פאיפ.ק2,IL0012011446,"אג""ח מובנות","פאי פיקדונות ומוצרים מובנים בע""מ",516807336,כן,כן,30/11/2033,,לא צמוד,,114.47,3.1,,True,עדה,2026-10-08
1206580,פאי פיקדון אגחג,פאיפ.ק3,IL0012065806,"אג""ח מובנות","פאי פיקדונות ומוצרים מובנים בע""מ",516807336,כן,כן,15/05/2034,,לא צמוד,,111.48,3.3,,True,עדה,2026-10-08
1222306,פאי פיקדון אגחד,פאיפ.ק4,IL0012223066,"אג""ח מובנות","פאי פיקדונות ומוצרים מובנים בע""מ",516807336,כן,כן,28/05/2035,,לא צמוד,,107.13,3.4,,True,עדה,2026-10-08
1241173,פאי פיקדון אגחה,פאיפ.ק5,IL0012411737,"אג""ח מובנות","פאי פיקדונות ומוצרים מובנים בע""מ",516807336,כן,כן,14/05/2036,,לא צמוד,,101.83,1.8,,True,עדה,2026-10-08
1213503,פאי פלוס  אגח א,פלוס.ק1,IL0012135039,"אג""ח מובנות","פאי פלוס פיקדונות בע""מ",516901774,כן,כן,14/11/2034,,לא צמוד,,108.67,3.1,,True,עדה,2026-10-08
1214451,פאי פלוס  אגח ב,פלוס.ק2,IL0012144510,"אג""ח מובנות","פאי פלוס פיקדונות בע""מ",516901774,כן,כן,04/12/2034,,לא צמוד,,109.38,3.2,,True,עדה,2026-10-08
1216183,פאי פלוס  אגח ג,פלוס.ק3,IL0012161837,"אג""ח מובנות","פאי פלוס פיקדונות בע""מ",516901774,כן,כן,19/01/2035,,לא צמוד,,108.89,3.3,,True,עדה,2026-10-08
1218718,פאי פלוס  אגח ד,פלוס.ק4,IL0012187188,"אג""ח מובנות","פאי פלוס פיקדונות בע""מ",516901774,כן,כן,05/03/2035,,לא צמוד,,108.2,3.3,,True,עדה,2026-10-08
1228915,פאי ריבית אגח א,פירי.ק1,IL0012289158,"אג""ח מובנות","פאי ריביות בע""מ",517149548,כן,כן,11/09/2035,,לא צמוד,,105.64,4.2,,True,עדה,2026-10-08
1230184,פאי ריבית אגח ב,פירי.ק2,IL0012301847,"אג""ח מובנות","פאי ריביות בע""מ",517149548,כן,כן,21/10/2035,,לא צמוד,,104.3,3.3,,True,עדה,2026-10-08
1239409,פאי ריבית אגח ג,פירי.ק3,IL0012394099,"אג""ח מובנות","פאי ריביות בע""מ",517149548,כן,כן,16/04/2036,,לא צמוד,,102.12,2.1,,True,עדה,2026-10-08
1240704,פאי ריבית אגח ד,פירי.ק4,IL0012407040,"אג""ח מובנות","פאי ריביות בע""מ",517149548,כן,כן,06/05/2027,3.83000,לא צמוד,,101.94,1.9,,True,עדה,2026-10-08
1243302,פאי ריבית אגח ה,פירי.ק5,IL0012433020,"אג""ח מובנות","פאי ריביות בע""מ",517149548,כן,כן,11/06/2036,,לא צמוד,,101.37,1.4,,True,עדה,2026-10-08
1169648,פטרוטקס    אג ב,פטקס.ה2,IL0011696486,"אג""ח להמרה",פטרוטקס,550222764,כן,כן,25/01/2029,6.34254,דולר,,96.0,8.3,3.377,True,עדה?,2026-10-08
1227073,פנטהאוז   אגח א,פנטה.ק1,IL0012270737,"אג""ח קונצרני","פנטהאוז - חב' לבנין והשקעות בע""מ",511400723,כן,כן,30/06/2031,3.42000,מדד המחירים לצרכן,,102.0,2.2,103.1,True,עדה?,2026-10-08
1163062,פסיפיק    אגח ב,פסוק.ק2,IL0011630626,"אג""ח קונצרני",פסיפיק אוק אסאואר הולדינגס,1900288,כן,כן,28/02/2027,5.18000,לא צמוד,,20.98,-61.1,,True,עדה?,2026-10-08
1206044,פסיפיק    אגח ד,פסוק.ק4,IL0012060443,"אג""ח קונצרני",פסיפיק אוק אסאואר הולדינגס,1900288,כן,כן,28/02/2029,10.56386,לא צמוד,,22.4,-59.2,,True,עדה?,2026-10-08
1223965,פריורטק   אגח ב,פרטק.ק2,IL0012239658,"אג""ח קונצרני","פריורטק בע""מ",520037797,כן,כן,30/06/2030,4.92000,לא צמוד,,102.13,2.7,,True,עדה,2026-10-08
1184662,פריים אנרג אגחב,פרים.ק2,IL0011846628,"אג""ח קונצרני","פריים אנרג'י פי. אי בע""מ",514902147,כן,כן,30/06/2028,4.22534,מדד המחירים לצרכן,,118.0,5.3,102.6,True,עדה?,2026-10-08
1217975,פריים אנרג אגחג,פרים.ק3,IL0012179755,"אג""ח קונצרני","פריים אנרג'י פי. אי בע""מ",514902147,כן,כן,31/12/2030,7.35000,לא צמוד,,103.34,4.9,,True,עדה,2026-10-08
1236694,פריים אנרג אגחד,פרים.ק4,IL0012366949,"אג""ח קונצרני","פריים אנרג'י פי. אי בע""מ",514902147,כן,כן,31/12/2032,6.32000,לא צמוד,,97.72,-0.1,,True,עדה,2026-10-08
1203496,פרשקובסקי אגחטו,פרשק.ק15,IL0012034968,"אג""ח קונצרני","פרשקובסקי השקעות ובניין בע""מ",513817817,כן,כן,01/07/2029,5.89000,לא צמוד,,104.18,3.6,,True,עדה,2026-10-08
1223411,פרשקובסקי אגחטז,פרשק.ק16,IL0012234113,"אג""ח קונצרני","פרשקובסקי השקעות ובניין בע""מ",513817817,כן,כן,31/12/2031,5.88000,לא צמוד,,105.21,3.4,,True,עדה,2026-10-08
1183623,פרשקובסקי אגחיד,פרשק.ק14,IL0011836231,"אג""ח קונצרני","פרשקובסקי השקעות ובניין בע""מ",513817817,כן,כן,31/12/2026,2.00000,לא צמוד,,99.93,3.5,,True,עדה,2026-10-08
1236538,פרשקובסקי אגחיז,פרשק.ק17,IL0012365388,"אג""ח קונצרני","פרשקובסקי השקעות ובניין בע""מ",513817817,כן,כן,01/01/2034,2.67000,מדד המחירים לצרכן,,100.0,1.0,103.6,True,עדה,2026-10-08
1161785,פתאל החז  אגח ג,פתאל.ק3,IL0011617854,"אג""ח קונצרני","פתאל החזקות (1998) בע""מ",512607888,כן,כן,31/08/2031,2.21896,לא צמוד,,94.15,3.6,,True,עדה?,2026-10-08
1188192,פתאל החז  אגח ד,פתאל.ק4,IL0011881922,"אג""ח קונצרני","פתאל החזקות (1998) בע""מ",512607888,כן,כן,31/12/2032,3.25000,מדד המחירים לצרכן,,116.55,4.0,105.9,True,עדה?,2026-10-08
1203942,פתאל החז  אגח ה,פתאל.ק5,IL0012039421,"אג""ח קונצרני","פתאל החזקות (1998) בע""מ",512607888,כן,כן,31/08/2032,6.33000,לא צמוד,,105.42,3.5,,True,עדה?,2026-10-08
1243591,פתאל החז  אגח ו,פתאל.ק6,IL0012435918,"אג""ח קונצרני","פתאל החזקות (1998) בע""מ",512607888,כן,כן,30/06/2036,4.65000,לא צמוד,,98.03,-2.0,,True,עדה,2026-10-08
1169721,פתאל החזקאג 1-ס,פתאל.ה1ס,IL0011697211,"אג""ח להמרה","פתאל החזקות (1998) בע""מ",512607888,כן,כן,15/05/2028,4.00000,לא צמוד,,171.6,8.6,,True,עדה?,2026-10-08
1141852,פתאל אירו אגח ג,פתאר.ק3,IL0011418527,"אג""ח קונצרני","פתאל נכסים (אירופה) בע""מ",515328250,כן,כן,30/08/2027,2.65000,לא צמוד,,98.91,4.0,,True,עדה?,2026-10-08
1198886,פתאל אירו אגח ה,פתאר.ק5,IL0011988867,"אג""ח קונצרני","פתאל נכסים (אירופה) בע""מ",515328250,כן,כן,01/07/2029,6.37000,לא צמוד,,104.91,4.1,,True,עדה,2026-10-08
1219286,פתאל אירו אגח ו,פתאר.ק6,IL0012192865,"אג""ח קונצרני","פתאל נכסים (אירופה) בע""מ",515328250,כן,כן,01/10/2034,5.59000,לא צמוד,,103.13,2.4,,True,עדה,2026-10-08
7300171,צור       אגח י,צור.ק10,IL0073001716,"אג""ח קונצרני","צור שמיר אחזקות בע""מ",520025586,כן,כן,30/06/2028,3.70000,מדד המחירים לצרכן,,122.28,4.2,101.2,True,עדה?,2026-10-08
7300247,צור      אגח יא,צור.ק11,IL0073002474,"אג""ח קונצרני","צור שמיר אחזקות בע""מ",520025586,כן,כן,30/06/2030,2.50000,מדד המחירים לצרכן,,115.84,3.8,101.3,True,עדה,2026-10-08
1205798,צור      אגח יב,צור.ק12,IL0012057985,"אג""ח קונצרני","צור שמיר אחזקות בע""מ",520025586,כן,כן,01/07/2035,7.60000,לא צמוד,,112.73,3.1,,True,עדה,2026-10-08
1224666,צור      אגח יג,צור.ק13,IL0012246661,"אג""ח קונצרני","צור שמיר אחזקות בע""מ",520025586,כן,כן,30/06/2037,4.10000,מדד המחירים לצרכן,,104.99,2.4,102.8,True,עדה,2026-10-08
1197763,אורון קב  אגח ג,אורנ.ק3,IL0011977639,"אג""ח קונצרני","קבוצת אורון אחזקות והשקעות בע""מ",513432765,כן,כן,01/07/2029,8.00000,לא צמוד,,106.64,4.6,,True,עדה?,2026-10-08
1188572,אקרו      אגח א,אקרו.ק1,IL0011885725,"אג""ח קונצרני","קבוצת אקרו בע""מ",511996803,כן,כן,31/12/2027,4.53000,לא צמוד,,101.3,4.1,,True,עדה?,2026-10-08
1226059,אקרו      אגח ב,אקרו.ק2,IL0012260597,"אג""ח קונצרני","קבוצת אקרו בע""מ",511996803,כן,כן,31/12/2032,5.38000,לא צמוד,,99.89,1.1,,True,עדה?,2026-10-08
1140102,אשטרום קב אגח ג,אשקב.ק3,IL0011401028,"אג""ח קונצרני","קבוצת אשטרום בע""מ",510381601,כן,כן,15/01/2029,4.30000,לא צמוד,,101.11,3.8,,True,עדה?,2026-10-08
1182989,אשטרום קב אגח ד,אשקב.ק4,IL0011829897,"אג""ח קונצרני","קבוצת אשטרום בע""מ",510381601,כן,כן,31/12/2029,0.75000,מדד המחירים לצרכן,,113.69,4.1,102.3,True,עדה?,2026-10-08
1199579,אשטרום קב אגח ה,אשקב.ק5,IL0011995797,"אג""ח קונצרני","קבוצת אשטרום בע""מ",510381601,כן,כן,31/12/2032,4.08000,מדד המחירים לצרכן,,114.38,3.4,104.5,True,עדה?,2026-10-08
1244474,ברן       אגח ד,ברן.ק4,IL0012444746,"אג""ח קונצרני","קבוצת ברן בע""מ",520037250,כן,כן,30/06/2034,5.97000,לא צמוד,,100.9,0.9,,True,עדה?,2026-10-08
1224013,גבאי קב   אגח א,קגבא.ק1,IL0012240136,"אג""ח קונצרני","קבוצת גבאי- בניה, יזום, ניהול ואחזקות נדל""ן בע""מ",513609131,כן,כן,31/03/2030,7.35000,לא צמוד,,97.32,3.9,,True,עדה?,2026-10-08
1233634,גבאי קב   אגח ב,קגבא.ק2,IL0012336348,"אג""ח קונצרני","קבוצת גבאי- בניה, יזום, ניהול ואחזקות נדל""ן בע""מ",513609131,כן,כן,31/12/2029,5.43000,לא צמוד,,100.5,2.9,,True,עדה,2026-10-08
1179134,דוראל     אגח א,דורל.ק1,IL0011791345,"אג""ח קונצרני","קבוצת דוראל משאבי אנרגיה מתחדשת בע""מ",515364891,כן,כן,30/06/2028,1.58000,מדד המחירים לצרכן,,116.48,5.2,101.4,True,עדה?,2026-10-08
1205475,דוראל     אגח ב,דורל.ק2,IL0012054750,"אג""ח קונצרני","קבוצת דוראל משאבי אנרגיה מתחדשת בע""מ",515364891,כן,כן,31/07/2031,4.70000,מדד המחירים לצרכן,,111.83,3.7,105.4,True,עדה?,2026-10-08
1220193,דוראל     אגח ג,דורל.ק3,IL0012201930,"אג""ח קונצרני","קבוצת דוראל משאבי אנרגיה מתחדשת בע""מ",515364891,כן,כן,30/06/2032,4.44000,מדד המחירים לצרכן,,107.86,3.7,101.5,True,עדה?,2026-10-08
1217389,דלק קב   אגח  מ,דלקב.ק40,IL0012173899,"אג""ח קונצרני","קבוצת דלק בע""מ",520044322,כן,כן,30/06/2033,5.69000,לא צמוד,,104.66,3.6,,True,עדה,2026-10-08
1228618,דלק קב   אגח מא,דלקב.ק41,IL0012286188,"אג""ח קונצרני","קבוצת דלק בע""מ",520044322,כן,כן,01/04/2035,5.68000,לא צמוד,,103.52,3.9,,True,עדה,2026-10-08
1238633,דלק קב   אגח מב,דלקב.ק42,IL0012386335,"אג""ח קונצרני","קבוצת דלק בע""מ",520044322,כן,כן,30/09/2036,5.08000,לא צמוד,,99.91,2.4,,True,עדה?,2026-10-08
1204023,יובלים    אגח ד,יבקב.ק4,IL0012040239,"אג""ח קונצרני","קבוצת יובלים השקעות בע""מ",514625094,כן,כן,05/01/2028,7.60000,לא צמוד,,104.4,6.0,,True,עדה?,2026-10-08
1216449,יובלים    אגח ה,יבקב.ק5,IL0012164492,"אג""ח קונצרני","קבוצת יובלים השקעות בע""מ",514625094,כן,כן,06/01/2030,6.90000,לא צמוד,,97.68,3.8,,True,עדה,2026-10-08
1214626,מיי טאון  אגח א,מייט.ק1,IL0012146267,"אג""ח קונצרני","קבוצת מיי טאון בע""מ",514444660,כן,כן,01/10/2028,7.50000,לא צמוד,,97.82,5.1,,True,עדה?,2026-10-08
1138650,עזריאלי   אגח ד,עזרל.ק4,IL0011386500,"אג""ח קונצרני","קבוצת עזריאלי בע""מ",510960719,כן,כן,05/07/2030,1.34000,מדד המחירים לצרכן,,119.59,4.0,98.8,True,עדה?,2026-10-08
1156603,עזריאלי   אגח ה,עזרל.ק5,IL0011566036,"אג""ח קונצרני","קבוצת עזריאלי בע""מ",510960719,כן,כן,30/06/2028,1.77000,מדד המחירים לצרכן,,119.69,3.9,101.2,True,עדה?,2026-10-08
1156611,עזריאלי   אגח ו,עזרל.ק6,IL0011566119,"אג""ח קונצרני","קבוצת עזריאלי בע""מ",510960719,כן,כן,31/12/2032,2.48000,מדד המחירים לצרכן,,120.03,2.8,101.2,True,עדה?,2026-10-08
1178672,עזריאלי   אגח ז,עזרל.ק7,IL0011786725,"אג""ח קונצרני","קבוצת עזריאלי בע""מ",510960719,כן,כן,02/07/2036,0.90000,מדד המחירים לצרכן,,107.65,2.0,101.4,True,עדה?,2026-10-08
1178680,עזריאלי   אגח ח,עזרל.ק8,IL0011786808,"אג""ח קונצרני","קבוצת עזריאלי בע""מ",510960719,כן,כן,02/01/2041,1.69000,מדד המחירים לצרכן,,105.72,1.1,101.4,True,עדה?,2026-10-08
1209253,עזריאלי   אגח ט,עזרל.ק9,IL0012092537,"אג""ח קונצרני","קבוצת עזריאלי בע""מ",510960719,כן,כן,02/01/2046,3.67000,מדד המחירים לצרכן,,111.84,0.4,107.2,True,עדה,2026-10-08
1225689,עזריאלי   אגח י,עזרל.ק10,IL0012256892,"אג""ח קונצרני","קבוצת עזריאלי בע""מ",510960719,כן,כן,15/07/2033,2.79000,מדד המחירים לצרכן,,103.9,2.7,103.1,True,עדה,2026-10-08
1243328,עזריאלי  אגח יא,עזרל.ק11,IL0012433285,"אג""ח קונצרני","קבוצת עזריאלי בע""מ",510960719,כן,כן,30/06/2051,3.02000,מדד המחירים לצרכן,,97.52,-2.5,105.1,True,עדה,2026-10-08
4730180,לוזון קב   אג ט,לוזנ.ה9,IL0047301804,"אג""ח להמרה","קבוצת עמוס לוזון יזמות ואנרגיה בע""מ",520039660,כן,כן,01/07/2027,3.60000,לא צמוד,,99.8,2.6,,True,עדה?,2026-10-08
1206986,לוזון קב אגח יא,לוזנ.ק11,IL0012069865,"אג""ח קונצרני","קבוצת עמוס לוזון יזמות ואנרגיה בע""מ",520039660,כן,כן,01/12/2033,6.73000,לא צמוד,,108.3,4.6,,True,עדה?,2026-10-08
1223999,פנינסולה  אגח ד,פננס.ק4,IL0012239997,"אג""ח קונצרני","קבוצת פנינסולה בע""מ",520033713,כן,כן,01/04/2029,5.40000,לא צמוד,,101.13,3.7,,True,עדה,2026-10-08
1182187,קיסטון אינ אגחא,קסטנ.ק1,IL0011821878,"אג""ח קונצרני","קיסטון אינפרא בע""מ",515983476,כן,כן,31/12/2031,0.75000,מדד המחירים לצרכן,,111.38,4.2,102.4,True,עדה?,2026-10-08
1215078,קיסטון אינ אגחב,קסטנ.ק2,IL0012150780,"אג""ח קונצרני","קיסטון אינפרא בע""מ",515983476,כן,כן,30/06/2032,5.88000,לא צמוד,,105.91,3.2,,True,עדה?,2026-10-08
1247725,קיסטון אינ אגחג,קסטנ.ק3,IL0012477258,"אג""ח קונצרני","קיסטון אינפרא בע""מ",515983476,כן,כן,31/12/2034,4.82000,לא צמוד,,97.99,-2.0,,True,עדה?,2026-10-08
1218171,קנדה גלוב אגח א,קנגל.ק1,IL0012181710,"אג""ח קונצרני","קנדה גלובל (ט.ר) בע""מ",520041286,כן,כן,31/12/2029,6.50000,לא צמוד,,95.44,-1.0,,True,עדה?,2026-10-08
1210327,קרדיטו    אגח א,קרדט.ק1,IL0012103276,"אג""ח מרובה פדיונות","קרדיטו הנפקות בע""מ",516804499,כן,כן,12/04/2051,6.05000,לא צמוד,,118.3,-1.3,,True,עדה,2026-10-08
1216274,קרדיטו אגח ב-רמ,קרדט.ק2מ,IL0012162744,"אג""ח קונצרני","קרדיטו הנפקות בע""מ",516804499,כן,כן,13/03/2051,8.75000,לא צמוד,,100.22,0.0,,True,עדה?,2026-10-08
1210202,קרדן      אגח ה,קריש.ק5,IL0012102021,"אג""ח קונצרני","קרדן ישראל בע""מ",520033457,כן,כן,31/05/2027,2.97000,לא צמוד,,99.8,4.6,,True,עדה?,2026-10-08
1236678,קרסו מוט  אגח ז,קרסמ.ק7,IL0012366782,"אג""ח קונצרני","קרסו מוטורס בע""מ",514065283,כן,כן,29/05/2033,2.41000,מדד המחירים לצרכן,,101.71,2.4,103.3,True,עדה,2026-10-08
1141829,קרסו מוט' אגח ג,קרסמ.ק3,IL0011418295,"אג""ח קונצרני","קרסו מוטורס בע""מ",514065283,כן,כן,01/09/2027,2.30000,לא צמוד,,98.65,3.4,,True,עדה,2026-10-08
1173566,קרסו מוט' אגח ד,קרסמ.ק4,IL0011735664,"אג""ח קונצרני","קרסו מוטורס בע""מ",514065283,כן,כן,01/10/2028,2.15000,לא צמוד,,97.97,3.7,,True,עדה,2026-10-08
1202779,קרסו מוט' אגח ה,קרסמ.ק5,IL0012027798,"אג""ח קונצרני","קרסו מוטורס בע""מ",514065283,כן,כן,27/06/2031,5.05000,לא צמוד,,102.7,3.2,,True,עדה,2026-10-08
1226224,קרסו מוט' אגח ו,קרסמ.ק6,IL0012262247,"אג""ח קונצרני","קרסו מוטורס בע""מ",514065283,כן,כן,28/01/2033,5.04000,לא צמוד,,102.21,2.7,,True,עדה,2026-10-08
1209824,רב בריח    אג א,בריח.ה1,IL0012098245,"אג""ח להמרה","רב בריח (08) תעשיות בע""מ",514160530,כן,כן,01/07/2029,5.50000,לא צמוד,,152.9,4.4,,True,עדה?,2026-10-08
1140607,רבוע נדלן אגח ו,רבנד.ק6,IL0011406076,"אג""ח קונצרני","רבוע כחול נדל""ן בע""מ",513765859,כן,כן,30/11/2026,2.15000,מדד המחירים לצרכן,,122.51,3.9,99.8,True,עדה?,2026-10-08
1140615,רבוע נדלן אגח ז,רבנד.ק7,IL0011406159,"אג""ח קונצרני","רבוע כחול נדל""ן בע""מ",513765859,כן,כן,30/11/2026,1.60000,מדד המחירים לצרכן,,122.17,4.1,99.8,True,עדה?,2026-10-08
1157569,רבוע נדלן אגח ח,רבנד.ק8,IL0011575698,"אג""ח קונצרני","רבוע כחול נדל""ן בע""מ",513765859,כן,כן,31/10/2028,1.42000,מדד המחירים לצרכן,,119.39,3.8,100.2,True,עדה,2026-10-08
1174556,רבוע נדלן אגח ט,רבנד.ק9,IL0011745564,"אג""ח קונצרני","רבוע כחול נדל""ן בע""מ",513765859,כן,כן,01/07/2035,1.15000,מדד המחירים לצרכן,,111.07,2.9,100.0,True,עדה,2026-10-08
1213396,רבוע נדלן אגח י,רבנד.ק10,IL0012133968,"אג""ח קונצרני","רבוע כחול נדל""ן בע""מ",513765859,כן,כן,30/09/2039,1.50000,מדד המחירים לצרכן,,97.99,2.5,108.6,True,עדה,2026-10-08
5390273,רוטשטיין  אגח י,רשטן.ק10,IL0053902735,"אג""ח קונצרני","רוטשטיין נדל""ן בע""מ",520039959,כן,כן,14/07/2027,4.48000,לא צמוד,,101.11,4.4,,True,עדה,2026-10-08
1204189,רוטשטיין אגח יב,רשטן.ק12,IL0012041898,"אג""ח קונצרני","רוטשטיין נדל""ן בע""מ",520039959,כן,כן,14/01/2028,7.33000,לא צמוד,,103.83,3.9,,True,עדה,2026-10-08
1212646,רוטשטיין אגח יג,רשטן.ק13,IL0012126467,"אג""ח קונצרני","רוטשטיין נדל""ן בע""מ",520039959,כן,כן,14/01/2030,3.45000,מדד המחירים לצרכן,,106.62,4.2,108.8,True,עדה,2026-10-08
1230762,רוטשטיין אגח יד,רשטן.ק14,IL0012307620,"אג""ח קונצרני","רוטשטיין נדל""ן בע""מ",520039959,כן,כן,14/01/2033,5.19000,לא צמוד,,100.03,4.1,,True,עדה?,2026-10-08
1209295,רותם שני  אגח ג,רתשנ.ק3,IL0012092958,"אג""ח קונצרני","רותם שני יזמות והשקעות בע""מ",512287517,כן,כן,01/04/2029,6.50000,לא צמוד,,102.09,6.1,,True,עדה?,2026-10-08
1175769,ריט אזורים אגחא,אזרט.ק1,IL0011757692,"אג""ח קונצרני","ריט אזורים - ה.פ ליווינג בע""מ",516117181,כן,כן,30/06/2030,0.64000,מדד המחירים לצרכן,,110.4,4.2,100.9,True,עדה?,2026-10-08
1216118,ריט אזורים אגחג,אזרט.ק3,IL0012161183,"אג""ח קונצרני","ריט אזורים - ה.פ ליווינג בע""מ",516117181,כן,כן,31/12/2029,3.59000,מדד המחירים לצרכן,,105.4,3.4,108.7,True,עדה?,2026-10-08
1234491,ריט אזורים אגחד,אזרט.ק4,IL0012344912,"אג""ח קונצרני","ריט אזורים - ה.פ ליווינג בע""מ",516117181,כן,כן,31/12/2028,2.59000,מדד המחירים לצרכן,,102.5,3.8,103.6,True,עדה?,2026-10-08
1223197,רייסדור   אגח א,רסדר.ק1,IL0012231978,"אג""ח קונצרני","רייסדור יזמות בע""מ",513708248,כן,כן,30/06/2030,6.35000,לא צמוד,,104.0,6.7,,True,עדה,2026-10-08
1237734,רייסדור   אגח ב,רסדר.ק2,IL0012377342,"אג""ח קונצרני","רייסדור יזמות בע""מ",513708248,כן,כן,31/12/2030,4.92000,לא צמוד,,101.6,3.2,,True,עדה?,2026-10-08
1211036,רימון אגח א,רימון.ק1,IL0012110362,"אג""ח קונצרני","רימון שירותי ייעוץ וניהול בע""מ",512467994,כן,כן,30/04/2032,5.82000,לא צמוד,,106.12,2.8,,True,עדה?,2026-10-08
1177625,רכבת ישר  אגח ג,רכבת.ק3,IL0011776254,"אג""ח קונצרני","רכבת ישראל בע""מ",520043613,כן,כן,30/06/2031,0.70000,מדד המחירים לצרכן,,113.61,2.5,101.3,True,עדה?,2026-10-08
1209436,רם אדרת   אגח ב,אדרת.ק2,IL0012094368,"אג""ח קונצרני","רם אדרת הנדסה אזרחית בע""מ",512947185,כן,כן,30/06/2028,7.69000,לא צמוד,,103.5,4.8,,True,עדה,2026-10-08
1217314,רם אדרת   אגח ג,אדרת.ק3,IL0012173147,"אג""ח קונצרני","רם אדרת הנדסה אזרחית בע""מ",512947185,כן,כן,31/12/2028,6.42000,לא צמוד,,99.95,5.0,,True,עדה,2026-10-08
1237197,רם אדרת   אגח ד,אדרת.ק4,IL0012371972,"אג""ח קונצרני","רם אדרת הנדסה אזרחית בע""מ",512947185,כן,כן,31/12/2029,6.90000,לא צמוד,,101.79,4.1,,True,עדה?,2026-10-08
1213750,רמות בעיר אגח ג,רמות.ק3,IL0012137506,"אג""ח קונצרני","רמות בעיר בע""מ",514328004,כן,כן,01/07/2029,6.97000,לא צמוד,,98.18,4.5,,True,עדה,2026-10-08
1218221,רמות בעיר אגח ד,רמות.ק4,IL0012182213,"אג""ח קונצרני","רמות בעיר בע""מ",514328004,כן,כן,01/07/2029,7.50000,לא צמוד,,97.42,5.4,,True,עדה?,2026-10-08
1199546,רנט איט   אגח א,רנטא.ק1,IL0011995466,"אג""ח קונצרני","רנט איט - ריט מגורים בע""מ",516581741,כן,כן,30/06/2027,4.20000,מדד המחירים לצרכן,,110.55,4.5,104.5,True,עדה,2026-10-08
1231448,רנט איט   אגח ב,רנטא.ק2,IL0012314485,"אג""ח קונצרני","רנט איט - ריט מגורים בע""מ",516581741,כן,כן,30/10/2029,2.50000,מדד המחירים לצרכן,,100.86,3.8,103.6,True,עדה?,2026-10-08
1171834,רני צים   אגח ב,רנצם.ק2,IL0011718348,"אג""ח קונצרני","רני צים מרכזי קניות בע""מ",514353671,כן,כן,01/03/2028,1.08000,מדד המחירים לצרכן,,117.2,4.1,100.1,True,עדה?,2026-10-08
1183193,רני צים   אגח ג,רנצם.ק3,IL0011831935,"אג""ח קונצרני","רני צים מרכזי קניות בע""מ",514353671,כן,כן,01/07/2029,0.94000,מדד המחירים לצרכן,,109.91,2.9,102.3,True,עדה?,2026-10-08
1218973,רני צים   אגח ד,רנצם.ק4,IL0012189739,"אג""ח קונצרני","רני צים מרכזי קניות בע""מ",514353671,כן,כן,30/06/2031,3.44000,מדד המחירים לצרכן,,105.75,3.3,101.5,True,עדה,2026-10-08
1230275,רני צים   אגח ה,רנצם.ק5,IL0012302753,"אג""ח קונצרני","רני צים מרכזי קניות בע""מ",514353671,כן,כן,30/06/2031,2.50000,מדד המחירים לצרכן,,95.7,3.3,103.6,True,עדה,2026-10-08
1157668,שלמה נדלן אגח ד,שלנד.ק4,IL0011576688,"אג""ח קונצרני","ש.י.ר. שלמה נדל""ן בע""מ",513957472,כן,כן,31/10/2030,4.10000,לא צמוד,,100.78,3.9,,True,עדה?,2026-10-08
1207927,שובל      אגח א,שובל.ק1,IL0012079278,"אג""ח קונצרני","שובל הנדסה ובניין בע""מ",512951518,כן,כן,30/09/2027,7.78000,לא צמוד,,102.0,4.4,,True,עדה?,2026-10-08
1217488,שובל      אגח ב,שובל.ק2,IL0012174889,"אג""ח קונצרני","שובל הנדסה ובניין בע""מ",512951518,כן,כן,31/03/2030,6.41000,לא צמוד,,99.84,5.1,,True,עדה?,2026-10-08
7460389,שטראוס    אגח ה,שטרס.ק5,IL0074603890,"אג""ח קונצרני","שטראוס גרופ בע""מ",520003781,כן,כן,30/06/2027,2.61000,לא צמוד,,100.27,3.4,,True,עדה?,2026-10-08
7460421,שטראוס    אגח ו,שטרס.ק6,IL0074604211,"אג""ח קונצרני","שטראוס גרופ בע""מ",520003781,כן,כן,30/06/2037,1.90000,לא צמוד,,87.59,1.5,,True,עדה?,2026-10-08
1135888,שכון ובי אגח  8,שוב.ק8,IL0011358889,"אג""ח קונצרני","שיכון ובינוי בע""מ",520036104,כן,כן,01/05/2029,3.90000,מדד המחירים לצרכן,,124.49,4.0,99.6,True,עדה?,2026-10-08
1167386,שכון ובי אגח  9,שוב.ק9,IL0011673865,"אג""ח קונצרני","שיכון ובינוי בע""מ",520036104,כן,כן,31/03/2031,3.25000,מדד המחירים לצרכן,,121.85,4.3,100.1,True,עדה?,2026-10-08
1175132,שכון ובי אגח 10,שוב.ק10,IL0011751323,"אג""ח קונצרני","שיכון ובינוי בע""מ",520036104,כן,כן,30/04/2030,2.80000,לא צמוד,,97.39,3.5,,True,עדה,2026-10-08
1228766,שכון ובי אגח 11,שוב.ק11,IL0012287665,"אג""ח קונצרני","שיכון ובינוי בע""מ",520036104,כן,כן,31/03/2033,5.52000,לא צמוד,,102.13,2.9,,True,עדה,2026-10-08
1214865,שמואל בר  אגח א,שמבר.ק1,IL0012148651,"אג""ח קונצרני","שמואל ברוך יזמות ובניה בע""מ",512403247,כן,כן,30/06/2028,7.40000,לא צמוד,,106.31,7.8,,True,עדה?,2026-10-08
1245414,שמואל בר  אגח ב,שמבר.ק2,IL0012454141,"אג""ח קונצרני","שמואל ברוך יזמות ובניה בע""מ",512403247,כן,כן,31/12/2030,6.80000,לא צמוד,,101.0,1.0,,True,עדה?,2026-10-08
