code,category,name,status,location,permit_link,chp_number,chp_match_name,chp_match_kind,chp_confidence,chp_verified,chp_verify_returned_code
653,פיננסים,"אגוז הנפקות ופיננסים בע""מ",היתר עסקה בתוקף,ישראל,https://drive.google.com/file/d/1zZuLZ-m9k4y8iXVJ68-_sTHF7roo_bzZ/view?usp=sharing,515293223,"אגוז הנפקות ופיננסים בע""מ",company,exact,True,653
468,בנק לאומי,"בנק לאומי לישראל בע""מ",היתר עסקה בתוקף,ישראל,https://heteriske.com/wp-content/uploads/custom_uploads/2026/08/בנק-לאומי-לישראל-בע_מ.pdf,520018078,בנק לאומי לישראל בעמ,company,exact,True,468
1097,מוסדות ועמותות,הסתדרות אגודת ישראל בארץ ישראל,היתר עסקה בתוקף,,https://heteriske.com/wp-content/uploads/custom_uploads/2026/08/הסתדרות-אגודת-ישראל-בארץ-ישראל.pdf,580421527,"הסתדרות אגודת ישראל בארץ ישראל בבני ברק (ע""ר)",association,fuzzy,False,
516,פיננסים,"וויל קפיטל ב.ד.ש. בע""מ",היתר עסקה בתוקף,ישראל,https://drive.google.com/file/d/1bSH8q7GzrGtJ6TvcRy806fun1s-4r3gm/view?usp=sharing,516602216,"וויל קפיטל ב.ד.ש. בע""מ",company,exact,True,516
529,מימון,"מיטב הלוואות בע""מ",היתר עסקה בתוקף,ישראל,https://drive.google.com/file/d/1UYecdseT44ojo8W0OVSa0WOD-fEaO0p9/view?usp=sharing,514817154,"מיטב הלוואות בע""מ",company,exact,True,529
577,מימון,"מימון ישיר נדל""ן ומשכנתאות בע""מ",היתר עסקה בתוקף,,https://drive.google.com/file/d/1vKlsYST97zvr4qu-dHL0zCktV-chypWu/view?usp=sharing,516100153,"מימון ישיר נדל""ן ומשכנתאות בע""מ",company,exact,True,577
759,"נדל""ן","מנוס - בן יפונה 10 בע""מ",היתר עסקה בתוקף,,https://drive.google.com/file/d/1cLthnttlJC28eFdRcnDTKh3mvkIQxccw/view?usp=sharing,515089191,"מנוס - בן יפונה 10 בע""מ",company,exact,True,759
758,"נדל""ן","מנוס - שאול המלך 63 בע""מ",היתר עסקה בתוקף,,https://drive.google.com/file/d/1tl9g_y1efXz2SwelYlF8Je6lFlkzOH93/view?usp=sharing,514832781,"מנוס - שאול המלך 63 בע""מ",company,exact,True,758
757,"נדל""ן","מנוס - שמעוני 34 בע""מ",היתר עסקה בתוקף,,https://drive.google.com/file/d/13p35BwHSL2Cm4y2v1dUHL70g8Ah7WDn-/view?usp=sharing,515848968,"מנוס - שמעוני 34 בע""מ",company,exact,True,757
524,"נדל""ן","מנוס ניהול ואחזקות בע""מ",היתר עסקה בתוקף,ישראל,https://drive.google.com/file/d/1Omg2BuDQ379U9FjIhLIyqfsc7KdUK6Wx/view?usp=sharing,,,,,,
475,מוסדות חינוך,"מרכז בית יעקב בארץ ישראל (ע""ר)",היתר עסקה בתוקף,ישראל,https://drive.google.com/file/d/164iUXaOfZ7l7ocwzo7ai1vK8SAOsMcV7/view?usp=sharing,580026805,"מרכז בית יעקב בארץ ישראל (ע""ר)",association,exact,True,475
532,מאגד אשראי,"נדרים פלוס מערכות מידע בע""מ",היתר עסקה בתוקף,ישראל,https://drive.google.com/file/d/1-JlA4eHd8BuG7R6Jd3Ab6CyA350j_rdT/view?usp=sharing,516831591,"נדרים פלוס מערכות מידע בע""מ",company,exact,True,532
692,כללי,עיריית אלעד,היתר עסקה בתוקף,,https://drive.google.com/file/d/15BrtLMZm8nyoMS01MGZoRhe7gBov--1b/view?usp=drive_link,,,,,,
419,עירייה,עיריית ירושלים,היתר עסקה בתוקף,ירושלים - ישראל,https://drive.google.com/file/d/1UqouDziIAsLP_aNPXrA2OODzD1PCjMnH/view?usp=sharing,,,,,,
1166,"ריהוט, מוצרי חשמל ותינוקות",פיקס האלומיניום,היתר עסקה בתוקף,,https://heteriske.com/wp-content/uploads/custom_uploads/2026/08/פיקס-האלומיניום.pdf,,,,,,
736,"נדל""ן","קבוצת מנוס ייזום והשקעות בע""מ",היתר עסקה בתוקף,,https://drive.google.com/file/d/1XOkSMjtLsjlKfaa3Gw66wmmB1c7OilNK/view?usp=drive_link,514662519,"קבוצת מנוס ייזום והשקעות בע""מ",company,exact,True,736
687,מוזיקה,"רם אדרת סלעית גני איילון בע""מ",היתר עסקה בתוקף,,https://drive.google.com/file/d/1Mb4h7tJ2Dm5G_0oVulbn3KrIluSJBck8/view?usp=drive_link,516386745,"רם אדרת סלעית גני איילון בע""מ",company,exact,True,687
1052,"נדל""ן","א.ב ברזיל ישראל נדל""ן בע""מ",היתר עסקה בתוקף,,https://drive.google.com/file/d/16ZwZfxUiFdRVPxI-TfH66VjTGmV0_7ye/view?usp=drive_link,514533470,"א.ב ברזיל ישראל נדל""ן בע""מ",company,exact,True,1052
1323,בניה,"פיתוח מזרח ירושלים בע""מ",היתר עסקה בתוקף,,https://heteriske.com/wp-content/uploads/custom_uploads/2026/05/היתר-עסקא-פיתוח-מזרח-ירושלים.pdf,520027392,פיתוח מזרח ירושלים בעמ,company,exact,True,1323
1141,יבוא ושיווק,"גרינקאר (אייימאד) יבוא ומסחר בע""מ",היתר עסקה בתוקף,,https://heteriske.com/wp-content/uploads/custom_uploads/2026/08/גרינקאר-אייימאד-יבוא-ומסחר-בע_מ.pdf,516330123,"גרינקאר (אייימאד) יבוא ומסחר בע""מ",company,exact,True,1141
868,מוסדות,"קול יששכר ע""ר",היתר עסקה בתוקף,ישראל,https://heteriske.com/wp-content/uploads/custom_uploads/2026/08/קול-יששכר-ע_ר.pdf,,,,,,
1082,"נדל""ן","גומל חסדים טובים בע""מ",היתר עסקה בתוקף,,https://heteriske.com/wp-content/uploads/custom_uploads/2026/08/גומל-חסדים-טובים-בע_מ.pdf,515715969,"גומל חסדים טובים בע""מ",company,exact,True,1082
851,פיננסים,"די.בי.אס נצח קפיטל גרופ בע""מ",היתר עסקה בתוקף,ישראל,https://heteriske.com/wp-content/uploads/custom_uploads/2026/08/די.בי.אס-נצח-קפיטל-גרופ-בע_מ.pdf,517017406,"די.בי.אס נצח קפיטל גרופ בע""מ",company,exact,True,851
1092,יעוץ,"דרך 38 מרכז לבריאות בע""מ",היתר עסקה בתוקף,,https://heteriske.com/wp-content/uploads/custom_uploads/2026/08/דרך-38-מרכז-לבריאות-בע_מ.pdf,515421253,"דרך 38 מרכז לבריאות בע""מ",company,exact,True,1092
1093,יעוץ,"דרך 38 שירותים מקצועיים בע""מ",היתר עסקה בתוקף,,https://heteriske.com/wp-content/uploads/custom_uploads/2026/08/דרך-38-שירותים-מקצועיים-בע_מ.pdf,515032209,"דרך 38 שירותים מקצועיים בע""מ",company,exact,True,1093
1098,טלפוניה,"וויידלי מובייל בע""מ",היתר עסקה בתוקף,,https://heteriske.com/wp-content/uploads/custom_uploads/2026/08/וויידלי-מובייל-בע_מ.pdf,,,,,,
1138,חנות,פסיפלורה,היתר עסקה בתוקף,,https://heteriske.com/wp-content/uploads/custom_uploads/2026/08/פסיפלורה.pdf,,,,,,
1159,הלוואות והשקעות,פיתרון,היתר עסקה בתוקף,,https://heteriske.com/wp-content/uploads/custom_uploads/2026/08/פיתרון.pdf,,,,,,
1146,צ'יינג',"שי מידע פיננסים והשקעות בע""מ",היתר עסקה בתוקף,,https://heteriske.com/wp-content/uploads/custom_uploads/2026/08/שי-מידע-פיננסים-והשקעות-בע_מ.pdf,514768803,"שי מידע פיננסים והשקעות בע""מ",company,exact,True,1146
1056,"נדל""ן","אופק חופים בע""מ",היתר עסקה בתוקף,,https://drive.google.com/file/d/1ffT3AzNgnszZJ_BDpmT66qqus3gW_vBg/view?usp=drive_link,514698216,"אופק חופים בע""מ",company,exact,True,1056
1057,"נדל""ן","אחוזת אריה 2015 בע""מ",היתר עסקה בתוקף,,https://drive.google.com/file/d/1uuytYNIeELvEubN8x7ni-iNTgG4aTEom/view?usp=drive_link,515242378,"אחוזת אריה 2015 בע""מ",company,exact,True,1057
1059,"נדל""ן","איחוד מגורי ישראל בע""מ",היתר עסקה בתוקף,,https://heteriske.com/wp-content/uploads/custom_uploads/2026/08/איחוד-מגורי-ישראל-בע_מ.pdf,516242419,"איחוד מגורי ישראל בע""מ",company,exact,True,1059
1064,"נדל""ן","אפי קפיטל אחזקות בע""מ",היתר עסקה בתוקף,,https://drive.google.com/file/d/16o3xT1fCi58pGpohOruq5GxJI7yROgY6/view?usp=drive_link,517084216,"אפי קפיטל פ. אחזקות בע""מ",company,fuzzy,False,
1065,"נדל""ן","אפי קפיטל אחזקות משכנות בראל בע""מ",היתר עסקה בתוקף,,https://drive.google.com/file/d/1s330kZJFI-Wi974dG6ueLNnA8wYIbIbc/view?usp=drive_link,,,,,,
1066,"נדל""ן","אפי קפיטל ביוני בע""מ",היתר עסקה בתוקף,,https://drive.google.com/file/d/1B-00pcul3gH-pcu8KrxeVIQyovIWIY5V/view?usp=drive_link,,,,,,
1067,"נדל""ן","אפי קפיטל בע""מ",היתר עסקה בתוקף,,https://drive.google.com/file/d/1TRZHCZ_6h7U7OQhk1D2qPhXAJB0_UfWm/view?usp=drive_link,515116820,"אפי קפיטל בע""מ",company,exact,True,1067
1068,"נדל""ן","אפי קפיטל בעיר היין בע""מ",היתר עסקה בתוקף,,https://drive.google.com/file/d/1SSNuhQfBN2ZvjyX4yFWVrYKJ3Nw5ZvPf/view?usp=drive_link,515695633,"אפי קפיטל בעיר היין בע""מ",company,exact,True,1068
1069,"נדל""ן","אפי קפיטל בראל ביצוע בע""מ",היתר עסקה בתוקף,,https://drive.google.com/file/d/1DDJ4Doyx7Pg34aOC_7VJO_-et0P9XzrK/view?usp=drive_link,,,,,,
1070,"נדל""ן","אפי קפיטל בראל למשתכן בע""מ",היתר עסקה בתוקף,,https://drive.google.com/file/d/1LxcQf8cwxLof52wftMpqzm5xTZXjZ38y/view?usp=drive_link,,,,,,
1071,"נדל""ן","אפי קפיטל מגורים בע""מ",היתר עסקה בתוקף,,https://drive.google.com/file/d/1mms0gdMw89zYycRdBDB75UKly9BKzV7T/view?usp=sharing,515836369,"אפי קפיטל מגורים בע""מ",company,exact,True,1071
1072,"נדל""ן","אפי קפיטל מתחמים בע""מ",היתר עסקה בתוקף,,https://drive.google.com/file/d/1EemBhINC8Z9Snew5URfJmFI2WbAg-JG8/view?usp=drive_link,515851673,"אפי קפיטל מתחמים בע""מ",company,exact,True,1072
1073,"נדל""ן","אפי קפיטל עמרם אברהם בע""מ",היתר עסקה בתוקף,,https://drive.google.com/file/d/1WlMXHggmaB7oePNevhlBqDD7A6FDmawl/view?usp=drive_link,515529493,"אפי קפיטל עמרם אברהם בע""מ",company,exact,True,1073
1074,"נדל""ן","אפי קפיטל עמרם אברהם קריית גת בע""מ",היתר עסקה בתוקף,,https://drive.google.com/file/d/1x7nQxt0chyfk4n_DLlgcnC1xQP5ghC5P/view?usp=drive_link,515924926,"אפי קפיטל עמרם אברהם קריית גת בע""מ",company,exact,True,1074
1075,"נדל""ן","אפי קפיטל פרוייקטים בע""מ",היתר עסקה בתוקף,,https://drive.google.com/file/d/1eskl2Yc6NmcCfxye5-F7EmVoCSrMnWRu/view?usp=drive_link,515837276,"אפי קפיטל פרוייקטים בע""מ",company,exact,True,1075
1077,סטראפ,"ב.ו.ב מדף 24 בע""מ",היתר עסקה בתוקף,,https://drive.google.com/file/d/1IKhrZL7gnHhOu6DRygurXEkZV0Kb0pa2/view?usp=drive_link,,,,,,
1079,שונות,"בלו-אי טכנולוגיות מים בע""מ",היתר עסקה בתוקף,,https://drive.google.com/file/d/1R3VZdgWan2FLGRoXzPVEJLWpH6aoW2m-/view?usp=drive_link,513484675,"בלו-אי טכנולוגיות מים בע""מ",company,exact,True,1079
1080,"נדל""ן","בראל אפי קפיטל בע""מ",היתר עסקה בתוקף,,https://heteriske.com/wp-content/uploads/custom_uploads/2026/08/בראל-אפי-קפיטל-בע_מ.pdf,515851731,"בראל אפי קפיטל בע""מ",company,exact,True,1080
1162,מפעלי אוכל וצרכניות,פירות הכיכר,היתר עסקה בתוקף,,https://heteriske.com/wp-content/uploads/custom_uploads/2026/08/פירות-הכיכר.pdf,,,,,,
1145,עמותה,"יאדיר תורה בנגב בע""מ",היתר עסקה בתוקף,,https://heteriske.com/wp-content/uploads/custom_uploads/2026/08/יאדיר-תורה-בנגב-בע_מ.pdf,514062827,"יאדיר תורה בנגב בע""מ (חל""ץ)",company,fuzzy,True,1145
853,אשראי,"כספא סליקה כשרה בע""מ",היתר עסקה בתוקף,ישראל,https://heteriske.com/wp-content/uploads/custom_uploads/2026/08/כספא-סליקה-כשרה-בע_מ.pdf,517066940,"כספא סליקה כשרה בע""מ",company,exact,True,853
1139,עמותה,"משכן התורה נתיבות (ע""ר)",היתר עסקה בתוקף,,https://heteriske.com/wp-content/uploads/custom_uploads/2026/08/משכן-התורה-נתיבות-ע_ר.pdf,580400323,"משכן התורה נתיבות (ע""ר)",association,exact,True,1139
1143,עמותה,"נטעי ראובן (ע""ר)",היתר עסקה בתוקף,,https://heteriske.com/wp-content/uploads/custom_uploads/2026/08/נטעי-ראובן-ע_ר.pdf,580356947,"נטעי ראובן (ע""ר)",association,exact,True,1143
1144,עמותה,"נתיבות ראובן יוסף (ע""ר)",היתר עסקה בתוקף,,https://drive.google.com/file/d/1-6xk_6ZDbd31rOkyNEtWcSRDxITexuC-/view?usp=sharing,580077865,"נתיבות ראובן יוסף (ע""ר)",association,exact,True,1144
1142,ביגוד,קהלני שלום,היתר עסקה בתוקף,,https://heteriske.com/wp-content/uploads/custom_uploads/2026/08/קהלני-שלום.pdf,,,,,,
1106,השקעות,מגדלור קרן השקעות בעסקים שותפות מוגבלת,היתר עסקה בתוקף,,https://drive.google.com/file/d/1_R4XjqM7fdQOsZygdmfwnJYGJKnvyvd8/view?usp=drive_link,,,,,,
1107,השקעות,"מגדלור קרן השקעות שירותי ניהול בע""מ",היתר עסקה בתוקף,,https://drive.google.com/file/d/18G3HcBUuqJcKsHBftjYcxvauYmOLjoX3/view?usp=drive_link,516284387,"מגדלור קרן השקעות 2 - שירותי ניהול בע""מ",company,fuzzy,False,
1103,"נדל""ן","ישראל שאולי תכנון ובנייה בע""מ",היתר עסקה בתוקף,,https://drive.google.com/file/d/1ohnUp1hR3aiywlWBnq35e_XqD3SSOQVC/view?usp=drive_link,,,,,,
1053,הלוואות והשקעות,"א.י קרן גשרים אשראי בע""מ",היתר עסקה בתוקף,,https://heteriske.com/wp-content/uploads/custom_uploads/2026/08/א.י-קרן-גשרים-אשראי-בע_מ-1.pdf,512848110,"א.י קרן גשרים אשראי בע""מ",company,exact,True,1053
1084,לימודים,גשרים 2 - שותפות השקעה שותפות מוגבלת,היתר עסקה בתוקף,,https://heteriske.com/wp-content/uploads/custom_uploads/2026/08/גשרים-2-שותפות-השקעה-שותפות-מוגבלת.pdf,,,,,,
1085,לימודים,גשרים 2 שותפות אשראי שותפות מוגבלת,היתר עסקה בתוקף,,https://heteriske.com/wp-content/uploads/custom_uploads/2026/08/גשרים-2-שותפות-אשראי-שותפות-מוגבלת.pdf,,,,,,
1086,לימודים,גשרים 2-שותפות ליווי בניה שותפות מוגבלת,היתר עסקה בתוקף,,https://drive.google.com/file/d/1WzptvZXlbGASby8CJMq98a40-uxhm9Ye/view?usp=drive_link,,,,,,
1158,תאגידי מים,"מי כרמל בע""מ",היתר עסקה בתוקף,,https://drive.google.com/file/d/1z1sm-IoKyuoQzF5N8tI7WBhLYvkkwLMf/view?usp=sharing,513531046,"מי כרמל בע""מ",company,exact,True,1158
1157,הלוואות והשקעות,"פיינסטר בע""מ",היתר עסקה בתוקף,,https://heteriske.com/wp-content/uploads/custom_uploads/2026/08/פיינסטר-בע_מ.pdf,515781003,"פיינסטר בע""מ",company,exact,True,1157
1063,מימון,"אנ""ש משכנתאות ופתרונות אשראי חכמים בע""מ",היתר עסקה בתוקף,,https://heteriske.com/wp-content/uploads/custom_uploads/2026/08/אנ_ש-משכנתאות-ופתרונות-אשראי-חכמים-בע_מ.pdf,516078797,"אנ""ש משכנתאות ופתרונות אשראי חכמים בע""מ",company,exact,True,1063
1147,מימון,"ארבל ב.ש. פתרונות מימון ומשכנתאות בע""מ",היתר עסקה בתוקף,,https://heteriske.com/wp-content/uploads/custom_uploads/2026/08/ארבל-ב.ש.-פתרונות-מימון-ומשכנתאות-בע_מ.pdf,516214723,"ארבל ב.ש. פתרונות מימון ומשכנתאות בע""מ",company,exact,True,1147
852,"נדל""ן","שמואל ברוך יזמות ובניה בע""מ",היתר עסקה בתוקף,ישראל,https://drive.google.com/file/d/1AJZmbmmIZHYqn60UoFPpKnPM6t25Yxf0/view?usp=sharing,512403247,"שמואל ברוך יזמות ובניה בע""מ",company,exact,True,852
1054,קורסים,"אבי בן רפאל יעוץ והדרכה לבטיחות בדרכים בע""מ",היתר עסקה בתוקף,,https://heteriske.com/wp-content/uploads/custom_uploads/2026/08/אבי-בן-רפאל-יעוץ-והדרכה-לבטיחות-בדרכים-בע_מ.pdf,515004943,"אבי בן רפאל יעוץ והדרכה לבטיחות בדרכים בע""מ",company,exact,True,1054
1102,תקשורת,"יעקב בן יוסף מערכות תקשורת מתקדמות בע""מ",היתר עסקה בתוקף,,https://heteriske.com/wp-content/uploads/custom_uploads/2026/08/יעקב-בן-יוסף-מערכות-תקשורת-מתקדמות-בע_מ.pdf,516173366,"יעקב בן יוסף מערכות תקשורת מתקדמות בע""מ",company,exact,True,1102
1156,עמילות מכס,"בראשית לוגיסטיקה בינלאומית בע""מ",היתר עסקה בתוקף,,https://drive.google.com/file/d/1xO7AdNXbYM4zsinXF55tASTM2HN7d-RF/view?usp=sharing,513999672,"בראשית - לוגיסטיקה בינלאומית בע""מ",company,exact,True,1156
865,"עו""ד",י. שרעבי ושות' משרד עורכי דין ונוטריון,היתר עסקה בתוקף,ישראל,https://heteriske.com/wp-content/uploads/custom_uploads/2026/08/י.-שרעבי-ושות-משרד-עורכי-דין-ונוטריון.pdf,,,,,,
864,"נדל""ן","א.ב.ג. קרית יערים בע""מ",היתר עסקה בתוקף,ישראל,https://heteriske.com/wp-content/uploads/custom_uploads/2026/08/א.ב.ג.-קרית-יערים-בע_מ.pdf,517037917,"א.ב.ג. קרית יערים בע""מ",company,exact,True,864
1154,"נדל""ן",אלון מורן,היתר עסקה בתוקף,,https://drive.google.com/file/d/1eloSiVVbtYiOjjujD_6UFWqLTfOY1upy/view?usp=sharing,,,,,,
1153,"נדל""ן",אלישע אלישי להב,היתר עסקה בתוקף,,https://drive.google.com/file/d/1xeD4g4hfoZJ_bs6IrNAwtpy2UAubUYu_/view?usp=sharing,,,,,,
1088,גז,"דלקל אחזקות 2009 בע""מ",היתר עסקה בתוקף,,https://heteriske.com/wp-content/uploads/custom_uploads/2026/08/דלקל-אחזקות-2009-בע_מ.pdf,514338250,"דלקל אחזקות 2009 בע""מ",company,exact,True,1088
1089,גז,"דלקל גז בע""מ",היתר עסקה בתוקף,,https://heteriske.com/wp-content/uploads/custom_uploads/2026/08/דלקל-גז-בע_מ.pdf,514864826,"דלקל גז בע""מ",company,exact,True,1089
1136,גז,"דלקל דקלים בע""מ",היתר עסקה בתוקף,,https://heteriske.com/wp-content/uploads/custom_uploads/2026/08/דלקל-דקלים-בע_מ.pdf,,,,,,
1137,גז,"דלקל מואס גז בע""מ",היתר עסקה בתוקף,,https://heteriske.com/wp-content/uploads/custom_uploads/2026/08/דלקל-מואס-גז-בע_מ.pdf,516108099,"דלקל מואס גז בע""מ",company,exact,True,1137
1135,גז,"דלקל נכסים (2015) בע""מ",היתר עסקה בתוקף,,https://heteriske.com/wp-content/uploads/custom_uploads/2026/08/דלקל-נכסים-2015-בע_מ.pdf,515138998,"דלקל נכסים (2015) בע""מ",company,exact,True,1135
1090,דלק,"דלקלומט בע""מ",היתר עסקה בתוקף,,https://heteriske.com/wp-content/uploads/custom_uploads/2026/08/דלקלומט-בע_מ.pdf,513492595,"דלקלומט בע""מ",company,exact,True,1090
1148,"נדל""ן","טי.סי.אי תמ""א במרכז בע""מ",היתר עסקה בתוקף,,https://drive.google.com/file/d/1fvO4MYSnxk_N38DfXelElIQFVn_eh3l8/view?usp=sharing,,,,,,
1100,גז,"י.א.מ.א. מרגליות פיתוח בע""מ",היתר עסקה בתוקף,,https://heteriske.com/wp-content/uploads/custom_uploads/2026/08/י.א.מ.א.-מרגליות-פיתוח-בע_מ.pdf,513522615,"י.א.מ.א. מרגליות פיתוח בע""מ",company,exact,True,1100
1101,ביטוחים,"ים הדר סוכנות לביטוח (2017) בע""מ",היתר עסקה בתוקף,,https://heteriske.com/wp-content/uploads/custom_uploads/2026/08/ים-הדר-סוכנות-לביטוח-2017-בע_מ.pdf,515702728,"ים הדר סוכנות לביטוח ( 2017 ) בע""מ",company,exact,True,1101
854,"נדל""ן","ירוחם תיווך ויזמות בע""מ",היתר עסקה בתוקף,ישראל,https://heteriske.com/wp-content/uploads/custom_uploads/2026/08/ירוחם-תיווך-ויזמות-בע_מ.pdf,,,,,,
872,לצפיה בהיתר עסקה,מגה פון,היתר עסקה בתוקף,ערד - ישראל,https://heteriske.com/wp-content/uploads/custom_uploads/2026/08/מגה-פון-.pdf,,,,,,
1149,"נדל""ן","פנחס 70 רמת גן בע""מ",היתר עסקה בתוקף,,https://heteriske.com/wp-content/uploads/custom_uploads/2026/08/פנחס-70-רמת-גן-בע_מ.pdf,515423267,"פנחס 70 רמת גן בע""מ",company,exact,True,1149
1150,"נדל""ן","פרסונל אינווסט בע""מ",היתר עסקה בתוקף,,https://heteriske.com/wp-content/uploads/custom_uploads/2026/08/פרסונל-אינווסט-בע_מ.pdf,515947828,"פרסונל אינווסט בע""מ",company,exact,True,1150
1151,"נדל""ן","פרסונל אנד מור סוכנות לביטוח ותכנון פנסיוני (2018) בע""מ",היתר עסקה בתוקף,,https://drive.google.com/file/d/14tTyfcoTBHFMRnu-t6Kno5gMKksoxrr1/view?usp=sharing,515820751,"פרסונל אנד מור סוכנות לביטוח ותכנון פנסיוני (2018) בע""מ",company,exact,True,1151
1152,"נדל""ן","פרסונל יזמות מ.ל. בע""מ",היתר עסקה בתוקף,,https://heteriske.com/wp-content/uploads/custom_uploads/2026/08/פרסונל-יזמות-מ.ל.-בע_מ.pdf,516022167,"פרסונל יזמות מ.ל. בע""מ",company,exact,True,1152
1155,"נדל""ן","תשתיות השרון מ.ל בע""מ",היתר עסקה בתוקף,,https://heteriske.com/wp-content/uploads/custom_uploads/2026/08/תשתיות-השרון-מ.ל-בע_מ.pdf,516038874,"תשתיות השרון מ.ל בע""מ",company,exact,True,1155
850,אשראי,"סילבר ג.י. ניהול בע""מ",היתר עסקה בתוקף,ישראל,https://heteriske.com/wp-content/uploads/custom_uploads/2026/08/סילבר-ג.י.-ניהול-בע_מ.pdf,515572212,"סילבר ג.י. ניהול בע""מ",company,exact,True,850
848,"נדל""ן","שרי את אלכס השקעות וניהול פרוייקטים בע""מ",היתר עסקה בתוקף,ישראל,https://heteriske.com/wp-content/uploads/custom_uploads/2026/08/שרי-את-אלכס-השקעות-וניהול-פרוייקטים-בע_מ.pdf,513998435,"שרי את אלכס השקעות וניהול פרוייקטים בע""מ",company,exact,True,848
862,"נדל""ן","אורנשטיין ניהול וביצוע פרוייקטים בע""מ",היתר עסקה בתוקף,ישראל,https://heteriske.com/wp-content/uploads/custom_uploads/2026/08/אורנשטיין-ניהול-וביצוע-פרוייקטים-בע_מ.pdf,514637354,"אורנשטיין - ניהול וביצוע פרוייקטים בע""מ",company,exact,True,862
860,מוני מים,"אפיקי מים נתיבות ע""ר",היתר עסקה בתוקף,ישראל,https://heteriske.com/wp-content/uploads/custom_uploads/2026/08/אפיקי-מים-נתיבות-ע_ר.pdf,,,,,,
859,מוני מים,"ארד בע""מ",היתר עסקה בתוקף,ישראל,https://heteriske.com/wp-content/uploads/custom_uploads/2026/08/ארד-בע_מ.pdf,510007800,ארד בעמ,company,exact,True,859
1081,"נדל""ן","ג.מ.נ. שיווק לבניה בע""מ",היתר עסקה בתוקף,,https://drive.google.com/file/d/1I3klS5DtY1C3u1bLG8nDZkLnqp9s0Iuu/view?usp=drive_link,514693761,"ג.מ.נ. שיווק לבניה בע""מ",company,exact,True,1081
1164,חשמל,"סונול גז פלוס בע""מ",היתר עסקה בתוקף,,https://drive.google.com/file/d/1IS-dpVkMPIH7Y1hUUEbVtpJhSaFGYC91/view?usp=sharing,515916542,"סונול גז פלוס בע""מ",company,exact,True,1164
873,ארונות אמבט ופינות נטילה,Shower top,היתר עסקה בתוקף,ישראל,https://heteriske.com/wp-content/uploads/custom_uploads/2026/08/Shower-top-.pdf,,,,,,
1048,פאניות ואיפור,א. זלוצ'בסקי,היתר עסקה בתוקף,,https://drive.google.com/file/d/1pY1rIT-BffItrusWGBhlcGORzhnjTQMC/view?usp=drive_link,,,,,,
863,"נדל""ן","אברהם זילברברג בניה ויזום בע""מ",היתר עסקה בתוקף,ישראל,https://heteriske.com/wp-content/uploads/custom_uploads/2026/08/אברהם-זילברברג-בניה-ויזום-בע_מ.pdf,516734472,"אברהם זילברברג בניה ויזום בע""מ",company,exact,True,863
1095,מוסדות ועמותות,"הדרום בפריחה ערד (ע""ר)",היתר עסקה בתוקף,,https://drive.google.com/file/d/1d1cuskhye-Tj744dkWglgzKViiwQUNIf/view?usp=drive_link,580648772,"הדרום בפריחה - ערד (ע""ר)",association,exact,True,1095
1099,"כלי בית, שטיחים, עיצובים",טוליפ,היתר עסקה בתוקף,,https://drive.google.com/file/d/1FlMp7QPZja__vp_LACA_Byoi_Q413chS/view?usp=drive_link,,,,,,
1104,מימון,"לנד א.י בע""מ",היתר עסקה בתוקף,,https://drive.google.com/file/d/13HBkZvoSxfmpGcAvJAkqk5cQ_QaXlLOs/view?usp=drive_link,516118163,"לנד א.י בע""מ",company,exact,True,1104
1108,עמותות,"מוסדות חסידי בעלז בני-ברק (ע""ר)",היתר עסקה בתוקף,,https://heteriske.com/wp-content/uploads/custom_uploads/2026/08/מוסדות-חסידי-בעלז-בני-ברק-ע_ר.pdf,580031680,"מוסדות חסידי בעלזא בני-ברק (ע""ר)",association,fuzzy,True,1108
1109,מזון,מחסני המזון,היתר עסקה בתוקף,,https://drive.google.com/file/d/1S-3AkvfzOyyPiaki5MnnhjC59bcIbxY1/view?usp=drive_link,,,,,,
1110,דלתות,מיגון ישראל,היתר עסקה בתוקף,,https://drive.google.com/file/d/1Sgkk38XhkKvosQ9gwQuf-AKofVfQIF0Y/view?usp=drive_link,,,,,,
1167,פאניות ואיפור,ניהוז,היתר עסקה בתוקף,,https://drive.google.com/file/d/1ummXbqZca4VF5-wdUJzghBXjiWAKmXeR/view?usp=sharing,,,,,,
1163,מוסדות ועמותות,"פשוט לעזור לערד (ע""ר)",היתר עסקה בתוקף,,https://drive.google.com/file/d/1TH-juEgRA7RzNduu9qnKoEs4SOhFvHBf/view?usp=sharing,580599728,"פשוט לעזור לערד (ע""ר)",association,exact,True,1163
1161,"ביגוד, נעלים",קלאסי שוז,היתר עסקה בתוקף,,https://heteriske.com/wp-content/uploads/custom_uploads/2026/08/קלאסי-שוז.pdf,,,,,,
861,מזון וצרכנות,"אלסקה פרקמטיא בע""מ",היתר עסקה בתוקף,ישראל,https://heteriske.com/wp-content/uploads/custom_uploads/2026/08/אלסקה-פרקמטיא-בע_מ.pdf,515108413,"אלסקה פרקמטיא בע""מ",company,exact,True,861
1078,מוסדות ועמותות,"בית דוד בית שמש (ע""ר)",היתר עסקה בתוקף,,https://drive.google.com/file/d/1ccwMDxsuvb9rYVrP-fKkEQDPyIQSEcy9/view?usp=drive_link,580572782,"בית דוד בית שמש (ע""ר)",association,exact,True,1078
871,"נדל""ן","מגורי ביתר שי עולמות בע""מ",היתר עסקה בתוקף,ישראל,https://drive.google.com/file/d/1wDssMbxwOvm5yebHB-CppiwOYdnQl6xx/view?usp=sharing,516768744,"מגורי ביתר שי עולמות בע""מ",company,exact,True,871
869,"נדל""ן","נופי בראשית שי בגליל בע""מ",היתר עסקה בתוקף,ישראל,https://heteriske.com/wp-content/uploads/custom_uploads/2026/08/נופי-בראשית-שי-בגליל-בע_מ.pdf,516681947,"נופי בראשית שי בגליל בע""מ",company,exact,True,869
874,רשת מזון,"נתיב החסד סופר חסד בע""מ",היתר עסקה בתוקף,ישראל,https://heteriske.com/wp-content/uploads/custom_uploads/2026/08/נתיב-החסד-סופר-חסד-בע_מ.pdf,513777219,"נתיב החסד - סופר חסד בע""מ",company,exact,True,874
1165,"ביגוד, נעלים",פרימה,היתר עסקה בתוקף,,https://drive.google.com/file/d/1Fw5WozCfw98VHXx8vRLYnzd5V62_Jckx/view?usp=sharing,,,,,,
867,"נדל""ן","קשת גיבורים בע""מ",היתר עסקה בתוקף,ישראל,https://heteriske.com/wp-content/uploads/custom_uploads/2026/08/קשת-גיבורים-בע_מ.pdf,514131499,"קשת גיבורים בע""מ",company,exact,True,867
866,"נדל""ן","קשת גיבורים שיווק בע""מ",היתר עסקה בתוקף,ישראל,https://heteriske.com/wp-content/uploads/custom_uploads/2026/08/קשת-גיבורים-שיווק-בע_מ.pdf,514844893,"קשת גיבורים - שיווק בע""מ",company,exact,True,866
1160,תשמישי קדושה,"סתם מהודר בע""מ",היתר עסקה בתוקף,,https://drive.google.com/file/d/1QMaA7QDeYjY5xc_LU8z6Eu0pC49ht4CL/view?usp=sharing,515189157,"סתם מהודר בע""מ",company,exact,True,1160
849,מימון,"א.ר.א.ב. בונוס בע""מ",היתר עסקה בתוקף,ישראל,https://heteriske.com/wp-content/uploads/custom_uploads/2026/08/א.ר.א.ב.-בונוס-בע_מ.pdf,512056789,"א.ר.א.ב. בונוס בע""מ",company,exact,True,849
1055,חברות אשראי,"אובלי ערבויות בע""מ",היתר עסקה בתוקף,,https://heteriske.com/wp-content/uploads/custom_uploads/2026/08/אובלי-ערבויות-בע_מ.pdf,515966661,"אובלי ערבויות בע""מ",company,exact,True,1055
1076,חלפנים / ציינג',ג'רוזלם צ'יינג',היתר עסקה בתוקף,,https://heteriske.com/wp-content/uploads/custom_uploads/2026/08/גרוזלם-ציינג.pdf,,,,,,
1061,"נדל""ן","אלדד פרי אסטרטגיות בע""מ",היתר עסקה בתוקף,,https://drive.google.com/file/d/1MYVY7Jj0xY8BxDb36CtpmNEZnJvrGwEt/view?usp=drive_link,515272078,"אלדד פרי אסטרטגיות בע""מ",company,exact,True,1061
1062,"נדל""ן","אלדד פרי נדל""ן בע""מ",היתר עסקה בתוקף,,https://drive.google.com/file/d/1n36VWyrz09TVVeuet3V6YS_4pUKt3ryd/view?usp=drive_link,514474634,"אלדד פרי נדל""ן בע""מ",company,exact,True,1062
858,חינוך,"בית יעקב- בית יהודה אריה ע""ר",היתר עסקה בתוקף,ישראל,https://heteriske.com/wp-content/uploads/custom_uploads/2026/08/בית-יעקב-בית-יהודה-אריה-ע_ר.pdf,580099869,"בית יעקב- בית יהודה אריה (ע""ר)",association,fuzzy,True,858
1087,אוכל,"דיילנא אוכל מרוקאי ביתי בע""מ",היתר עסקה בתוקף,,https://heteriske.com/wp-content/uploads/custom_uploads/2026/08/דיילנא-אוכל-מרוקאי-ביתי-בע_מ.pdf,515231546,"דיילנא אוכל מרוקאי ביתי בע""מ",company,exact,True,1087
1096,"נדל""ן","הנחלה - דיור להשכרה בע""מ",היתר עסקה בתוקף,,https://heteriske.com/wp-content/uploads/custom_uploads/2026/08/הנחלה-דיור-להשכרה-בע_מ.pdf,515783777,"הנחלה - דיור להשכרה בע""מ",company,exact,True,1096
870,מוסדות,"מגן אברהם קרנות לעזרה ולגמילות חסדים ע""ר",היתר עסקה בתוקף,ישראל,https://heteriske.com/wp-content/uploads/custom_uploads/2026/08/מגן-אברהם-קרנות-לעזרה-ולגמילות-חסדים-ע_ר.pdf,580194793,"מגן אברהם קרנות לעזרה ולגמילות חסדים (ע""ר)",association,fuzzy,True,870
857,מימון,"ברקת מימון בע""מ",היתר עסקה בתוקף,ישראל,https://heteriske.com/wp-content/uploads/custom_uploads/2026/08/ברקת-מימון-בע_מ.pdf,515279016,"ברקת מימון בע""מ",company,exact,True,857
856,מימון,"ברקת מימון יזמים בע""מ",היתר עסקה בתוקף,ישראל,https://heteriske.com/wp-content/uploads/custom_uploads/2026/08/ברקת-מימון-יזמים-בע_מ.pdf,517032579,"ברקת מימון יזמים בע""מ",company,exact,True,856
855,מימון,"ברקת קפיטל בע""מ",היתר עסקה בתוקף,ישראל,https://heteriske.com/wp-content/uploads/custom_uploads/2026/08/ברקת-קפיטל-בע_מ.pdf,515187326,"ברקת קפיטל בע""מ",company,exact,True,855
1140,מיזוג,"רזאור הנדסה ויעוץ בע""מ",היתר עסקה בתוקף,,https://heteriske.com/wp-content/uploads/custom_uploads/2026/08/רזאור-הנדסה-ויעוץ-בע_מ.pdf,512526278,"רזאור השקעות הנדסה ויעוץ בע""מ",company,fuzzy,True,1140
1050,"נדל""ן",א.א. נכסים,היתר עסקה בתוקף,,https://heteriske.com/wp-content/uploads/custom_uploads/2026/08/א.א-נכסים.pdf,,,,,,
1051,"נדל""ן","א.א. תכלת השקעות בטכנולוגיה בע""מ",היתר עסקה בתוקף,,https://heteriske.com/wp-content/uploads/custom_uploads/2026/08/א.א.-תכלת-השקעות-בטכנולוגיה-בע_מ.pdf,516205390,"א.א. תכלת השקעות בטכנולוגיה בע""מ",company,exact,True,1051
1058,שונות,"אחים גבאי חקלאות (1996) בע""מ",היתר עסקה בתוקף,,https://heteriske.com/wp-content/uploads/custom_uploads/2026/08/אחים-גבאי-חקלאות-1996-בע_מ.pdf,512279050,"אחים גבאי חקלאות (1996) בע""מ",company,exact,True,1058
1060,"נדל""ן","אימפקט אירופה ישראל יזמות והשקעות בע""מ",היתר עסקה בתוקף,,https://heteriske.com/wp-content/uploads/custom_uploads/2026/08/אימפקט-אירופה-ישראל-יזמות-והשקעות-בע_מ.pdf,,,,,,
1083,"נדל""ן","גרין סיטי נכסים בוקרשט בע""מ",היתר עסקה בתוקף,,https://heteriske.com/wp-content/uploads/custom_uploads/2026/08/גרין-סיטי-נכסים-בוקרשט-בע_מ.pdf,516162146,"גרין סיטי נכסים בוקרשט בע""מ",company,exact,True,1083
1091,דפוס,דפוס שילת,היתר עסקה בתוקף,,https://drive.google.com/file/d/1kCceGeMU0hjd3IkAtQVvOsTXtplnkT_S/view?usp=drive_link,,,,,,
1094,"נדל""ן","ה.ש.מ אירופה ישראל יזמות בע""מ",היתר עסקה בתוקף,,https://heteriske.com/wp-content/uploads/custom_uploads/2026/08/ה.ש.מ-אירופה-ישראל-יזמות-בע_מ.pdf,515018729,"ה.ש.מ אירופה - ישראל יזמות בע""מ",company,exact,True,1094
1105,"נדל""ן","מ.א.מ.י.א יזמות והשקעות בע""מ",היתר עסקה בתוקף,,https://heteriske.com/wp-content/uploads/custom_uploads/2026/08/מ.א.מ.י.א-יזמות-והשקעות-בע_מ.pdf,514968940,"מ.א.מ.י.א - יזמות והשקעות בע""מ",company,exact,True,1105
1827,ניהול ועד בית,"""חויבי""",היתר עסקה בתוקף,,https://heteriske.com/wp-content/uploads/custom_uploads/2026/05/חויבי.pdf,,,,,,
2843,בנקאות,3SV Asset and Holding Management,היתר עסקה בתוקף,ברזיל,https://heteriske.com/wp-content/uploads/custom_uploads/2026/08/3SV-Asset-and-Holding-Management.pdf,,,,,,
2825,בנקאות,ACS Participações,היתר עסקה בתוקף,ברזיל,https://heteriske.com/wp-content/uploads/custom_uploads/2026/08/ACS-Participacoes.pdf,,,,,,
2851,טקסטיל,ADAR IND. COM. IMP. EXP. LTDA.,היתר עסקה בתוקף,סאו פאולו - ברזיל,https://heteriske.com/wp-content/uploads/custom_uploads/2026/08/ברזיל-אדר.pdf,,,,,,
2852,טקסטיל,ADAR IND. COM. IMP. EXP. LTDA.,היתר עסקה בתוקף,ברזיל,https://heteriske.com/wp-content/uploads/custom_uploads/2026/08/ברזיל-אדר.pdf,,,,,,
2853,טקסטיל,ADAR IND. COM. IMP. EXP. LTDA.,היתר עסקה בתוקף,ברזיל,https://heteriske.com/wp-content/uploads/custom_uploads/2026/08/ברזיל-אדר.pdf,,,,,,
2854,טקסטיל,ADAR IND. COM. IMP. EXP. LTDA.,היתר עסקה בתוקף,ברזיל,https://heteriske.com/wp-content/uploads/custom_uploads/2026/08/ברזיל-אדר.pdf,,,,,,
21,תקשורת לעסקים,Aicom,היתר עסקה בתוקף,בית שמש - ישראל,https://drive.google.com/file/d/1RNN8rUxlxHdWxmAZo_HSXhStF8Y71ISn/view?usp=sharing,,,,,,
2403,בנקאות,AJS Asset Management,היתר עסקה בתוקף,ברזיל,https://heteriske.com/wp-content/uploads/custom_uploads/2026/07/31.846.936.pdf,,,,,,
2404,בנקאות,Alberto Joseph Safra Holding Ltda.,היתר עסקה בתוקף,ברזיל,https://heteriske.com/wp-content/uploads/custom_uploads/2026/07/35.606.157.pdf,,,,,,
629,מחשבים,aridesk,היתר עסקה בתוקף,ישראל,https://drive.google.com/file/d/1dVNyU_c1c_s2sLVSMIzQrDcidlJ3VYO6/view?usp=sharing,,,,,,
2408,בנקאות,Asa Assessor de Invesrimentos,היתר עסקה בתוקף,ברזיל,https://heteriske.com/wp-content/uploads/custom_uploads/2026/07/60.239.358.pdf,,,,,,
2402,בנקאות,Asa Asset Management,היתר עסקה בתוקף,ברזיל,https://heteriske.com/wp-content/uploads/custom_uploads/2026/07/19.807.960.pdf,,,,,,
2409,בנקאות,Asa Digital Assets S.A.,היתר עסקה בתוקף,ברזיל,https://heteriske.com/wp-content/uploads/custom_uploads/2026/07/60.483.028.pdf,,,,,,
2405,בנקאות,Asa Real Estate IMoveis Ltda.,היתר עסקה בתוקף,ברזיל,https://heteriske.com/wp-content/uploads/custom_uploads/2026/07/57.047.807.pdf,,,,,,
2406,בנקאות,Asa Services,היתר עסקה בתוקף,ברזיל,https://heteriske.com/wp-content/uploads/custom_uploads/2026/07/60.233.275.pdf,,,,,,
2407,בנקאות,Asa Sistemas Technologicos Ltda.,היתר עסקה בתוקף,ברזיל,https://heteriske.com/wp-content/uploads/custom_uploads/2026/07/60.233.455.pdf,,,,,,
2411,בנקאות,"Asa Sociedade de Credito, Financiamento e Investimentos S.A.",היתר עסקה בתוקף,ברזיל,https://heteriske.com/wp-content/uploads/custom_uploads/2026/07/78.703.388.pdf,,,,,,
2410,בנקאות,"Asa Sociedade de Credito, Financiamento e Investos S.A.",היתר עסקה בתוקף,ברזיל,https://heteriske.com/wp-content/uploads/custom_uploads/2026/07/61.166.983.pdf,,,,,,
2855,טקסטיל,AVANTI IND. COM. IMP. EXP. LTDA.,היתר עסקה בתוקף,ברזיל,https://heteriske.com/wp-content/uploads/custom_uploads/2026/08/ברזיל-אדר.pdf,,,,,,
2856,טקסטיל,AVANTI IND. COM. IMP. EXP. LTDA.,היתר עסקה בתוקף,ברזיל,https://heteriske.com/wp-content/uploads/custom_uploads/2026/08/ברזיל-אדר.pdf,,,,,,
2857,טקסטיל,AVANTI IND. COM. IMP. EXP. LTDA.,היתר עסקה בתוקף,ברזיל,https://heteriske.com/wp-content/uploads/custom_uploads/2026/08/ברזיל-אדר.pdf,,,,,,
2858,טקסטיל,AVANTI IND. COM. IMP. EXP. LTDA.,היתר עסקה בתוקף,סאו פאולו - ברזיל,https://heteriske.com/wp-content/uploads/custom_uploads/2026/08/ברזיל-אדר.pdf,,,,,,
2829,בנקאות,BANCO DAYCOVAL,היתר עסקה בתוקף,ברזיל,https://heteriske.com/wp-content/uploads/custom_uploads/2026/08/BANCO-DAYCOVAL.pdf,,,,,,
2836,בנקאות,BELMONT GROUP CORP.,היתר עסקה בתוקף,ברזיל,https://heteriske.com/wp-content/uploads/custom_uploads/2026/08/BELMONT-GROUP-CORP.pdf,,,,,,
2848,בנקאות,Brl1 Consortium S/A,היתר עסקה בתוקף,סאו פאולו - ברזיל,https://heteriske.com/wp-content/uploads/custom_uploads/2026/08/Brl1-Consortium-SA.pdf,,,,,,
2847,בנקאות,Cainvest Bank and Trust Limited,היתר עסקה בתוקף,ברזיל,https://heteriske.com/wp-content/uploads/custom_uploads/2026/08/Cainvest-Bank-and-Trust-Limited.pdf,,,,,,
2845,בנקאות,Cainvest International S.A,היתר עסקה בתוקף,ברזיל,https://heteriske.com/wp-content/uploads/custom_uploads/2026/08/Cainvest-International-S.A.pdf,,,,,,
2849,בנקאות,CISA Fundo de Investimento Financeiro Multimercado,היתר עסקה בתוקף,סאו פאולו - ברזיל,https://heteriske.com/wp-content/uploads/custom_uploads/2026/08/CISA-Fundo-de-Investimento-Financeiro-Multimercado.pdf,,,,,,
2850,בנקאות,CISA Liquidity Provider Ltd,היתר עסקה בתוקף,ברזיל,https://heteriske.com/wp-content/uploads/custom_uploads/2026/08/CISA-Liquidity-Provider-Ltd.pdf,,,,,,
2844,בנקאות,Create Brokerage,היתר עסקה בתוקף,ברזיל,https://heteriske.com/wp-content/uploads/custom_uploads/2026/08/Create-Brokerage.pdf,,,,,,
2828,בנקאות,CSS AGENCIA DE TURISMO,היתר עסקה בתוקף,ברזיל,https://heteriske.com/wp-content/uploads/custom_uploads/2026/08/CSS-AGENCIA-DE-TURISMO.pdf,,,,,,
2846,בנקאות,Dartley Securities Limited,היתר עסקה בתוקף,ברזיל,https://heteriske.com/wp-content/uploads/custom_uploads/2026/08/Dartley-Securities-Limited.pdf,,,,,,
2842,בנקאות,DAYCO FINANCIAL CORPORATION BVI,היתר עסקה בתוקף,ברזיל,https://heteriske.com/wp-content/uploads/custom_uploads/2026/08/DAYCO-FINANCIAL-CORPORATION-BVI.pdf,,,,,,
2834,בנקאות,DAYCOVAL ASSET MANAGEMENT,היתר עסקה בתוקף,ברזיל,https://heteriske.com/wp-content/uploads/custom_uploads/2026/08/DAYCOVAL-ASSET-MANAGEMENT.pdf,,,,,,
2826,בנקאות,DAYPREV VIDA E PREVIDÊNCIA.,היתר עסקה בתוקף,ברזיל,https://heteriske.com/wp-content/uploads/custom_uploads/2026/08/DAYPREV-VIDA-E-PREVIDENCIA.pdf,,,,,,
647,"נדל""ן",EIN compit holding LLC,היתר עסקה בתוקף,,https://drive.google.com/file/d/1xcbiZjyHtzYP5EhL1yCOqlkJxVA81Mu-/view?usp=sharing,,,,,,
669,"נדל""ן",EIN compit II holding LLC,היתר עסקה בתוקף,,https://drive.google.com/file/d/1tB74C727FCFb4bq61SqAiG1BDSXAFG3b/view?usp=sharing,,,,,,
729,"נדל""ן",EIN compit Inc,היתר עסקה בתוקף,,https://drive.google.com/file/d/1EKz-V_opeMCG2wUiHWMaZdmU94Rklv45/view?usp=drive_link,,,,,,
666,"נדל""ן",EIN compit Now LLC,היתר עסקה בתוקף,,https://drive.google.com/file/d/12vwBFxf2fb2SbILM-4TsZ_KGZBal2Ey-/view?usp=sharing,,,,,,
665,"נדל""ן",EIN Tavivian Gronp Inc,היתר עסקה בתוקף,,https://drive.google.com/file/d/1_3w9LjTUyMxodhYG7gbFs87jUNXdxZLt/view?usp=sharing,,,,,,
2833,בנקאות,FONTAINE BUSINESS S.A.,היתר עסקה בתוקף,ברזיל,https://heteriske.com/wp-content/uploads/custom_uploads/2026/08/FONTAINE-BUSINESS-S.A.pdf,,,,,,
2819,בנקאות,GLOBAL POWER DIGITAL PAYMENTS LTDA,היתר עסקה בתוקף,ברזיל,https://heteriske.com/wp-content/uploads/custom_uploads/2026/08/GLOBAL-POWER-DIGITAL-PAYMENTS-LTDA.pdf,,,,,,
1988,"נדל""ן",GLOBUS REAL ESTATE INVESTMENTS BATUMI,היתר עסקה בתוקף,,https://heteriske.com/wp-content/uploads/custom_uploads/2026/05/GLOBUS-REAL-ESTATE-INVESTMENTS-BATUMI.pdf,,,,,,
717,תכנות,GO APP,היתר עסקה בתוקף,ישראל,https://drive.google.com/file/d/127APiZoQd67HSqfkZlUhmuMPaRNmMf3Y/view?usp=sharing,,,,,,
2841,בנקאות,HELVETICA MANAGEMENT CORP,היתר עסקה בתוקף,ברזיל,https://heteriske.com/wp-content/uploads/custom_uploads/2026/08/HELVETICA-MANAGEMENT-CORP.pdf,,,,,,
2827,בנקאות,IFPP “Ptomotora” de Serviços de Consultoria e Cadastro Ltda.,היתר עסקה בתוקף,ברזיל,https://heteriske.com/wp-content/uploads/custom_uploads/2026/08/IFPP-Ptomotora-de-Servicos-de-Consultoria-e-Cadastro-Ltda.pdf,,,,,,
2820,בנקאות,KATEC IMPORTATION LTDA,היתר עסקה בתוקף,ברזיל,https://heteriske.com/wp-content/uploads/custom_uploads/2026/08/katgc.pdf,,,,,,
1987,"נדל""ן",KERALA EXPERT SRL,היתר עסקה בתוקף,,https://heteriske.com/wp-content/uploads/custom_uploads/2026/05/KERALA-EXPERT-SRL.pdf,,,,,,
2832,בנקאות,KRONU HOLDINGS LTD. BVI,היתר עסקה בתוקף,ברזיל,https://heteriske.com/wp-content/uploads/custom_uploads/2026/08/KRONU-HOLDINGS-LTD.-BVI.pdf,,,,,,
1907,"נדל""ן",LENDAL US INC. EIN,היתר עסקה בתוקף,,https://heteriske.com/wp-content/uploads/custom_uploads/2026/05/LENDAL-US-INC.-EIN-.pdf,,,,,,
1810,"נדל""ן",LR SOUTHEND LTD,היתר עסקה בתוקף,,https://heteriske.com/wp-content/uploads/custom_uploads/2026/05/LR-SOUTHEND-LTD-.pdf,,,,,,
1945,יעוץ,M המשכנתאות,היתר עסקה בתוקף,,https://heteriske.com/wp-content/uploads/custom_uploads/2026/05/M-המשכנתאות-.pdf,,,,,,
2830,בנקאות,MASINA INVESTMENTS INC. BVI,היתר עסקה בתוקף,ברזיל,https://heteriske.com/wp-content/uploads/custom_uploads/2026/08/MASINA-INVESTMENTS-INC.-BVI.pdf,,,,,,
2821,בנקאות,MONFICA COMERCIO E IMPORTADORA LTDA,היתר עסקה בתוקף,ברזיל,https://heteriske.com/wp-content/uploads/custom_uploads/2026/08/monfica.pdf,,,,,,
1807,שונות,NAPOL - DIAMONDS,היתר עסקה בתוקף,,https://heteriske.com/wp-content/uploads/custom_uploads/2026/05/NAPOL-DIAMONDS-.pdf,,,,,,
2840,בנקאות,NEW DAY BUSINESS HOLDINGS LTD. BVI,היתר עסקה בתוקף,ברזיל,https://heteriske.com/wp-content/uploads/custom_uploads/2026/08/NEW-DAY-BUSINESS-HOLDINGS-LTD.-BVI.pdf,,,,,,
2823,בנקאות,OURIBANK MULTIPLE BANK,היתר עסקה בתוקף,ברזיל,https://heteriske.com/wp-content/uploads/custom_uploads/2026/08/אורי-בנק-.pdf,,,,,,
2148,"נדל""ן",SCI EVEN,היתר עסקה בתוקף,ישראל,https://heteriske.com/wp-content/uploads/custom_uploads/2026/05/SCI-EVEN.pdf,,,,,,
2837,בנקאות,SKYLIGHT OFFSHORE LIMITED,היתר עסקה בתוקף,ברזיל,https://heteriske.com/wp-content/uploads/custom_uploads/2026/08/SKYLIGHT-OFFSHORE-LIMITED.pdf,,,,,,
728,יעוץ עסקי,SYNERO,היתר עסקה בתוקף,,https://drive.google.com/file/d/1-KQ9VXrh6VYB-XZD5hvO6R22ClRkTPmw/view?usp=drive_link,,,,,,
2839,בנקאות,THE FIRST VISA TRUST,היתר עסקה בתוקף,ברזיל,https://heteriske.com/wp-content/uploads/custom_uploads/2026/08/THE-FIRST-VISA-TRUST.pdf,,,,,,
618,"נדל""ן",THE OWNERS CLASS LLC,היתר עסקה בתוקף,,https://drive.google.com/file/d/1gDrYDEDF1TRdJODy00IkM9z7s0bBdY0h/view?usp=sharing,,,,,,
2831,בנקאות,THREE PRINCESS INC.,היתר עסקה בתוקף,ברזיל,https://heteriske.com/wp-content/uploads/custom_uploads/2026/08/THREE-PRINCESS-INC.pdf,,,,,,
2835,בנקאות,TREETOP INVESTMENTS,היתר עסקה בתוקף,ברזיל,https://heteriske.com/wp-content/uploads/custom_uploads/2026/08/TREETOP-INVESTMENTS.pdf,,,,,,
2824,בנקאות,Valco Administration,היתר עסקה בתוקף,ברזיל,https://heteriske.com/wp-content/uploads/custom_uploads/2026/08/Valco-Administration.pdf,,,,,,
2838,בנקאות,YELLOW MOON INVESTMENT SERVICES LIMITED,היתר עסקה בתוקף,ברזיל,https://heteriske.com/wp-content/uploads/custom_uploads/2026/08/YELLOW-MOON-INVESTMENT-SERVICES-LIMITED.pdf,,,,,,
1949,יעוץ,YosseFinace,היתר עסקה בתוקף,,https://heteriske.com/wp-content/uploads/custom_uploads/2026/05/YosseFinace.pdf,,,,,,
2822,בנקאות,ZARAPLAST SA.,היתר עסקה בתוקף,ברזיל,https://heteriske.com/wp-content/uploads/custom_uploads/2026/08/zaraplast.pdf,,,,,,
1413,בנין פיתוח ואינסטלציה,"א. גורדו בע""מ",היתר עסקה בתוקף,,https://heteriske.com/wp-content/uploads/custom_uploads/2026/06/א.גורדו2-בעמ.pdf,510810575,"א. גורדו בע""מ",company,exact,True,1413
3283,בניית אסטרטגיות מיתוג ושיווק לעסקים וארגונים כתיבת תוכן שיווקי מקצועי וספרותי,א. פטמן ליווי עומק לשיווק רווחי,היתר עסקה בתוקף,חיפה - ישראל,https://drive.google.com/file/d/141opedbBZSpopI3lVZudBMb2jNdtX3UA/view?usp=sharing,,,,,,
1677,חנות צעצועים,"א. פרץ צעצועים בע""מ",היתר עסקה בתוקף,,https://heteriske.com/wp-content/uploads/custom_uploads/2026/05/א.-פרץ-צעצועים-בעמ.pdf,515173086,"א. פרץ צעצועים בע""מ",company,exact,True,1677
1681,יודיאקה,א.ב. כיפות,היתר עסקה בתוקף,,https://heteriske.com/wp-content/uploads/custom_uploads/2026/05/א.ב.-כיפות.pdf,,,,,,
1859,"עו""ד",א.וייסלר עורכת דין ומגשרת,היתר עסקה בתוקף,,https://heteriske.com/wp-content/uploads/custom_uploads/2026/05/א.וייסלר-עורכת-דין-ומגשרת.pdf,,,,,,
639,"נדל""ן","א.ט.מ.ס מטריקס בע""מ",היתר עסקה בתוקף,ישראל,https://drive.google.com/file/d/1Yctp8kjY6KEEvb_gDdHDXQMTvPJAUzhj/view?usp=sharing,515633345,"א.ט.מ.ס מטריקס בע""מ",company,exact,True,639
61,משאבי אנוש,א.ל. שפירא כוח אדם,היתר עסקה בתוקף,תל אביב יפו - ישראל,https://drive.google.com/file/d/1sZSS8FKeAuEDAqV4Qp78ADClfdPOOJXA/view,516889995,"א.ל שפירא כוח אדם בע""מ",company,fuzzy,True,61
2000,"נדל""ן","א.מ. רום השקעות (2007) בע""מ",היתר עסקה בתוקף,,https://heteriske.com/wp-content/uploads/custom_uploads/2026/05/א.מ.-רום-השקעות-2007-בעמ.pdf,514065085,"א.מ. רום השקעות (2007) בע""מ",company,exact,False,
652,"נדל""ן","א.ע.מ ליאל החזקות בע""מ",היתר עסקה בתוקף,ישראל,https://drive.google.com/file/d/1LSYY5_3N07L0q_ktQ5Ri5arUq1t5Sw3T/view?usp=sharing,516536190,"א.ע.מ ליאל החזקות בע""מ",company,exact,True,652
2145,שונות,א.צור,היתר עסקה בתוקף,ישראל,https://heteriske.com/wp-content/uploads/custom_uploads/2026/05/א.צור.pdf,,,,,,
1967,השקעות,א.ק קרן בטחונות ממוקדת שותפות מוגבלת,היתר עסקה בתוקף,,https://heteriske.com/wp-content/uploads/custom_uploads/2026/05/א.ק-קרן-בטחונות-ממוקדת-שותפות-מוגבלת.pdf,,,,,,
630,"נדל""ן","א.ק.ח נכסים בע""מ",היתר עסקה בתוקף,ישראל,https://drive.google.com/file/d/1B8bxJHC97vb855A7kyRB5Am026lB7I98/view?usp=sharing,515534691,"א.ק.ח נכסים בע""מ",company,exact,True,630
1775,"נדל""ן","א.ר. נכסי אלאר בע""מ",היתר עסקה בתוקף,,https://heteriske.com/wp-content/uploads/custom_uploads/2026/05/א.ר.-נכסי-אלאר-בעמ.pdf,514134030,"א.ר. נכסי אלאר בע""מ",company,exact,True,1775
2544,כללי,"אבא א.ב אחזקות נדלן בע""מ",היתר עסקה בתוקף,ישראל,https://heteriske.com/wp-content/uploads/custom_uploads/2026/08/אבא-א.ב-אחזקות-נדלן-בעמ.pdf,515342269,"אבא א.ב אחזקות נדלן בע""מ",company,exact,True,2544
190,קופת חולים,"אבי גטי 770 בע""מ",היתר עסקה בתוקף,ארבע העונות 14 לוד - ישראל,https://drive.google.com/file/d/134vSPIs5m-IQ4hU5kjDHX4i5M2CmkIe5/view?usp=drive_link,516426822,"אבי גטי 770 בע""מ",company,exact,True,190
1707,"נדל""ן","אביר יעקב ישראל נדל""ן בע""מ",היתר עסקה בתוקף,,https://heteriske.com/wp-content/uploads/custom_uploads/2026/05/אביר-יעקב-ישראל-נדלן-בעמ.pdf,515819183,"אביר יעקב ישראל נדל""ן בע""מ",company,exact,True,1707
1763,"נדל""ן","אבן גיר בע""מ",היתר עסקה בתוקף,,https://heteriske.com/wp-content/uploads/custom_uploads/2026/05/אבן-גיר-בעמ.pdf,515689776,"אבן גיר בע""מ",company,exact,True,1763
927,יהלומים,אברהם ירט,היתר עסקה בתוקף,ז'בוטינסקי ו 21,https://heteriske.com/wp-content/uploads/custom_uploads/2026/05/אגבד-ייזום-פרויקטים-בתמא-38-בעמ.pdf,,,,,,
1772,"נדל""ן","אגבד ייזום פרויקטים בתמ""א 38 בע""מ",היתר עסקה בתוקף,,https://heteriske.com/wp-content/uploads/custom_uploads/2026/05/אגודת-חסידי-ספינקא-בארץ-ישראל-מיסודו-של-כק-מרן-האדמור-ר-יעקב-יוסף-.pdf,514795277,"אגבד ייזום פרויקטים בתמ""א 38 בע""מ",company,exact,True,1772
1965,חינוך,"אגודת חסידי ספינקא בארץ ישראל מיסודו של כ""ק מרן האדמו""ר ר יעקב יוסף",היתר עסקה בתוקף,,https://heteriske.com/wp-content/uploads/custom_uploads/2026/05/אגרטון-ס.ד-בעמ.pdf,580270007,"אגודת חסידי ספינקא בארץ ישראל מיסודו של כ""ק מרן האדמו""ר ר' יעקב יוסף (ע""ר)",association,exact,True,1965
1821,"נדל""ן","אגרטון ס.ד בע""מ",היתר עסקה בתוקף,,https://heteriske.com/wp-content/uploads/custom_uploads/2026/05/אדיר-מיתוג-ופירסום.pdf,515871267,"אגרטון ס.ד בע""מ",company,exact,True,1821
1856,יעוץ,אדיר מיתוג ופירסום,היתר עסקה בתוקף,,https://drive.google.com/file/d/1oU2XIS325kcu7qE-mY8a20s-r2GU09VZ/view?usp=sharing,,,,,,
651,"נדל""ן","אדר נדל""ן והשקעות בע""מ",היתר עסקה בתוקף,ישראל,https://drive.google.com/file/d/1stNQd37uWT4sC6VhRF7ycqfbfwLg4BcC/view?usp=sharing,514263177,"אדר נדל""ן והשקעות בע""מ",company,exact,True,651
527,חינוך,"אהבת תורה וחסד רמת בית שמש (ע""ר)",היתר עסקה בתוקף,ישראל,https://heteriske.com/wp-content/uploads/custom_uploads/2026/05/או.סי.ליינס-אינטרשיונל-בעמ.pdf,580597268,"אהבת תורה וחסד רמת בית שמש (ע""ר)",association,exact,False,
1808,מכס,"או.סי.ליינס אינטרשיונל בע""מ",היתר עסקה בתוקף,,https://heteriske.com/wp-content/uploads/custom_uploads/2026/05/או.סי.ליינס-בעמ.pdf,,,,,,
1809,מכס,"או.סי.ליינס בע""מ",היתר עסקה בתוקף,,https://heteriske.com/wp-content/uploads/custom_uploads/2026/05/אובליגו-ואליו-בעמ.pdf,514244599,"או.סי ליינס בע""מ",company,exact,True,1809
1968,השקעות,"אובליגו ואליו בע""מ",היתר עסקה בתוקף,,https://heteriske.com/wp-content/uploads/custom_uploads/2026/05/אוורסט-38-ש.פ.-2014-בעמ.pdf,,,,,,
1768,"נדל""ן","אוורסט 38 (ש.פ.) 2014 בע""מ",היתר עסקה בתוקף,,https://heteriske.com/wp-content/uploads/custom_uploads/2026/05/אוורסט-אוצר-הצמחים-5-הרצליה-בעמ.pdf,,,,,,
1767,"נדל""ן","אוורסט אוצר הצמחים 5 הרצליה בע""מ",היתר עסקה בתוקף,,https://heteriske.com/wp-content/uploads/custom_uploads/2026/05/אוורסט-האסיף-4-בעמ.pdf,515238293,"אוורסט אוצר הצמחים 5 הרצליה בע""מ",company,exact,True,1767
1766,"נדל""ן","אוורסט האסיף 4 בע""מ",היתר עסקה בתוקף,,https://heteriske.com/wp-content/uploads/custom_uploads/2026/05/אוורסט-נדלן-הדור-בעמ.pdf,514972587,"אוורסט האסיף 4 בע""מ",company,exact,True,1766
1770,"נדל""ן","אוורסט נדל""ן הדור בע""מ",היתר עסקה בתוקף,,https://heteriske.com/wp-content/uploads/custom_uploads/2026/05/אוורסט-עין-גנים-תמא-38-בעמ.pdf,,,,,,
1765,"נדל""ן","אוורסט עין גנים תמ""א 38 בע""מ",היתר עסקה בתוקף,,https://heteriske.com/wp-content/uploads/custom_uploads/2026/05/אוורסט-קהילת-ציון-17-בעמ.pdf,,,,,,
1769,"נדל""ן","אוורסט קהילת ציון 17 בע""מ",היתר עסקה בתוקף,,,515115566,"אוורסט קהילת ציון 17 בע""מ",company,exact,True,1769
1840,חינוך,"אוניברסיטת חיפה מלכ""ר",היתר עסקה בתוקף,,https://heteriske.com/wp-content/uploads/custom_uploads/2026/05/אוניברסיטת-חיפה-מלכר.pdf,,,,,,
2133,"נדל""ן","אוניקס אחזקות בע""מ",היתר עסקה בתוקף,ישראל,https://heteriske.com/wp-content/uploads/custom_uploads/2026/05/אוניקס-אחזקות-בעמ.pdf,515679652,"אוניקס אחזקות בע""מ",company,exact,True,2133
2132,"נדל""ן","אוניקס חי בע""מ",היתר עסקה בתוקף,ישראל,https://heteriske.com/wp-content/uploads/custom_uploads/2026/05/אוניקס-חי-בעמ.pdf,516712122,"אוניקס חיפה מ.מ בע""מ",company,fuzzy,False,
2130,"נדל""ן","אוניקס פ.מגורי יוקרה בע""מ",היתר עסקה בתוקף,ישראל,https://heteriske.com/wp-content/uploads/custom_uploads/2026/05/אוניקס-פ.מגורי-יוקרה-בעמ.pdf,,,,,,
16,קרמיקה ואמבט,אוניקס קרמיקה,היתר עסקה בתוקף,בית שמש - ישראל,https://drive.google.com/file/d/1g5u9t3GK_SFCFsFnGAmJdEL32TxIPh4v/view?usp=sharing,,,,,,
672,בנקים,"אופק (נ.ה.א) ניהול השקעות אלטרנטיביות בע""מ",היתר עסקה בתוקף,ישראל,https://drive.google.com/file/d/1RNyTrBhJL_UeHDHD2ow6e8ZySVrwSbH-/view?usp=sharing,516201464,"אופק (נ.ה.א) ניהול השקעות אלטרנטיביות בע""מ",company,exact,True,672
671,"נדל""ן","אופק פרויקט לישנסקי 22 ראשון לציון בע""מ",היתר עסקה בתוקף,ישראל,https://drive.google.com/file/d/1C8eV52p_IrdrfZUYEJhUQqszDHNp4Uo2/view?usp=sharing,515952786,"אופק פרויקט לישנסקי 22 ראשון לציון בע""מ",company,exact,True,671
2802,"נדל""ן","אופקים סנטר בע""מ",היתר עסקה בתוקף,ישראל,https://heteriske.com/wp-content/uploads/custom_uploads/2026/08/אופקים-סנטר-בעמ.pdf,516125895,"אופקים סנטר בע""מ",company,exact,True,2802
484,"ייזום ונדל""ן","אופרה על הים בע""מ",היתר עסקה בתוקף,ישראל,https://drive.google.com/file/d/1q4LA7b34FJQYdk-uQHK56jp4S6Mg-fdF/view?usp=sharing,512785536,"אופרה על הים בע""מ",company,exact,True,484
654,חינוך,"אור - לציון ירושלים (ע""ר)",היתר עסקה בתוקף,ישראל,https://drive.google.com/file/d/15V7wEM6JIXezfi7SEjztsGnAkGzHpe0J/view?usp=sharing,580136976,"אור - לציון ירושלים (ע""ר)",association,exact,True,654
1953,טיפוח,אור-גני ישראל,היתר עסקה בתוקף,,https://heteriske.com/wp-content/uploads/custom_uploads/2026/05/אור-גני-ישראל-.pdf,,,,,,
655,"נדל""ן","אוריאל - חן השקעות בע""מ",היתר עסקה בתוקף,ישראל,https://drive.google.com/file/d/1fNdjN73FX3_F8BI7S26Hubgi6GGx3H7O/view?usp=sharing,512458738,"אוריאל - חן השקעות בע""מ",company,exact,True,655
656,פיננסים,"אורקום אסטרטגיות בע""מ",היתר עסקה בתוקף,ישראל,https://drive.google.com/file/d/1SontmB9Q4is91fOBZG64gzB6zdgx8Y5s/view?usp=sharing,513676791,"אורקום אסטרטגיות בע""מ",company,exact,True,656
657,פיננסים,"אורקום אסטרטגיות ונכסים בע""מ",היתר עסקה בתוקף,ישראל,https://drive.google.com/file/d/1K1UkPiDFkgRsI81LNN4phtSq9PRwFu90/view?usp=sharing,514813146,"אורקום אסטרטגיות ונכסים בע""מ",company,exact,True,657
1885,"נדל""ן","אחדות הארץ המובטחת בע""מ",היתר עסקה בתוקף,,https://heteriske.com/wp-content/uploads/custom_uploads/2026/05/אחדות-הארץ-המובטחת-בעמ.pdf,515410785,"אחדות הארץ המובטחת בע""מ",company,exact,True,1885
1920,השקעות,"אי די אם אינטרנשיונל בע""מ",היתר עסקה בתוקף,,https://heteriske.com/wp-content/uploads/custom_uploads/2026/05/אי-די-אם-אינטרנשיונל-בעמ.pdf,515061943,"אי די אם אינטרנשיונל בע""מ",company,exact,True,1920
658,פיננסים,"אי-לון ג'יפי בע""מ",היתר עסקה בתוקף,ישראל,https://drive.google.com/file/d/1q7aJYnhD3Ryc2ELk_2q3TaCh5bpCRyHM/view?usp=sharing,515644755,"אי-לון ג'יפי בע""מ",company,exact,True,658
1928,"נדל""ן","אי.פי.ג'י פרי השקעות בע""מ",היתר עסקה בתוקף,,https://heteriske.com/wp-content/uploads/custom_uploads/2026/05/אי.פי.גי-פרי-השקעות-בעמ.pdf,515179323,"אי.פי.ג'י פרי השקעות בע""מ",company,exact,True,1928
659,ייעוץ עסקי,"איגוד העסקים החרדים בע""מ",היתר עסקה בתוקף,ישראל,https://drive.google.com/file/d/1PA8mTNOF9rVVto7DKTb-TFonxjMOYkRD/view?usp=sharing,517006995,"איגוד העסקים החרדים בע""מ",company,exact,True,659
1655,תיירות,"אידיאל טורס (1982)(ישראל) בע""מ",היתר עסקה בתוקף,ישראל,https://heteriske.com/wp-content/uploads/custom_uploads/2026/05/אידיאל-טורס-1982ישראל-בעמ.pdf,510940505,"אידיאל טורס (1982)(ישראל) בע""מ",company,exact,True,1655
23,סלולר ואביזרים,"אייטופ ב.ה. בע""מ",היתר עסקה בתוקף,בני ברק - ישראל,https://drive.google.com/file/d/1-lq2-3pZ-kHY63wKRqub3ISohy4xkRGc/view?usp=sharing,516494838,"אייטופ ב.ה. בע""מ",company,exact,True,23
1956,דפוס,אייס פרינט -א.א. אדיר,היתר עסקה בתוקף,,https://heteriske.com/wp-content/uploads/custom_uploads/2026/05/אייס-פרינט-א.א.-אדיר-.pdf,,,,,,
60,בריאות,איכות הטבע,היתר עסקה בתוקף,בית שמש - ישראל,https://drive.google.com/file/d/1ieGsXhl0SJ40C2hnfamb5harwgFAyWxj/view?usp=sharing,,,,,,
2547,כללי,"אינדיגו מגדל העמק בע""מ",היתר עסקה בתוקף,ישראל,https://heteriske.com/wp-content/uploads/custom_uploads/2026/08/אינדיגו-מגדל-העמק-בעמ.pdf,,,,,,
2553,כללי,"אינדיגו מניבים בע""מ",היתר עסקה בתוקף,ישראל,https://heteriske.com/wp-content/uploads/custom_uploads/2026/08/אינדיגו-מניבים-בעמ.pdf,516023827,"אינדיגו מניבים בע""מ",company,exact,True,2553
2543,כללי,"אינדיגו ניהול בע""מ",היתר עסקה בתוקף,ישראל,https://heteriske.com/wp-content/uploads/custom_uploads/2026/08/אינדיגו-ניהול-בעמ.pdf,516615077,"אינדיגו ניהול בע""מ",company,exact,True,2543
2549,כללי,"אינדיגו ניהול הצפון בע""מ",היתר עסקה בתוקף,ישראל,https://heteriske.com/wp-content/uploads/custom_uploads/2026/08/אינדיגו-ניהול-הצפון-בעמ.pdf,,,,,,
1739,השקעות,"אינסוליין מדיקל בע""מ",היתר עסקה בתוקף,,https://heteriske.com/wp-content/uploads/custom_uploads/2026/05/אינסוליין-מדיקל-בעמ.pdf,,,,,,
1699,מפעלי אוכל וצרכניות,אירנשטיין ת,היתר עסקה בתוקף,,https://heteriske.com/wp-content/uploads/custom_uploads/2026/05/אירנשטיין-ת.pdf,,,,,,
1926,"נדל""ן","אלדד פרי אינטרנשיונל בע""מ",היתר עסקה בתוקף,,https://heteriske.com/wp-content/uploads/custom_uploads/2026/05/אלדד-פרי-אינטרנשיונל-בעמ.pdf,514878982,"אלדד פרי אינטרנשיונל בע""מ",company,exact,True,1926
1999,"נדל""ן",אלון מורן,היתר עסקה בתוקף,,https://heteriske.com/wp-content/uploads/custom_uploads/2026/05/אלון-מורן.pdf,,,,,,
1709,יבוא ויצוא,אלי ייבוא שיווק והפצה,היתר עסקה בתוקף,,https://heteriske.com/wp-content/uploads/custom_uploads/2026/05/אלי-ייבוא-שיווק-והפצה.pdf,,,,,,
461,בנייה,"אליעזר הלוי 8 בע""מ",היתר עסקה בתוקף,ישראל,https://drive.google.com/file/d/1aalI32APyvP5ocMO1KIouiuoeovGYhG0/view?usp=sharing,515769586,"אליעזר הלוי 8 בע""מ",company,exact,True,461
161,מסחר ביהלומים,אליעזר קייקוב,היתר עסקה בתוקף,רמת גן - ישראל,https://drive.google.com/file/d/127whWcr6R8VI7PBeLFan0xm5IXPYdnU9/view?usp=drive_link,,,,,,
1998,"נדל""ן",אלישע אלישי להב,היתר עסקה בתוקף,,https://heteriske.com/wp-content/uploads/custom_uploads/2026/05/אלישע-אלישי-להב.pdf,,,,,,
660,פיננסים,"אלפא גידורים בע""מ",היתר עסקה בתוקף,ישראל,https://drive.google.com/file/d/18lheaLwHxnkFCubjNhoMMUNbn4mh0VKY/view?usp=sharing,514234467,"אלפא גידורים בע""מ",company,exact,True,660
525,"נדל""ן","אמ קיי הולדינגס ישראל 26 בע""מ",היתר עסקה בתוקף,ישראל,https://drive.google.com/file/d/1pqdeqcGn-malp6QSiuP3oXQn_EWkBUOW/view?usp=sharing,515142503,"אמ קיי הולדינגס ישראל 26 בע""מ",company,exact,True,525
635,"נדל""ן","אם. אן. גי התחדשות עירונית בע""מ",היתר עסקה בתוקף,ישראל,https://drive.google.com/file/d/1jLVzLPz0jLp67so-JrD5YdiQaNX6eaRx/view?usp=sharing,515265908,"אם. אן. גי התחדשות עירונית בע""מ",company,exact,True,635
634,"נדל""ן","אם.אן.ג'י התחדשות קרית ים בע""מ",היתר עסקה בתוקף,ישראל,https://drive.google.com/file/d/1Zml37A7tUWXsgKN0OeeEVIHlC8-ohKVT/view?usp=sharing,516941168,"אם.אן.ג'י התחדשות קרית ים בע""מ",company,exact,True,634
1789,"נדל""ן","אמא מ.א.א. ניהול והשקעות בע""מ",היתר עסקה בתוקף,,https://heteriske.com/wp-content/uploads/custom_uploads/2026/05/אמא-מ.א.א.-ניהול-והשקעות-בעמ.pdf,515824613,"אמא מ.א.א. ניהול והשקעות בע""מ",company,exact,True,1789
624,"נדל""ן","אמיגה מ.ל. השקעות בע""מ",היתר עסקה בתוקף,ישראל,https://drive.google.com/file/d/1-DZUCQDLqLzS5r-McA8AGeAt2ZSky8LB/view?usp=sharing,516330131,"אמיגה מ.ל. השקעות בע""מ",company,exact,True,624
2326,סדנאות לעיסוי תינוקות ויעוץ להורים,אמילי,היתר עסקה בתוקף,מודיעין עילית - ישראל,https://heteriske.com/wp-content/uploads/custom_uploads/2026/07/אמילי.pdf,580038677,"אמילי (ע""ר)",association,exact,False,
1940,הובלה ואחסנה,"אמין עסקים ולוגיסטיקה בע""מ",היתר עסקה בתוקף,,https://heteriske.com/wp-content/uploads/custom_uploads/2026/05/אמין-עסקים-ולוגיסטיקה-בעמ.pdf,515037976,"אמין עסקים ולוגיסטיקה בע""מ",company,exact,True,1940
1740,השקעות,"אנ""ש בע""מ",היתר עסקה בתוקף,,https://heteriske.com/wp-content/uploads/custom_uploads/2026/05/אנש-בעמ.pdf,511901050,"אנ""ש (אחזקה , נכסים ושיפוצים) בע""מ",company,exact,False,
768,"נדל""ן","אסיה סיירוס הנדסה וביצוע בע""מ",היתר עסקה בתוקף,,https://drive.google.com/file/d/1d6EB1znlswYp15pZEi4b9QP2zd9EQDT4/view?usp=sharing,513484972,"אסיה סיירוס הנדסה וביצוע בע""מ",company,exact,True,768
1962,"נדל""ן","אפהל נדל""ן בע""מ",היתר עסקה בתוקף,,https://heteriske.com/wp-content/uploads/custom_uploads/2026/05/אפהל-נדלן-בעמ.pdf,514985274,"אפהל נדל""ן בע""מ",company,exact,True,1962
661,"נדל""ן","אפטק א. א. י. בע""מ",היתר עסקה בתוקף,ישראל,https://drive.google.com/file/d/1NU60Xs8cxlptxOwDoIBazZgBWFLHVawc/view?usp=sharing,515891919,"אפטק א. א. י. בע""מ",company,exact,True,661
98,קייטרינג,אפי'ס,היתר עסקה בתוקף,כרמיאל - ישראל,https://drive.google.com/file/d/1fYzszSgx87nmnKZuKO3B9JnX45opkEjZ/view?usp=sharing,,,,,,
1820,טיפוח,אפילוגיק בית שמש,היתר עסקה בתוקף,,https://heteriske.com/wp-content/uploads/custom_uploads/2026/05/אפילוגיק-בית-שמש.pdf,,,,,,
2803,"נדל""ן","אפרת סנטר בע""מ",היתר עסקה בתוקף,ישראל,https://heteriske.com/wp-content/uploads/custom_uploads/2026/08/אפרת-סנטר-בעמ.pdf,515605327,"אפרת סנטר בע""מ",company,exact,True,2803
1994,תקשורת,"אקס טו וואן ישראל בע""מ",היתר עסקה בתוקף,,https://heteriske.com/wp-content/uploads/custom_uploads/2026/05/אקס-טו-וואן-ישראל-בעמ.pdf,515292621,"אקס טו וואן ישראל בע""מ",company,exact,True,1994
713,קורסים,אקסלנט,היתר עסקה בתוקף,ישראל,https://drive.google.com/file/d/1Th2bNg-RnDGZOWXQMcrzdTeduHaQfw-1/view?usp=sharing,,,,,,
1783,רכב,"אר.אי. מכוניות בע""מ",היתר עסקה בתוקף,,https://heteriske.com/wp-content/uploads/custom_uploads/2026/05/אר.אי.-מכוניות-בעמ.pdf,511629164,"אר. אי. מכוניות בע""מ",company,exact,True,1783
1854,יעוץ,אריה טוויג מאסטר בעסקים ושייוק דיגטלי,היתר עסקה בתוקף,,https://heteriske.com/wp-content/uploads/custom_uploads/2026/05/אריה-טוויג-מאסטר-בעסקים-ושייוק-דיגטלי.pdf,,,,,,
1698,ביגוד והנעלה,ארמנה (יוטה פולצ'ק),היתר עסקה בתוקף,,https://heteriske.com/wp-content/uploads/custom_uploads/2026/05/ארמנה-יוטה-פולצק.pdf,,,,,,
1983,"נדל""ן","ארמס חברה לסחר בע""מ",היתר עסקה בתוקף,,https://heteriske.com/wp-content/uploads/custom_uploads/2026/05/ארמס-חברה-לסחר-בעמ.pdf,513895268,"ארמס חברה לסחר בע""מ",company,exact,True,1983
1982,שונות,"ארמס מטווחי ירי בע""מ",היתר עסקה בתוקף,,https://heteriske.com/wp-content/uploads/custom_uploads/2026/05/ארמס-מטווחי-ירי-בעמ.pdf,514697804,"ארמס מטווחי ירי בע""מ",company,exact,True,1982
1915,חלפנים,אשר אייצר,היתר עסקה בתוקף,,https://heteriske.com/wp-content/uploads/custom_uploads/2026/05/אשר-אייצר.pdf,,,,,,
59,מגנטים והדפסות,ב.ח. שיווק,היתר עסקה בתוקף,א.ת. שער בנימין - ישראל,https://drive.google.com/file/d/146EH-NM_SF6YXCfLm0hMtCr7GRXylP8P/view?usp=sharing,,,,,,
29,עיצוב פנים,ב.שיינברגר עיצוב פנים,היתר עסקה בתוקף,אשדוד - ישראל,https://drive.google.com/file/d/1OuGvRnS-mPcXtaaBSPX6c1rJ21iX9aiW/view?usp=sharing,,,,,,
1861,אשראי,"בול מסחר והשקעות בע""מ",היתר עסקה בתוקף,,https://heteriske.com/wp-content/uploads/custom_uploads/2026/05/בול-מסחר-והשקעות-בעמ.pdf,510992183,"בול מסחר והשקעות בע""מ",company,exact,True,1861
449,בנייה,"בוסתנים מקבוצת בית ירושלמי בע""מ",היתר עסקה בתוקף,ישראל,https://drive.google.com/file/d/1AmfxhzeU4ws_tGc9Z-cT2pEExxWXvUgM/view?usp=sharing,516445483,"בוסתנים מקבוצת בית ירושלמי בע""מ",company,exact,True,449
1745,חינוך,"בי""ס תיכון בית - יעקב פתח - תקוה",היתר עסקה בתוקף,,https://heteriske.com/wp-content/uploads/custom_uploads/2026/05/ביס-תיכון-בית-יעקב-פתח-תקוה.pdf,,,,,,
452,בנייה,"ביאליק האם מקבוצת בית ירושלמי בע""מ",היתר עסקה בתוקף,ישראל,https://drive.google.com/file/d/1mkIzLLpvcRwgT7ApPUmjQa98MQYmd-Nq/view?usp=sharing,516858503,"ביאליק - האם מקבוצת בית ירושלמי בע""מ",company,exact,True,452
454,בנייה,"ביאליק מקבוצת בית ירושלמי בע""מ",היתר עסקה בתוקף,ישראל,https://drive.google.com/file/d/1FApmHJncb1Ddkh6Po568P7SHaZxnqRUB/view?usp=sharing,516858511,"ביאליק מקבוצת בית ירושלמי בע""מ",company,exact,True,454
1952,הובלה ואחסנה,"ביבלוג לוגיסטיקה בע""מ",היתר עסקה בתוקף,,https://heteriske.com/wp-content/uploads/custom_uploads/2026/05/ביבלוג-לוגיסטיקה-בעמ.pdf,,,,,,
9,אופטיקה,ביגלנס,היתר עסקה בתוקף,ירושלים - ישראל,https://drive.google.com/file/d/1a8_-6bCS5yV5mdTlMcNNg3HfTJcvfy4e/view?usp=sharing,,,,,,
1744,ריהוט,ביוטי בית,היתר עסקה בתוקף,,https://heteriske.com/wp-content/uploads/custom_uploads/2026/05/ביוטי-בית.pdf,516706470,ביוטי בית,company,exact,False,
1811,עסקים,ביזנסט,היתר עסקה בתוקף,,https://heteriske.com/wp-content/uploads/custom_uploads/2026/05/ביזנסט.pdf,,,,,,
1800,ציוד לגני ילדים,"בית היצירה איבון בע""מ",היתר עסקה בתוקף,,https://heteriske.com/wp-content/uploads/custom_uploads/2026/05/בית-היצירה-איבון-בעמ.pdf,513775809,"בית היצירה איבון בע""מ",company,exact,True,1800
19,מוסדות ציבוריים,בית הכנסת המרכזי אילת השחר פרדס כץ,היתר עסקה בתוקף,בני ברק - ישראל,https://drive.google.com/file/d/1SeRMVnhrgMp1L3ogAw6D5gObRr0z8JYN/view?usp=sharing,580677177,"בית הכנסת המרכזי אילת השחר פרדס כץ (ע""ר)",association,exact,True,19
443,בנייה,"בית חדש מקבוצת בית ירושלמי בע""מ",היתר עסקה בתוקף,ישראל,https://drive.google.com/file/d/1RzSn-nXDsDp44e37mhgrZVFxe3sXOd0W/view?usp=sharing,516099082,"בית חדש מקבוצת בית ירושלמי בע""מ",company,exact,True,443
455,בנייה,"בית ירוק מקבוצת בית ירושלמי שלי בע""מ",היתר עסקה בתוקף,ישראל,https://drive.google.com/file/d/1dD_sNhWmNlZ7EyduorQFYwGT7Q7yYB0Y/view?usp=sharing,515901999,"בית ירוק בעיר מקבוצת בית ירושלמי שלי בע""מ",company,fuzzy,True,455
430,בנייה,"בית ירושלמי שלי אחזקות וניהול פרוייקטים בע""מ",היתר עסקה בתוקף,ישראל,https://drive.google.com/file/d/1dloq9WoW8lnyWk96To1iXLNra4u7FZOf/view?usp=drive_link,,,,,,
486,בנייה,"בית ירושלמי שלי יזמות ובינוי בע""מ",היתר עסקה בתוקף,ישראל,https://drive.google.com/file/d/1I9xpsZFQhW055rj5HWCZTRrCvDkoPtxP/view?usp=drive_link,515558047,"בית ירושלמי שלי יזמות ובינוי בע""מ",company,exact,True,486
485,בנייה,"בית ירושלמי שלי נכסים בע""מ",היתר עסקה בתוקף,ישראל,https://drive.google.com/file/d/1TI8sv2in8NMLNvKnU_IEe02_HyhKKeqI/view?usp=sharing,515746675,"בית ירושלמי שלי נכסים בע""מ",company,exact,True,485
429,בנייה,"בית ירושלמי שלי תמ""א 38 בע""מ",היתר עסקה בתוקף,ישראל,https://drive.google.com/file/d/1BulHY3hgRCWaqeC3cpFku-FHTJ-0Oskz/view?usp=drive_link,515611168,"בית ירושלמי שלי תמ""א 38 בע""מ",company,exact,True,429
1801,"נדל""ן",בית פלוס,היתר עסקה בתוקף,,https://heteriske.com/wp-content/uploads/custom_uploads/2026/05/בית-פלוס.pdf,,,,,,
1791,"נדל""ן","בן חורין השקעות בע""מ",היתר עסקה בתוקף,,https://heteriske.com/wp-content/uploads/custom_uploads/2026/05/בן-חורין-השקעות-בעמ.pdf,515397347,"בן חורין השקעות בע""מ",company,exact,True,1791
3062,"השקעות נדל""ן","בני ארי השקעות אביחי בע""מ",היתר עסקה בתוקף,ישראל,https://heteriske.com/wp-content/uploads/custom_uploads/2026/08/בני-ארי-היתר.pdf,516063146,"בני ארי השקעות אביחי בע""מ",company,exact,True,3062
3067,"השקעות נדל""ן","בני ארי השקעות אבישי בע""מ",היתר עסקה בתוקף,ישראל,https://heteriske.com/wp-content/uploads/custom_uploads/2026/08/בני-ארי-היתר.pdf,516062601,"בני ארי השקעות אבישי בע""מ",company,exact,True,3067
2976,"השקעות נדל""ן","בני ארי השקעות אודם בע""מ",היתר עסקה בתוקף,ישראל,https://heteriske.com/wp-content/uploads/custom_uploads/2026/08/בני-ארי-היתר.pdf,515948123,"בני ארי השקעות אודם בע""מ",company,exact,True,2976
3063,"השקעות נדל""ן","בני ארי השקעות אוריה בע""מ",היתר עסקה בתוקף,ישראל,https://heteriske.com/wp-content/uploads/custom_uploads/2026/08/בני-ארי-היתר.pdf,516063138,"בני ארי השקעות אוריה בע""מ",company,exact,True,3063
2972,"השקעות נדל""ן","בני ארי השקעות אחלמה בע""מ",היתר עסקה בתוקף,ישראל,https://heteriske.com/wp-content/uploads/custom_uploads/2026/08/בני-ארי-היתר.pdf,515947901,"בני ארי השקעות אחלמה בע""מ",company,exact,True,2972
3060,"השקעות נדל""ן","בני ארי השקעות אפרת בע""מ",היתר עסקה בתוקף,ישראל,https://heteriske.com/wp-content/uploads/custom_uploads/2026/08/בני-ארי-היתר.pdf,515948552,"בני ארי השקעות אפרת בע""מ",company,exact,True,3060
2966,"השקעות נדל""ן","בני ארי השקעות ברקת בע""מ",היתר עסקה בתוקף,ישראל,https://heteriske.com/wp-content/uploads/custom_uploads/2026/08/בני-ארי-היתר.pdf,515946028,"בני ארי השקעות ברקת בע""מ",company,exact,True,2966
2975,"השקעות נדל""ן","בני ארי השקעות דבורה בע""מ",היתר עסקה בתוקף,ישראל,https://heteriske.com/wp-content/uploads/custom_uploads/2026/08/בני-ארי-היתר.pdf,515948057,"בני ארי השקעות דבורה בע""מ",company,exact,True,2975
3057,"השקעות נדל""ן","בני ארי השקעות הודיה בע""מ",היתר עסקה בתוקף,ישראל,https://heteriske.com/wp-content/uploads/custom_uploads/2026/08/בני-ארי-היתר.pdf,515948511,"בני ארי השקעות הודיה בע""מ",company,exact,True,3057
2965,"השקעות נדל""ן","בני ארי השקעות ופרויקטים בע""מ",היתר עסקה בתוקף,ישראל,https://heteriske.com/wp-content/uploads/custom_uploads/2026/08/קבוצת-בני-ארי-נדלן-3.pdf,513327502,"בני ארי השקעות ופרויקטים בע""מ",company,exact,True,2965
3059,"השקעות נדל""ן","בני ארי השקעות חיה בע""מ",היתר עסקה בתוקף,ישראל,https://heteriske.com/wp-content/uploads/custom_uploads/2026/08/בני-ארי-היתר.pdf,515948545,"בני ארי השקעות חיה בע""מ",company,exact,True,3059
3055,"השקעות נדל""ן","בני ארי השקעות יהודית בע""מ",היתר עסקה בתוקף,ישראל,https://heteriske.com/wp-content/uploads/custom_uploads/2026/08/בני-ארי-היתר.pdf,515948396,"בני ארי השקעות יהודית בע""מ",company,exact,True,3055
2980,"השקעות נדל""ן","בני ארי השקעות יהלום בע""מ",היתר עסקה בתוקף,ישראל,https://heteriske.com/wp-content/uploads/custom_uploads/2026/08/בני-ארי-היתר.pdf,515948743,"בני ארי השקעות יהלום בע""מ",company,exact,True,2980
3065,"השקעות נדל""ן","בני ארי השקעות יצחק בע""מ",היתר עסקה בתוקף,ישראל,https://heteriske.com/wp-content/uploads/custom_uploads/2026/08/בני-ארי-היתר.pdf,516062759,"בני ארי השקעות יצחק בע""מ",company,exact,True,3065
3056,"השקעות נדל""ן","בני ארי השקעות ישפה בע""מ",היתר עסקה בתוקף,ישראל,https://heteriske.com/wp-content/uploads/custom_uploads/2026/08/בני-ארי-היתר.pdf,515948404,"בני ארי השקעות ישפה בע""מ",company,exact,True,3056
3064,"השקעות נדל""ן","בני ארי השקעות לאה בע""מ",היתר עסקה בתוקף,ישראל,https://heteriske.com/wp-content/uploads/custom_uploads/2026/08/בני-ארי-היתר.pdf,516063120,"בני ארי השקעות לאה בע""מ",company,exact,True,3064
2967,"השקעות נדל""ן","בני ארי השקעות לשם בע""מ",היתר עסקה בתוקף,ישראל,https://heteriske.com/wp-content/uploads/custom_uploads/2026/08/בני-ארי-היתר.pdf,515946010,"בני ארי השקעות לשם בע""מ",company,exact,True,2967
3061,"השקעות נדל""ן","בני ארי השקעות מיכאל בע""מ",היתר עסקה בתוקף,ישראל,https://heteriske.com/wp-content/uploads/custom_uploads/2026/08/בני-ארי-היתר.pdf,516063153,"בני ארי השקעות מיכאל בע""מ",company,exact,True,3061
3066,"השקעות נדל""ן","בני ארי השקעות מיכל בע""מ",היתר עסקה בתוקף,ישראל,https://heteriske.com/wp-content/uploads/custom_uploads/2026/08/בני-ארי-היתר.pdf,516062734,"בני ארי השקעות מיכל בע""מ",company,exact,True,3066
3068,"השקעות נדל""ן","בני ארי השקעות מיכל בע""מ",היתר עסקה בתוקף,ישראל,https://heteriske.com/wp-content/uploads/custom_uploads/2026/08/בני-ארי-היתר.pdf,516062734,"בני ארי השקעות מיכל בע""מ",company,exact,False,3066
2968,"השקעות נדל""ן","בני ארי השקעות נעמה בע""מ",היתר עסקה בתוקף,ישראל,https://heteriske.com/wp-content/uploads/custom_uploads/2026/08/בני-ארי-היתר.pdf,515946085,"בני ארי השקעות נעמה בע""מ",company,exact,True,2968
2977,"השקעות נדל""ן","בני ארי השקעות נפך בע""מ",היתר עסקה בתוקף,ישראל,https://heteriske.com/wp-content/uploads/custom_uploads/2026/08/בני-ארי-היתר.pdf,515948750,"בני ארי השקעות נפך בע""מ",company,exact,True,2977
2969,"השקעות נדל""ן","בני ארי השקעות ספיר בע""מ",היתר עסקה בתוקף,ישראל,https://heteriske.com/wp-content/uploads/custom_uploads/2026/08/בני-ארי-היתר.pdf,515946044,"בני ארי השקעות ספיר בע""מ",company,exact,True,2969
2978,"השקעות נדל""ן","בני ארי השקעות פטדה בע""מ",היתר עסקה בתוקף,ישראל,https://heteriske.com/wp-content/uploads/custom_uploads/2026/08/בני-ארי-היתר.pdf,515948776,"בני ארי השקעות פטדה בע""מ",company,exact,True,2978
2973,"השקעות נדל""ן","בני ארי השקעות רעות בע""מ",היתר עסקה בתוקף,ישראל,https://heteriske.com/wp-content/uploads/custom_uploads/2026/08/בני-ארי-היתר.pdf,515947919,"בני ארי השקעות רעות בע""מ",company,exact,True,2973
2979,"השקעות נדל""ן","בני ארי השקעות שבו בע""מ",היתר עסקה בתוקף,ישראל,https://heteriske.com/wp-content/uploads/custom_uploads/2026/08/בני-ארי-היתר.pdf,515948784,"בני ארי השקעות שבו בע""מ",company,exact,True,2979
2970,"השקעות נדל""ן","בני ארי השקעות שהם בע""מ",היתר עסקה בתוקף,ישראל,https://heteriske.com/wp-content/uploads/custom_uploads/2026/08/בני-ארי-היתר.pdf,515946036,"בני ארי השקעות שהם בע""מ",company,exact,True,2970
3058,"השקעות נדל""ן","בני ארי השקעות שיר בע""מ",היתר עסקה בתוקף,ישראל,https://heteriske.com/wp-content/uploads/custom_uploads/2026/08/בני-ארי-היתר.pdf,515948537,"בני ארי השקעות שיר בע""מ",company,exact,True,3058
2974,"השקעות נדל""ן","בני ארי השקעות שירה בע""מ",היתר עסקה בתוקף,ישראל,https://heteriske.com/wp-content/uploads/custom_uploads/2026/08/בני-ארי-היתר.pdf,515947968,"בני ארי השקעות שירה בע""מ",company,exact,True,2974
2971,"השקעות נדל""ן","בני ארי השקעות תהילה בע""מ",היתר עסקה בתוקף,ישראל,https://heteriske.com/wp-content/uploads/custom_uploads/2026/08/בני-ארי-היתר.pdf,515946101,"בני ארי השקעות תהילה בע""מ",company,exact,False,
3054,"השקעות נדל""ן","בני ארי השקעות תרשיש בע""מ",היתר עסקה בתוקף,ישראל,https://heteriske.com/wp-content/uploads/custom_uploads/2026/08/בני-ארי-היתר.pdf,515948859,"בני ארי השקעות תרשיש בע""מ",company,exact,True,3054
2964,"השקעות נדל""ן","בני ארי ייזום וניהול פרויקטים בע""מ",היתר עסקה בתוקף,ישראל,https://heteriske.com/wp-content/uploads/custom_uploads/2026/08/קבוצת-בני-ארי-נדלן-4.pdf,514803501,"בני ארי ייזום וניהול פרויקטים בע""מ",company,exact,True,2964
1942,חשמל,בני הישיבות,היתר עסקה בתוקף,,https://heteriske.com/wp-content/uploads/custom_uploads/2026/05/בני-הישיבות.pdf,,,,,,
193,שירותים מקצועיים כלליים,בני הישיבות גן הדסים מודיעין עילית,היתר עסקה בתוקף,מודיעין עילית - ישראל,https://drive.google.com/file/d/1aFfYD7MXol7WaJgRnSW9GtrHJD8gFuUX/view?usp=sharing,580811487,"בני הישיבות גן הדסים מודיעין עילית (ע""ר)",association,exact,True,193
2545,כללי,"בנימין ויהודה אחזקות בע""מ",היתר עסקה בתוקף,ישראל,https://heteriske.com/wp-content/uploads/custom_uploads/2026/08/בנימין-ויהודה-אחזקות-בעמ.pdf,515729747,"בנימין ויהודה אחזקות בע""מ",company,exact,True,2545
1656,תכשיטים,בנימין תכשיטים,היתר עסקה בתוקף,,https://heteriske.com/wp-content/uploads/custom_uploads/2026/05/בנימין-תכשיטים.pdf,,,,,,
473,בנייה,"בעל התניא ישראל בע""מ",היתר עסקה בתוקף,ישראל,https://drive.google.com/file/d/15H0owJqyTqO2-akoU2i0UvKMJM5w71Y2/view?usp=sharing,,,,,,
783,"נדל""ן","בראל סלעית בנחל בע""מ",היתר עסקה בתוקף,,https://drive.google.com/file/d/1ryw929cUBeAWRMCx5a0-P0rFgPtPh6aJ/view?usp=sharing,516700713,"בראל סלעית בנחל בע""מ",company,exact,True,783
1657,יבוא ויצוא,"בראשית א.ה.מ סחר בע""מ",היתר עסקה בתוקף,,https://heteriske.com/wp-content/uploads/custom_uploads/2026/05/בראשית-א.ה.מ-סחר-בעמ.pdf,514060185,"בראשית א.ה.מ סחר בע""מ",company,exact,True,1657
2001,מצעים,ברבר רבקה,היתר עסקה בתוקף,,https://heteriske.com/wp-content/uploads/custom_uploads/2026/05/ברבר-רבקה-.pdf,,,,,,
2540,"נדל""ן","ברוהאוס הגולן בע""מ",היתר עסקה בתוקף,ישראל,https://heteriske.com/wp-content/uploads/custom_uploads/2026/08/ברוהאוס-הגולן-בעמ.pdf,513792648,"ברוהאוס הגולן בע""מ",company,exact,True,2540
1733,מרפאת שיניים,"בריאות השן ברמה בע""מ",היתר עסקה בתוקף,,https://heteriske.com/wp-content/uploads/custom_uploads/2026/05/בריאות-השן-ברמה-בעמ.pdf,513390260,"בריאות השן ברמה בע""מ",company,exact,True,1733
1802,מפעלי אוכל וצרכניות,"ברכה בככר בע""מ",היתר עסקה בתוקף,,https://heteriske.com/wp-content/uploads/custom_uploads/2026/05/ברכה-בככר-בעמ.pdf,514231109,"ברכה בככר בע""מ",company,exact,True,1802
921,גרפיקה ופרסום,ברכה צדק,היתר עסקה בתוקף,רבי יהודה הנשיא 9 מודעיו עלית,https://heteriske.com/wp-content/uploads/custom_uploads/2026/05/ברכת-ישראל.pdf,,,,,,
1701,מפעלי אוכל וצרכניות,ברכת ישראל,היתר עסקה בתוקף,,https://heteriske.com/wp-content/uploads/custom_uploads/2026/08/ברמ-עשת.pdf,510950173,"ברכת ישראל בע""מ",company,fuzzy,False,
2813,אחזקות,ברמן עשת,היתר עסקה בתוקף,ישראל,https://heteriske.com/wp-content/uploads/custom_uploads/2026/05/ברק-לשם-פיננסים-בעמ.pdf,,,,,,
2124,אשראי,"ברק לשם פיננסים בע""מ",היתר עסקה בתוקף,ישראל,https://heteriske.com/wp-content/uploads/custom_uploads/2026/05/ברק-פיננסים-.pdf,515084416,"ברק לשם פיננסים בע""מ",company,exact,True,2124
1845,אשראי,ברק פיננסים,היתר עסקה בתוקף,,https://heteriske.com/wp-content/uploads/custom_uploads/2026/05/ברק-שוהם-סוכנות-פנסיוני2015-בעמ.pdf,,,,,,
2125,אשראי,"ברק שוהם סוכנות פנסיוני(2015) בע""מ",היתר עסקה בתוקף,ישראל,https://heteriske.com/wp-content/uploads/custom_uploads/2026/05/ברכת-ישראל.pdf,515225449,"ברק שוהם סוכנות לביטוח פנסיוני (2015) בע""מ",company,fuzzy,False,
1702,כלי בית ושטיחים,בשעה טובה,היתר עסקה בתוקף,,https://drive.google.com/file/d/1N61tiBMGW-qamjQ9FgBhmjJsQs5T5hPb/view?usp=sharing,,,,,,
446,בנייה,"בתים מקבוצת בית ירושלמי בע""מ",היתר עסקה בתוקף,ישראל,https://drive.google.com/file/d/1Fdp5uKT8ebiVgYloQlNFBck5ThUlp6-g/view?usp=sharing,516641974,"בתים מקבוצת בית ירושלמי בע""מ",company,exact,True,446
784,"נדל""ן","ג.ק. חילו השקעות בע""מ",היתר עסקה בתוקף,,https://heteriske.com/wp-content/uploads/custom_uploads/2026/05/גי.יו.אס-מרקטינג-בעמ.pdf,516464534,"ג.ק. חילו השקעות בע""מ",company,exact,True,784
1746,תקשורת,"ג'י.יו.אס מרקטינג בע""מ",היתר עסקה בתוקף,,https://heteriske.com/wp-content/uploads/custom_uploads/2026/05/גאולה-אופטיקס.pdf,513935858,"ג'י.יו.אס מרקטינג בע""מ",company,exact,True,1746
1841,אופטיקה,גאולה אופטיקס,היתר עסקה בתוקף,,https://heteriske.com/wp-content/uploads/custom_uploads/2026/05/גוט-קרמיק-.pdf,,,,,,
2117,לצפיה בהיתר עסקה,גד,היתר עסקה בתוקף,ערד - ישראל,https://heteriske.com/wp-content/uploads/custom_uploads/2026/05/גוטמן-אמיר-עוד.pdf,,,,,,
1700,קרמיקה,גוט קרמיק,היתר עסקה בתוקף,,https://heteriske.com/wp-content/uploads/custom_uploads/2026/05/גולדגרף-שוהם.pdf,,,,,,
1969,"עו""ד","גוטמן - אמיר עו""ד",היתר עסקה בתוקף,,https://heteriske.com/wp-content/uploads/custom_uploads/2026/05/גולדמוביל-ירושלים-בעמ.pdf,,,,,,
2147,יודיאקה,גולדגרף-שוהם,היתר עסקה בתוקף,ישראל,https://heteriske.com/wp-content/uploads/custom_uploads/2026/05/גולדמוביל-קיה-מודיעין-בעמ.pdf,,,,,,
1788,רכב,"גולדמוביל ירושלים בע""מ",היתר עסקה בתוקף,,https://heteriske.com/wp-content/uploads/custom_uploads/2026/05/גטנדר-בעצ.pdf,514204445,"גולדמוביל ירושלים בע""מ",company,exact,True,1788
1787,רכב,"גולדמוביל קיה מודיעין בע""מ",היתר עסקה בתוקף,,https://heteriske.com/wp-content/uploads/custom_uploads/2026/05/גטר-שרה.pdf,515505758,"גולדמוביל קיה מודיעין בע""מ",company,exact,True,1787
1813,הובלה ואחסנה,"גטנדר בע""צ",היתר עסקה בתוקף,,https://heteriske.com/wp-content/uploads/custom_uploads/2026/05/גיל-צעד-נבון-בעמ.pdf,,,,,,
1659,יעוץ,גטר שרה,היתר עסקה בתוקף,,https://heteriske.com/wp-content/uploads/custom_uploads/2026/05/גירסא-שניה-בעמ.pdf,,,,,,
1799,ביגוד והנעלה,"גיל צעד נבון בע""מ",היתר עסקה בתוקף,,https://heteriske.com/wp-content/uploads/custom_uploads/2026/05/גלאט-נופש-בעמ.pdf,512610577,"גיל צעד נבון בע""מ",company,exact,True,1799
1773,ספרים,"גירסא שניה בע""מ",היתר עסקה בתוקף,,,,,,,,
1792,"נדל""ן","גלאט נופש בע""מ",היתר עסקה בתוקף,,,515374593,"גלאט נופש בע""מ",company,exact,True,1792
2009,"נדל""ן","גלעד מאי חברה להשקעות בניה ופיתוח בע""מ",היתר עסקה בתוקף,,https://heteriske.com/wp-content/uploads/custom_uploads/2026/05/גלעד-מאי-חברה-להשקעות-בניה-ופיתוח-בעמ.pdf,513177345,"גלעד מאי חברה להשקעות בניה ופיתוח בע""מ",company,exact,False,
2142,"עו""ד","גלעד משאט עו""ד",היתר עסקה בתוקף,ישראל,https://heteriske.com/wp-content/uploads/custom_uploads/2026/05/גלעד-משאט-עוד.pdf,,,,,,
1803,"גמחי""ם","גמ""ח אהבת חסד",היתר עסקה בתוקף,,https://heteriske.com/wp-content/uploads/custom_uploads/2026/05/גמח-אהבת-חסד.pdf,,,,,,
1747,"גמחי""ם",גמילות חסדים חסדי ישראל דחסידי מודזי'ץ,היתר עסקה בתוקף,,https://heteriske.com/wp-content/uploads/custom_uploads/2026/05/גמילות-חסדים-חסדי-ישראל-דחסידי-מודזיץ.pdf,580665651,"גמילות חסדים חסדי ישראל דחסידי מודז'יץ (ע""ר)",association,exact,True,1747
721,חינוך,גן פייגי,היתר עסקה בתוקף,ישראל,https://drive.google.com/file/d/1nkRkMSYjo3KMgXuuMPDDQLNmK2VIx-qn/view?usp=sharing,,,,,,
2011,בעלי מלאכה,גראנאטאוויטש יוכבד,היתר עסקה בתוקף,,https://heteriske.com/wp-content/uploads/custom_uploads/2026/05/גראנאטאוויטש-יוכבד.pdf,,,,,,
25,נדל״ן,גרופריסייל,היתר עסקה בתוקף,בני ברק - ישראל,https://drive.google.com/file/d/1gcEYezv0a7aq-QOoYv14TiHsX2exF75f/view?usp=sharing,,,,,,
1506,סורגים ופרזול,"גרייטדור תעשיות בע""מ",היתר עסקה בתוקף,,https://heteriske.com/wp-content/uploads/custom_uploads/2026/06/העתק-היתר-עיסקא-גרייטדור.pdf,516393048,"גרייטדור תעשיות בע""מ",company,exact,True,1506
192,טיפול רגשי,גרשטנקורן טובה,היתר עסקה בתוקף,אשדוד - ישראל,https://drive.google.com/file/d/1l5yVNDKhuuWci-1DeH9AMgBeywaxGwcn/view?usp=drive_link,,,,,,
2551,כללי,"גשר קדמה יזמות בע""מ",היתר עסקה בתוקף,ישראל,https://heteriske.com/wp-content/uploads/custom_uploads/2026/08/גשר-קדמה-יזמות-בעמ.pdf,517040382,"גשר קדמה יזמות בע""מ",company,exact,True,2551
24,עיצוב פנים,ד. מלכא עיצוב פנים,היתר עסקה בתוקף,בית שמש - ישראל,https://drive.google.com/file/d/1N26bOz2Dzr99XUoUukK5YnIPNUcCbLDa/view?usp=sharing,,,,,,
787,"נדל""ן","ד.שבוט השקעות בע""מ",היתר עסקה בתוקף,,https://drive.google.com/file/d/1MKZtkt0LJgVe7tCvivj-XDvQw4BoX3HC/view?usp=sharing,516461381,"ד. שבוט השקעות בע""מ",company,exact,True,787
1726,מרפאת שיניים,"ד""ר בני כהן",היתר עסקה בתוקף,,https://heteriske.com/wp-content/uploads/custom_uploads/2026/05/דר-בני-כהן.pdf,,,,,,
1711,מרפאת שיניים,"ד""ר סמואל שמואל",היתר עסקה בתוקף,,https://heteriske.com/wp-content/uploads/custom_uploads/2026/05/דר-סמואל-שמואל.pdf,,,,,,
1714,מרפאת שיניים,"ד""ר שפירו דניאל",היתר עסקה בתוקף,,https://heteriske.com/wp-content/uploads/custom_uploads/2026/05/דר-שפירו-דניאל.pdf,,,,,,
1748,יבוא ויצוא,דוידיאן ייבוא ושיווק,היתר עסקה בתוקף,,https://heteriske.com/wp-content/uploads/custom_uploads/2026/05/דוידיאן-ייבוא-ושיווק.pdf,,,,,,
1684,מצעים,דונה לינן (מצעי בן ברבר),היתר עסקה בתוקף,,https://heteriske.com/wp-content/uploads/custom_uploads/2026/05/דונה-לינן-מצעי-בן-ברבר.pdf,,,,,,
1697,סלולר,דינקלס יוסף,היתר עסקה בתוקף,,https://heteriske.com/wp-content/uploads/custom_uploads/2026/05/דינקלס-יוסף.pdf,,,,,,
1995,דפוס,דפוס שילת,היתר עסקה בתוקף,,https://heteriske.com/wp-content/uploads/custom_uploads/2026/05/דפוס-שילת-.pdf,,,,,,
1780,ציוד משרדי,ה.מ פתרונות הדפסה (דוקטור דיו),היתר עסקה בתוקף,,https://heteriske.com/wp-content/uploads/custom_uploads/2026/05/ה.מ-פתרונות-הדפסה-דוקטור-דיו.pdf,,,,,,
435,בנייה,"הבית בגנים מקבוצת בית ירושלמי בע""מ",היתר עסקה בתוקף,ישראל,https://drive.google.com/file/d/1j7znn7bowP32bDLCkWVYxCj08430JAj6/view?usp=drive_link,516186251,"הבית בגנים מקבוצת בית ירושלמי בע""מ",company,exact,True,435
436,בנייה,"הבית בהרצוג מקבוצת בית ירושלמי בע""מ",היתר עסקה בתוקף,ישראל,https://drive.google.com/file/d/1oW84k6J5Jut9EgE3k9l4-uozVYeUEu-O/view?usp=drive_link,516198769,"הבית בהרצוג מקבוצת בית ירושלמי בע""מ",company,exact,True,436
458,בנייה,"הבית בהשומר מקבוצת בית ירושלמי בע""מ",היתר עסקה בתוקף,ישראל,https://drive.google.com/file/d/1UaWoiI5oBXRA_RlsK_hCj19QwYw49w_-/view?usp=sharing,516186038,"הבית בהשומר מקבוצת בית ירושלמי בע""מ",company,exact,True,458
450,בנייה,"הבית בכרם מקבוצת בית ירושלמי בע""מ",היתר עסקה בתוקף,ישראל,https://drive.google.com/file/d/1vbDhQF1DkDbywbGNx2pCC8YIBFdvItiw/view?usp=sharing,516335445,"הבית בכרם מקבוצת בית ירושלמי בע""מ",company,exact,True,450
431,בנייה,"הבית במעלות דפנה מקבוצת בית ירושלמי שלי בע""מ",היתר עסקה בתוקף,ישראל,https://drive.google.com/file/d/11zgqHzmNXgYn8lVV4WdKatvT0VQRErSI/view?usp=drive_link,,,,,,
432,בנייה,"הבית במרגולין מקבוצת בית ירושלמי בע""מ",היתר עסקה בתוקף,ישראל,https://drive.google.com/file/d/1AexnCtxkEgV4ShQicA5SF0ek6l3v0n9B/view?usp=drive_link,516219169,"הבית במרגולין מקבוצת בית ירושלמי בע""מ",company,exact,True,432
487,בנייה,"הבית בנורית מקבוצת בית ירושלמי בע""מ",היתר עסקה בתוקף,ישראל,https://drive.google.com/file/d/1zsr-ScKvTzBjk1x-k9UpzvO2ZP52E9_8/view?usp=drive_link,516211216,"הבית בנורית מקבוצת בית ירושלמי בע""מ",company,exact,True,487
457,בנייה,"הבית בפינס מקבוצת בית ירושלמי בע""מ",היתר עסקה בתוקף,ישראל,https://drive.google.com/file/d/1pfRzEHDaxL416AKS5zwuRQweFRAkJinn/view?usp=sharing,516779980,"הבית בפינס מקבוצת בית ירושלמי בע""מ",company,exact,True,457
437,בנייה,"הבית בקוסטריקה מקבוצת בית ירושלמי בע""מ",היתר עסקה בתוקף,ישראל,https://drive.google.com/file/d/11JatfdwZZFzNGQAUkDMZg2afrhtO_0T6/view?usp=drive_link,516211422,"הבית בקוסטריקה מקבוצת בית ירושלמי בע""מ",company,exact,True,437
438,בנייה,"הבית ברמת שרת מקבוצת בית ירושלמי בע""מ",היתר עסקה בתוקף,ישראל,https://drive.google.com/file/d/1D-RbBRSzisfCskJxVqayQbaFVuEehLLP/view?usp=drive_link,516867389,"הבית ברמת שרת מקבוצת בית ירושלמי בע""מ",company,exact,True,438
2139,בנקים,"הבנק הדיגיטלי הראשון בע""מ",היתר עסקה בתוקף,ישראל,https://heteriske.com/wp-content/uploads/custom_uploads/2026/05/הבנק-הדיגיטלי-הראשון-בעמ.pdf,,,,,,
30,השקעות פיננסיות,"הדר אברהם חברה להשקעות בע""מ",היתר עסקה בתוקף,זכרון יעקב - ישראל,https://drive.google.com/file/d/1XsAQX9Kh6vQ6hx5asqImNSbpcZLqofab/view?usp=sharing,515543320,"הדר אברהם חברה להשקעות בע""מ",company,exact,True,30
789,אדריכלות תוהשקעות,הויזמן מנחם,היתר עסקה בתוקף,,https://drive.google.com/file/d/12t633jyTyV3BLS70_Eb91MY5q1YD-bXB/view?usp=sharing,,,,,,
1761,אשראי,"הומי משכנתאות חברתיות בע""מ",היתר עסקה בתוקף,,https://heteriske.com/wp-content/uploads/custom_uploads/2026/05/הומי-משכנתאות-חברתיות-בעמ.pdf,515739498,"הומי משכנתאות חברתיות בע""מ",company,exact,True,1761
1991,הסעות,הופמן ובניו,היתר עסקה בתוקף,,https://heteriske.com/wp-content/uploads/custom_uploads/2026/05/הופמן-ובניו.pdf,,,,,,
1972,יבוא ושיווק,"הוצלר יהודה (1999) בע""מ",היתר עסקה בתוקף,,https://heteriske.com/wp-content/uploads/custom_uploads/2026/05/הוצלר-יהודה-1999-בעמ.pdf,512782244,"הוצלר יהודה (1999) בע""מ",company,exact,True,1972
12,מכירת מחשבים,הי קום-הומפיוטר,היתר עסקה בתוקף,ירושלים - ישראל,https://drive.google.com/file/d/1pVoWntJ-Kk8IpdKdDd7pCowyQciCRgUF/view?usp=sharing,,,,,,
68,שירותים מקצועיים כלליים,הידורים,היתר עסקה בתוקף,מודיעין עילית - ישראל,https://drive.google.com/file/d/1O3uUYJsdv3d_nwiGyHVkv6cxwL9yfFGt/view?usp=sharing,,,,,,
1989,השקעות,"היי-לימיט שותף כללי בע""מ",היתר עסקה בתוקף,,https://heteriske.com/wp-content/uploads/custom_uploads/2026/05/היי-לימיט-שותף-כללי-בעמ.pdf,516079886,"היי-לימיט שותף כללי בע""מ",company,exact,True,1989
1798,מפעלי אוכל וצרכניות,היימשע בייגלס,היתר עסקה בתוקף,,https://heteriske.com/wp-content/uploads/custom_uploads/2026/05/היימשע-בייגלס.pdf,,,,,,
1749,אולפן,הכל בקול,היתר עסקה בתוקף,,https://heteriske.com/wp-content/uploads/custom_uploads/2026/05/הכל-בקול.pdf,580715266,"הכל בקול (ע""ר)",association,exact,False,
1882,"נדל""ן","הל""ה 23-25 בע""מ",היתר עסקה בתוקף,,https://heteriske.com/wp-content/uploads/custom_uploads/2026/05/הלה-23-25-בעמ.pdf,515903318,"הל""ה 23-25 בע""מ",company,exact,True,1882
1691,ביגוד והנעלה,הלבשה אישית l.v,היתר עסקה בתוקף,,https://heteriske.com/wp-content/uploads/custom_uploads/2026/05/הלבשה-אישית-l.v.pdf,,,,,,
1908,דת,המועצה הדתית נצרת עילית,היתר עסקה בתוקף,,https://heteriske.com/wp-content/uploads/custom_uploads/2026/05/המועצה-הדתית-נצרת-עילית.pdf,,,,,,
3080,המועצה הדתית נצרת עילית,המועצה הדתית נצרת עילית,היתר עסקה בתוקף,נצרת עילית - ישראל,https://drive.google.com/file/d/1aYMVUUKjhm4WrQURJfP_DOIkZH8whs0E/view?usp=sharing,,,,,,
1750,חינוך,"המרכז העולמי לתורה וחסידות שע""י חסידי בעלזא",היתר עסקה בתוקף,,https://heteriske.com/wp-content/uploads/custom_uploads/2026/05/המרכז-העולמי-לתורה-וחסידות-שעי-חסידי-בעלזא.pdf,,,,,,
633,מוצרי צריכה,המרכז לבית ברמה,היתר עסקה בתוקף,ישראל,https://drive.google.com/file/d/1GECQLdQ2y5473MWOqnQ68AkGU51We9nO/view?usp=sharing,,,,,,
2814,אחזקות,"המרכז לתעשייה ומסחר מפרץ חיפה בע""מ",היתר עסקה בתוקף,ישראל,https://heteriske.com/wp-content/uploads/custom_uploads/2026/08/המרכז-לתעשיה-ומפרץ-חיפה.pdf,510588106,המרכז לתעשייה ומסחר מפרץ חיפה בעמ,company,exact,True,2814
1909,דת,הסתדרות אגודת ישראל בארץ ישראל,היתר עסקה בתוקף,,https://heteriske.com/wp-content/uploads/custom_uploads/2026/05/הסתדרות-אגודת-ישראל-בארץ-ישראל-.pdf,580421527,"הסתדרות אגודת ישראל בארץ ישראל בבני ברק (ע""ר)",association,fuzzy,False,
1777,"נדל""ן",העמותה למען דיור בר השגה,היתר עסקה בתוקף,,https://heteriske.com/wp-content/uploads/custom_uploads/2026/05/העמותה-למען-דיור-בר-השגה.pdf,580556504,"העמותה למען דיור בר השגה (ע""ר)",association,exact,True,1777
1944,פאות,הפאה של צילי,היתר עסקה בתוקף,,https://heteriske.com/wp-content/uploads/custom_uploads/2026/05/הפאה-של-צילי.pdf,,,,,,
2806,"נדל""ן","הר שמואל סנטר בע""מ",היתר עסקה בתוקף,ישראל,https://heteriske.com/wp-content/uploads/custom_uploads/2026/08/הר-שמואל-סנטר-בעמ.pdf,515973501,"הר שמואל סנטר בע""מ",company,exact,True,2806
1957,עיתונות,"השבועון לבית היהודי -מ.ל. בע""מ",היתר עסקה בתוקף,,https://heteriske.com/wp-content/uploads/custom_uploads/2026/05/השבועון-לבית-היהודי-מ.ל.-בעמ.pdf,515227411,"השבועון לבית היהודי - מ.ל. בע""מ",company,exact,True,1957
1835,"נדל""ן","השטעטל דיור להשכרה בע""מ",היתר עסקה בתוקף,,https://heteriske.com/wp-content/uploads/custom_uploads/2026/05/השטעטל-דיור-להשכרה-בעמ.pdf,516273596,"השטעטל דיור להשכרה בע""מ",company,exact,True,1835
1834,"נדל""ן","השטעטל נכסים והשקעות בע""מ",היתר עסקה בתוקף,,https://heteriske.com/wp-content/uploads/custom_uploads/2026/05/השטעטל-נכסים-והשקעות-בעמ.pdf,515783355,"השטעטל נכסים והשקעות בע""מ",company,exact,True,1834
194,צימרים,השכרת צימרים משה אזרחי,היתר עסקה בתוקף,מודיעין עילית - ישראל,https://drive.google.com/file/d/1HfLldbXBcEujyOfZXj3yoaKnhvZEWQF3/view?usp=drive_link,,,,,,
1729,השקעות,וואליו קרן למימון חוץ בנקאי שותפות מוגבלת,היתר עסקה בתוקף,,https://heteriske.com/wp-content/uploads/custom_uploads/2026/05/וואליו-קרן-למימון-חוץ-בנקאי-שותפות-מוגבלת.pdf,,,,,,
1822,אשראי,"וויצ'ק בע""מ",היתר עסקה בתוקף,,https://heteriske.com/wp-content/uploads/custom_uploads/2026/05/וויצק-בעמ.pdf,515664555,"וויצ'ק בע""מ",company,exact,True,1822
1824,אשראי,"וויצ'ק השכרה בע""מ",היתר עסקה בתוקף,,https://heteriske.com/wp-content/uploads/custom_uploads/2026/05/וויצק-השכרה-בעמ.pdf,516338746,"וויצ'ק השכרה בע""מ",company,exact,True,1824
1823,אשראי,"וויצ'ק נדל""ן בע""מ",היתר עסקה בתוקף,,https://heteriske.com/wp-content/uploads/custom_uploads/2026/05/וויצק-נדלן-בעמ.pdf,516337441,"וויצ'ק נדל""ן בע""מ",company,exact,True,1823
1825,אשראי,"וויצ'ק פאנד 1 בע""מ",היתר עסקה בתוקף,,https://heteriske.com/wp-content/uploads/custom_uploads/2026/05/וויצק-פאנד-1-בעמ.pdf,515897775,"וויצ'ק פאנד 1 בע""מ",company,exact,True,1825
103,שירותים כלליים,וולף יהושע פאלק,היתר עסקה בתוקף,מודיעין עילית - ישראל,https://drive.google.com/file/d/1JRUTJTpfDhyX4P6L-0V_qWcdvcjXEw8R/view?usp=sharing,,,,,,
1948,יעוץ,ויזר יוסף חיים,היתר עסקה בתוקף,,https://heteriske.com/wp-content/uploads/custom_uploads/2026/05/ויזר-יוסף-חיים.pdf,,,,,,
1855,וילונות,וילונות דקורטיב,היתר עסקה בתוקף,,https://heteriske.com/wp-content/uploads/custom_uploads/2026/05/וילונות-דקורטיב.pdf,,,,,,
1833,"נדל""ן","ועשית הישר בע""מ",היתר עסקה בתוקף,,https://heteriske.com/wp-content/uploads/custom_uploads/2026/05/ועשית-הישר-בעמ.pdf,515531606,"ועשית הישר בע""מ",company,exact,True,1833
1661,מפעלי אוכל וצרכניות,זול פה,היתר עסקה בתוקף,,https://heteriske.com/wp-content/uploads/custom_uploads/2026/05/זול-פה.pdf,,,,,,
796,"נדל""ן","זיוה עובדיה השקעות בע""מ",היתר עסקה בתוקף,,https://drive.google.com/file/d/1Y59Lk06MYtNcJ7mNiro0aNoIqXhCubfm/view?usp=sharing,515294387,"זיוה עובדיה השקעות בע""מ",company,exact,True,796
1723,יעוץ,זילבר ייעוץ והדרכה,היתר עסקה בתוקף,,https://heteriske.com/wp-content/uploads/custom_uploads/2026/05/זילבר-ייעוץ-והדרכה.pdf,515843399,"זילבר ייעוץ והדרכה בע""מ",company,fuzzy,False,
1837,"נדל""ן",ח. רובינשטיין,היתר עסקה בתוקף,,https://heteriske.com/wp-content/uploads/custom_uploads/2026/05/ח.-רובינשטיין.pdf,,,,,,
1786,רכב,"ח.מ. גולד מוטורס מרכז שירות מודיעין בע""מ",היתר עסקה בתוקף,,https://heteriske.com/wp-content/uploads/custom_uploads/2026/05/ח.מ.-גולד-מוטורס-מרכז-שירות-מודיעין-בעמ.pdf,514657428,"ח.מ. גולד מוטורס מרכז שירות מודיעין בע""מ",company,exact,True,1786
1781,רכב,"ח.מ. חולון מוטורס (2010) בע""מ",היתר עסקה בתוקף,,https://heteriske.com/wp-content/uploads/custom_uploads/2026/05/ח.מ.-חולון-מוטורס-2010-בעמ.pdf,514534460,"ח.מ. חולון מוטורס (2010) בע""מ",company,exact,False,
2016,הסעות,"חברת איזי בס בע""מ",היתר עסקה בתוקף,,https://heteriske.com/wp-content/uploads/custom_uploads/2026/05/חברת-איזי-בס-בעמ.pdf,,,,,,
1762,"נדל""ן","חברת בין לאומית לתמ""א 38 בע""מ",היתר עסקה בתוקף,,https://heteriske.com/wp-content/uploads/custom_uploads/2026/05/חברת-בין-לאומית-לתמא-38-בעמ.pdf,,,,,,
1658,מצות,"חברת בש-יונה בע""מ",היתר עסקה בתוקף,,https://heteriske.com/wp-content/uploads/custom_uploads/2026/05/חברת-בש-יונה-בעמ.pdf,,,,,,
1778,אשראי,"חברת די.אי.אס קונטו בע""מ",היתר עסקה בתוקף,,https://heteriske.com/wp-content/uploads/custom_uploads/2026/05/חברת-די.אי.אס-קונטו-בעמ.pdf,,,,,,
1660,מכירות פומביות,"חברת המלך דוד מכירות פומביות בע""מ",היתר עסקה בתוקף,,https://heteriske.com/wp-content/uploads/custom_uploads/2026/05/חברת-המלך-דוד-מכירות-פומביות-בעמ.pdf,,,,,,
1662,אשראי,"חברת י.מ. אחים שמואלי בע""מ",היתר עסקה בתוקף,,https://heteriske.com/wp-content/uploads/custom_uploads/2026/05/חברת-י.מ.-אחים-שמואלי-בעמ.pdf,,,,,,
765,"נדל""ן",חברת יוסף גרופ בזלמן ארן 3,היתר עסקה בתוקף,,https://drive.google.com/file/d/1Zc3WprMHpWXgRGabg7ED7vOPf3S6wYd4/view?usp=sharing,,,,,,
763,יבוא ושיווק עץ,"חברת ל.י.א.ל. בסט ווד נגרות ובינוי בע""מ",היתר עסקה בתוקף,,https://drive.google.com/file/d/1MIwl8lOB50k7hX925GhPY4W2cv7IAMHF/view?usp=sharing,,,,,,
760,"נדל""ן","חברת מבית משמחים בע""מ",היתר עסקה בתוקף,,https://drive.google.com/file/d/1lf43z2NOIDT2Jm7toQydAQpLzdiyIHft/view?usp=sharing,,,,,,
1734,תאגיד מים,"חברת מי ק. גת בע""מ",היתר עסקה בתוקף,,https://heteriske.com/wp-content/uploads/custom_uploads/2026/05/חברת-מי-ק.-גת-בעמ.pdf,,,,,,
754,"נדל""ן","חברת משכנות אומנים מסחרי בע""מ",היתר עסקה בתוקף,,https://drive.google.com/file/d/1o8hIxucK8S_Guhi5CX_0x9MeQ4QD-_rk/view?usp=sharing,,,,,,
751,"נדל""ן","חברת נימה שפע בע""מ",היתר עסקה בתוקף,,https://drive.google.com/file/d/1_1iCpg1jDDKoxivkdAs_bnOaqQ3Gyzc0/view?usp=sharing,,,,,,
748,"נדל""ן","חברת סלעית א.י.ש בע""מ",היתר עסקה בתוקף,,https://drive.google.com/file/d/1yhvCw7M_iSPdvpTN0ybo9a1yFQB3m5c3/view?usp=sharing,,,,,,
749,"נדל""ן","חברת סלעית א.י.ש נדל""ן בע""מ",היתר עסקה בתוקף,,https://drive.google.com/file/d/1b5MVFXZmouldtDEDZ3sdewQjmvZJ070-/view?usp=sharing,,,,,,
747,"נדל""ן","חברת סלעית אבי נדל""ן בע""מ",היתר עסקה בתוקף,,https://drive.google.com/file/d/1s-ihM-6sh3TxEIHIaHGcsXi4uCo3nXAp/view?usp=sharing,,,,,,
746,"נדל""ן","חברת סלעית דמרי 66 נדל""ן מגורים בע""מ",היתר עסקה בתוקף,,https://drive.google.com/file/d/1rbbfdB-Nbsh0WU4sRhSWQ-JZSz609Uru/view?usp=sharing,,,,,,
745,"נדל""ן","חברת סלעית דמרי בגבעה בע""מ",היתר עסקה בתוקף,,https://drive.google.com/file/d/1vIOMtJikVVnIzbCm3C0-KYIffqHMr_91/view?usp=sharing,,,,,,
744,"נדל""ן","חברת סלעית דמרי גבעת זאב בע""מ",היתר עסקה בתוקף,,https://drive.google.com/file/d/1ydMdly3VxVE8w1gPfDYQl7Os1UQB2nCk/view?usp=sharing,,,,,,
743,"נדל""ן","חברת סלעית יובלים בע""מ",היתר עסקה בתוקף,,https://drive.google.com/file/d/1cbrUfbGeSKO9CWOpUBTBPBJqccp7XuH1/view?usp=sharing,,,,,,
742,"נדל""ן","חברת סלעית יתד מגורים בע""מ",היתר עסקה בתוקף,,https://drive.google.com/file/d/1sFdnlrYD5_EF5XNldL25h8lUDYJ2TmtK/view?usp=sharing,,,,,,
741,מעליות,"חברת עדי מעליות נכסים והשקעות בע""מ",היתר עסקה בתוקף,,https://drive.google.com/file/d/1sJ-UVhI2PMkoAptaBXXUK55KWl_ShJW5/view?usp=sharing,,,,,,
1934,"נדל""ן","חברת עדי עד יזמות והשקעות א.ע בע""מ",היתר עסקה בתוקף,,https://heteriske.com/wp-content/uploads/custom_uploads/2026/05/חברת-עדי-עד-יזמות-והשקעות-א.ע-בעמ.pdf,,,,,,
2136,אשראי,"חברת עוגן - קרן להלוואות חברתיות בע""מ",היתר עסקה בתוקף,ישראל,https://heteriske.com/wp-content/uploads/custom_uploads/2026/05/חברת-עוגן-קרן-להלוואות-חברתיות-בעמ.pdf,515865335,"עוגן - קרן להלוואות חברתיות בע""מ (חל""צ)",company,fuzzy,True,2136
740,השקעות,חברת עטרת ישועה,היתר עסקה בתוקף,,https://drive.google.com/file/d/102sIzZm0__QCw60tixPT8wz-wC3C3MPv/view?usp=sharing,,,,,,
1705,פאנות,חברת פאות מ.קופולוביץ,היתר עסקה בתוקף,,https://heteriske.com/wp-content/uploads/custom_uploads/2026/05/חברת-פאות-מ.קופולוביץ.pdf,,,,,,
2017,הסעות,"חברת פסגות ניהול תחבורה בע""מ",היתר עסקה בתוקף,,https://heteriske.com/wp-content/uploads/custom_uploads/2026/05/חברת-פסגות-ניהול-תחבורה-בעמ.pdf,,,,,,
682,כללי,"חברת שפאן השקעות בע""מ",היתר עסקה בתוקף,,https://drive.google.com/file/d/1FIRMRnbuBwv079uCq-D-BJmFNN_elZsM/view?usp=drive_link,,,,,,
681,כללי,"חברת תות תקשורת ותוצאות בע""מ",היתר עסקה בתוקף,,https://drive.google.com/file/d/17KdQwR9HlSl6wKdXdcI_-vXZd8kr1FYr/view?usp=drive_link,,,,,,
2812,"נדל""ן","חוצות הגולן בע""מ",היתר עסקה בתוקף,ישראל,https://heteriske.com/wp-content/uploads/custom_uploads/2026/08/חוצות-הגולן-בעמ.pdf,517041323,"חוצות הגולן בע""מ",company,exact,True,2812
1832,"נדל""ן","חיטוי טק בע""מ",היתר עסקה בתוקף,,https://heteriske.com/wp-content/uploads/custom_uploads/2026/05/חיטוי-טק-בעמ.pdf,515527315,"חיטוי טק בע""מ",company,exact,True,1832
2963,עמותה,חיים של תורה,היתר עסקה בתוקף,ישראל,https://heteriske.com/wp-content/uploads/custom_uploads/2026/08/חיים-של-אהבת-תורה-2.pdf,,,,,,
2014,רפואה,"חיים שלומוביץ ,ד""ר לאופטומטריה (ארה""ב) בע""מ",היתר עסקה בתוקף,,https://heteriske.com/wp-content/uploads/custom_uploads/2026/05/חיים-שלומוביץ-דר-לאופטומטריהארהב-בעמ.pdf,512834292,"חיים שלומוביץ, ד""ר לאופטומטריה (ארה""ב) בע""מ",company,exact,True,2014
526,"נדל""ן","חילו חוסני השקעות בע""מ",היתר עסקה בתוקף,ישראל,https://drive.google.com/file/d/11Lm_zebxSDxdRl1npNskYghDo_wyfGrO/view?usp=sharing,516466307,"חילו חוסני השקעות בע""מ",company,exact,True,526
632,"נדל""ן","חלקת ארץ שיווק נדל""ן בע""מ",היתר עסקה בתוקף,ישראל,https://drive.google.com/file/d/1WmLuJeGxCARgOAZ8w01GJrypoYeOkmod/view?usp=sharing,516452802,"חלקת ארץ שיווק נדל""ן בע""מ",company,exact,True,632
1815,"גמחי""ם","חסדך יסעדני בע""מ",היתר עסקה בתוקף,,https://heteriske.com/wp-content/uploads/custom_uploads/2026/05/חסדך-יסעדני-בעמ.pdf,515671600,"חסדך יסעדני בע""מ",company,exact,True,1815
802,מימון,"חרוב מימון בע""מ",היתר עסקה בתוקף,,https://drive.google.com/file/d/1lQzIRRHMXY0Bap0LNySNqJqSGfRejmKS/view?usp=sharing,515664431,"חרוב מימון בע""מ",company,exact,True,802
1680,מפעלים,ט.י.ם טכנולוגיה מתקדמת,היתר עסקה בתוקף,,https://heteriske.com/wp-content/uploads/custom_uploads/2026/05/ט.י.ם-טכנולוגיה-מתקדמת-.pdf,,,,,,
678,"נדל""ן","טאבו נדל""ן ויזמות",היתר עסקה בתוקף,ישראל,https://drive.google.com/file/d/1iLf6nBZc2_lHqfGK7jv2IoQ_qvjpoHpu/view?usp=drive_link,,,,,,
2801,"נדל""ן","טובר אחזקות בע""מ",היתר עסקה בתוקף,ישראל,https://heteriske.com/wp-content/uploads/custom_uploads/2026/08/טובר-אחזקות-בעמ.pdf,515347631,"טובר אחזקות בע""מ",company,exact,True,2801
2554,כללי,"טובר נדלן בע""מ",היתר עסקה בתוקף,ישראל,https://heteriske.com/wp-content/uploads/custom_uploads/2026/08/טובר-נדלן-בעמ.pdf,515664316,"טובר נדלן בע""מ",company,exact,True,2554
888,מכירת דיו וטונרים למדפסות,טונר ישראל,היתר עסקה בתוקף,ביתר עילית - ישראל,https://heteriske.com/wp-content/uploads/2026/06/היתע-טונר-ישראל-3.pdf,,,,,,
2144,מפעלי אוכל וצרכניות,טועמיה,היתר עסקה בתוקף,ישראל,https://heteriske.com/wp-content/uploads/custom_uploads/2026/05/טועמיה.pdf,580557676,"טועמיה (ע""ר)",association,exact,False,
1997,"נדל""ן","טי.סי.אי תמ""א במרכז בע""מ",היתר עסקה בתוקף,,https://heteriske.com/wp-content/uploads/custom_uploads/2026/05/טי.סי.אי-תמא-במרכז-בעמ.pdf,,,,,,
2324,איפור,טליה איפור וסירוק,היתר עסקה בתוקף,בית שמש - ישראל,https://heteriske.com/wp-content/uploads/custom_uploads/2026/07/טליה-איפור-וסירוק.pdf,,,,,,
1793,"נדל""ן","טרקלין אולמות ואירועים בע""מ",היתר עסקה בתוקף,,https://heteriske.com/wp-content/uploads/custom_uploads/2026/05/טרקלין-אולמות-ואירועים-בעמ.pdf,514564863,"טרקלין אולמות ואירועים בע""מ",company,exact,True,1793
2116,עוגות וקינוחים,י,היתר עסקה בתוקף,"כתובת החברה, ראש העין - ישראל",https://drive.google.com/file/d/12W8_SZkEWYLek0s4HUYPSsFgcbIupuvi/view?usp=sharing,,,,,,
1690,תקשורת,"י.ברסקי - איי בי תקשורת בע""מ",היתר עסקה בתוקף,,https://heteriske.com/wp-content/uploads/custom_uploads/2026/05/י.ברסקי-איי-בי-תקשורת-בעמ.pdf,515577468,"י.ברסקי - איי בי תקשורת בע""מ",company,exact,True,1690
522,"נדל""ן","י.ג. באטומי אחזקות בע""מ",היתר עסקה בתוקף,ישראל,https://drive.google.com/file/d/1JFIMqW4B2IylDmq4HJNeC6Y1iXWf1soQ/view?usp=sharing,,,,,,
803,"נדל""ן","י.ג. גרינבוקס ייעוץ ויזמות בע""מ",היתר עסקה בתוקף,,https://drive.google.com/file/d/1ES311mjpCNceYq7Iv1wHttdhbY6asK6s/view?usp=sharing,,,,,,
1751,"נדל""ן","י.ד הדרים יזמות בניה ופרויקטים בע""מ",היתר עסקה בתוקף,,https://heteriske.com/wp-content/uploads/custom_uploads/2026/05/י.ד-הדרים-יזמות-בניה-ופרויקטים-בעמ.pdf,515345072,"י.ד הדרים יזמות בניה ופרויקטים בע""מ",company,exact,True,1751
15,חשמל,י.ס. אנרגיה מתחדשת,היתר עסקה בתוקף,בית שמש - ישראל,https://drive.google.com/file/d/1JYs9YXIbCyWvnnVP44IZv-nJAoiD5XW5/view?usp=sharing,540237807,סער אנרגיה מתחדשת,partnership,fuzzy,False,
1696,"נדל""ן","י.ק.ז. גרופ בע""מ",היתר עסקה בתוקף,,https://heteriske.com/wp-content/uploads/custom_uploads/2026/05/י.ק.ז.-גרופ-בעמ.pdf,515936086,"י.ק.ז. גרופ בע""מ",company,exact,True,1696
767,"נדל""ן","י.ש.א. לניאדו השקעות בע""מ",היתר עסקה בתוקף,,https://drive.google.com/file/d/1_n25IsZSTDLR9FjuXcqkQbE2A0xTtf4m/view?usp=sharing,516545076,"י.ש.א. לניאדו השקעות בע""מ",company,exact,True,767
1122,קופת חולים,"יאלון (הרחבה 1983) בע""מ",היתר עסקה בתוקף,,https://drive.google.com/file/d/1LIbMd2RIXnEvNJro9N0SbLCt9goMhxkG/view?usp=sharing,,,,,,
1961,יעוץ,"יו אס טקסס בע""מ",היתר עסקה בתוקף,,https://heteriske.com/wp-content/uploads/custom_uploads/2026/05/יו-אס-טקסס-בעמ.pdf,514488840,"יו אס טקסס בע""מ",company,exact,True,1961
1818,יבוא ויצוא,"יו.יו. שיווק בע""מ",היתר עסקה בתוקף,,https://heteriske.com/wp-content/uploads/custom_uploads/2026/05/יו.יו.-שיווק-בעמ.pdf,,,,,,
1706,"נדל""ן","יואב את רמי בניה ,ניהול ופיקוח בע""מ",היתר עסקה בתוקף,,https://heteriske.com/wp-content/uploads/custom_uploads/2026/05/יואב-את-רמי-בניה-ניהול-ופיקוח-בעמ.pdf,514932243,"יואב את רמי בניה, ניהול ופיקוח בע""מ",company,exact,True,1706
887,תיירות,יואל דיקשטיין תיירות,היתר עסקה בתוקף,תל ציון - ישראל,https://drive.google.com/file/d/1m5aZE5_gcKKkzGgMte1_hol7OTIrTU3U/view?usp=sharing,,,,,,
1941,"נדל""ן",יובלים,היתר עסקה בתוקף,,https://heteriske.com/wp-content/uploads/custom_uploads/2026/05/יובלים.pdf,,,,,,
99,לצפיה בהיתר עסקה,יונתן מנור מחשבים ורשתות,היתר עסקה בתוקף,,https://drive.google.com/file/d/1h43La4PGsG3SD_VGQz_Vz9D8OuGs-NfO/view?usp=sharing,,,,,,
724,הפקות מדיה,יוסף אילנברג י.נ.נ.א. שירותי אחזקה והפצה,היתר עסקה בתוקף,ישראל,https://drive.google.com/file/d/1PYQgawyO_-PmYfnQOH4qjORFhEiCOy7p/view?usp=sharing,,,,,,
2815,אחזקות,יוסף עשת,היתר עסקה בתוקף,ישראל,https://heteriske.com/wp-content/uploads/custom_uploads/2026/08/יוסף-עשת.pdf,510593569,יוסף עשת בעמ,company,fuzzy,True,2815
676,רהיטים,יופי של ריהוט סניף אלעד,היתר עסקה בתוקף,אלעד - ישראל,https://drive.google.com/file/d/1ErHA3OoeCu0pxjQJfBc5bBgWz_xqAzZN/view?usp=sharing,,,,,,
1752,אשראי,"יופיי פיננסים בע""מ",היתר עסקה בתוקף,,https://heteriske.com/wp-content/uploads/custom_uploads/2026/05/יופיי-פיננסים-בעמ.pdf,514672575,"יופיי פיננסים בע""מ",company,exact,True,1752
2143,ביגוד והנעלה,יוקרתית,היתר עסקה בתוקף,ישראל,https://heteriske.com/wp-content/uploads/custom_uploads/2026/05/יוקרתית-.pdf,,,,,,
714,שיווק משקאת,יין ומשקאות לוק,היתר עסקה בתוקף,ישראל,https://drive.google.com/file/d/1Q8HY_Rp9P3_nAMeMgfBQ1wrvWASuEUD-/view?usp=sharing,,,,,,
1736,אשראי,"יעד שיאן נדל""ן בע""מ",היתר עסקה בתוקף,,https://heteriske.com/wp-content/uploads/custom_uploads/2026/05/יעד-שיאן-נדלן-בעמ.pdf,,,,,,
1738,אשראי,"יעד שיאן ניהול פרויקטים ויזמות בע""מ",היתר עסקה בתוקף,,https://heteriske.com/wp-content/uploads/custom_uploads/2026/05/יעד-שיאן-ניהול-פרויקטים-ויזמות-בעמ.pdf,,,,,,
1663,מכירות פומביות,"ירושלים של זהב מכירות פומביות בע""מ",היתר עסקה בתוקף,,https://heteriske.com/wp-content/uploads/custom_uploads/2026/05/ירושלים-של-זהב-מכירות-פומביות-בעמ.pdf,515606366,"ירושלים של זהב מכירות פומביות בע""מ",company,exact,True,1663
1782,ספרים,"יריד החסידות בע""מ",היתר עסקה בתוקף,,https://heteriske.com/wp-content/uploads/custom_uploads/2026/05/יריד-החסידות-בעמ.pdf,515482131,"איכה - יריד החסידות בע""מ",company,fuzzy,True,1782
1966,חינוך,ישיבת ספינקא בארץ ישראל,היתר עסקה בתוקף,,https://heteriske.com/wp-content/uploads/custom_uploads/2026/05/ישיבת-ספינקא-בארץ-ישראל-.pdf,580052769,"ישיבת ספינקא בארץ ישראל (ע""ר)",association,exact,True,1966
447,בנייה,"כ""ט בנובמבר מקבוצת בית ירושלמי בע""מ",היתר עסקה בתוקף,ישראל,https://drive.google.com/file/d/101AdevjW51HQCgarpbqYf9YnXYivH9Xz/view?usp=sharing,516854882,"כ''ט בנובמבר מקבוצת בית ירושלמי בע""מ",company,exact,True,447
1978,"נדל""ן","כאיל תערוג נדל""ן בע""מ",היתר עסקה בתוקף,,https://heteriske.com/wp-content/uploads/custom_uploads/2026/05/כאיל-תערוג-נדלן-בעמ.pdf,515350387,"כאיל תערוג נדל""ן בע""מ",company,exact,True,1978
27,אופטיקה,כהן אודליה,היתר עסקה בתוקף,לוד - ישראל,https://drive.google.com/file/d/1gBWn9hNWk8h9OsyiGnhyxJq6OnnuDDFE/view?usp=sharing,,,,,,
1687,תקשורת,כוכב התקשורת (מלאך ישראל),היתר עסקה בתוקף,,https://heteriske.com/wp-content/uploads/custom_uploads/2026/05/כוכב-התקשורת-מלאך-ישראל.pdf,,,,,,
1977,עיצובים,כידון,היתר עסקה בתוקף,,https://heteriske.com/wp-content/uploads/custom_uploads/2026/05/כידון.pdf,,,,,,
1505,טמבור,כל בו הכוכב,היתר עסקה בתוקף,,https://heteriske.com/wp-content/uploads/custom_uploads/2026/06/היתע-כל-בו-הכוכב.pdf,,,,,,
764,תיירות,כסטלס,היתר עסקה בתוקף,,https://drive.google.com/file/d/1IrmoGUIB6ZOGVGgl0GSAC1aVLvwT3jYf/view?usp=sharing,,,,,,
1814,עיצובים,כפתור ופרח אורלוגין,היתר עסקה בתוקף,,https://heteriske.com/wp-content/uploads/custom_uploads/2026/05/כפתור-ופרח-אורלוגין.pdf,,,,,,
1682,ספרים,"כריכית ויס בע""מ",היתר עסקה בתוקף,,https://heteriske.com/wp-content/uploads/custom_uploads/2026/05/כריכית-ויס-בעמ.pdf,511611212,"כריכית ויס בע""מ",company,exact,True,1682
1878,"נדל""ן","כרמים נווה פת בע""מ",היתר עסקה בתוקף,,https://heteriske.com/wp-content/uploads/custom_uploads/2026/05/כרמים-נווה-פת-בעמ.pdf,517280277,"כרמים נווה פת מרכז בע""מ",company,fuzzy,False,
1900,"נדל""ן","כרמים קרתא בן גמלא 6-8-10 בע""מ",היתר עסקה בתוקף,,https://heteriske.com/wp-content/uploads/custom_uploads/2026/05/כרמים-קרתא-בן-גמלא-6-8-10-בעמ.pdf,,,,,,
1901,"נדל""ן","כרמים קרתא בן גמלא ברוריה בע""מ",היתר עסקה בתוקף,,https://heteriske.com/wp-content/uploads/custom_uploads/2026/05/כרמים-קרתא-בן-גמלא-ברוריה-בעמ.pdf,516526746,"כרמים קרתא בן גמלא ברוריה בע""מ",company,exact,True,1901
1902,"נדל""ן","כרמים קרתא סן מרטין 4+6 בע""מ",היתר עסקה בתוקף,,https://heteriske.com/wp-content/uploads/custom_uploads/2026/05/כרמים-קרתא-סן-מרטין-46-בעמ.pdf,516526738,"כרמים קרתא סן מרטין 4+6 בע""מ",company,exact,True,1902
1664,תשמישי קדושה,"כתב סופר -תמשישי קדושה בע""מ",היתר עסקה בתוקף,,https://heteriske.com/wp-content/uploads/custom_uploads/2026/05/כתב-סופר-תמשישי-קדושה-בעמ.pdf,,,,,,
1860,יעוץ,ל.שני,היתר עסקה בתוקף,,https://heteriske.com/wp-content/uploads/custom_uploads/2026/05/ל.שני.pdf,,,,,,
2146,מפעלי אוכל וצרכניות,להתענג,היתר עסקה בתוקף,ישראל,https://heteriske.com/wp-content/uploads/custom_uploads/2026/05/להתענג.pdf,,,,,,
762,יבוא ושיווק עץ,"לואן וייז (ישראל) בע""מ",היתר עסקה בתוקף,,https://drive.google.com/file/d/1wgHykqUQM_UHw4oF2lU27uagPSkdOesG/view?usp=sharing,517018123,"לואן ווייז (ישראל) בע""מ",company,fuzzy,True,762
761,יבוא ושיווק עץ,"לואן וייז בע""מ",היתר עסקה בתוקף,,https://drive.google.com/file/d/1cj2GpQ7abNyLmGkgzhl4PuYbydoTa2qI/view?usp=sharing,516961604,"לואן ווייז בע""מ",company,fuzzy,True,761
1947,יעוץ,לוי -נוי דוד נחום,היתר עסקה בתוקף,,https://heteriske.com/wp-content/uploads/custom_uploads/2026/05/לוי-נוי-דוד-נחום.pdf,,,,,,
1665,ריהוט,לוי רהיטים,היתר עסקה בתוקף,,https://heteriske.com/wp-content/uploads/custom_uploads/2026/05/לוי-רהיטים.pdf,,,,,,
1742,ציוד לעסק,לוי שיווק,היתר עסקה בתוקף,,https://heteriske.com/wp-content/uploads/custom_uploads/2026/05/לוי-שיווק.pdf,,,,,,
1712,ריהוט,ליברמן רהיטים,היתר עסקה בתוקף,,https://heteriske.com/wp-content/uploads/custom_uploads/2026/05/ליברמן-רהיטים.pdf,,,,,,
1732,אשראי,"לידר טופ קפיטל מימון ויעוץ בע""מ",היתר עסקה בתוקף,,https://heteriske.com/wp-content/uploads/custom_uploads/2026/05/לידר-טופ-קפיטל-מימון-ויעוץ-בעמ.pdf,,,,,,
1838,"נדל""ן",ליזרוביץ ישראל,היתר עסקה בתוקף,,https://heteriske.com/wp-content/uploads/custom_uploads/2026/05/ליזרוביץ-ישראל.pdf,,,,,,
1844,אשראי,לינדר משכנתאות והלוואות,היתר עסקה בתוקף,,https://heteriske.com/wp-content/uploads/custom_uploads/2026/05/לינדר-משכנתאות-והלוואות-.pdf,,,,,,
13,מוזיקה,ליצ'י - בגדי ילדים,היתר עסקה בתוקף,תל ציון - ישראל,https://drive.google.com/file/d/1URsoS_dZb5e9P6OGXl21aHxxJ44BAi1y/view?usp=sharing,,,,,,
1694,בעלי מלאכה,לרנר יעקב,היתר עסקה בתוקף,,https://heteriske.com/wp-content/uploads/custom_uploads/2026/05/לרנר-יעקב.pdf,,,,,,
625,מזון,"מ לסר בע""מ",היתר עסקה בתוקף,ישראל,https://drive.google.com/file/d/1wGs4lHeHArL-k7GvWvcmFfWfLaW1qEug/view?usp=sharing,510228182,מ לסר בעמ,company,exact,True,625
617,"נדל""ן","מ.ב.צ. יזמות והשקעות בע""מ",היתר עסקה בתוקף,ישראל,https://drive.google.com/file/d/1GFhp_EQiAVVWdsNj_0qwiC4chMEG4oD9/view?usp=sharing,512283599,"מ.ב.צ. יזמות והשקעות בע""מ",company,exact,True,617
1960,דלק,מ.ישראל אספקת דלק,היתר עסקה בתוקף,,https://heteriske.com/wp-content/uploads/custom_uploads/2026/05/מ.ישראל-אספקת-דלק.pdf,,,,,,
2134,"נדל""ן","מ.פ. טופז החזקות בע""מ",היתר עסקה בתוקף,ישראל,https://heteriske.com/wp-content/uploads/custom_uploads/2026/05/מ.פ.-טופז-החזקות-בעמ.pdf,517156998,"א.נ. טופז החזקות בע""מ",company,fuzzy,False,
1959,"נדל""ן","מ.פלאטיניום בע""מ",היתר עסקה בתוקף,,https://heteriske.com/wp-content/uploads/custom_uploads/2026/05/מ.פלאטיניום-בעמ.pdf,515931590,"מ. פלאטיניום בע""מ",company,exact,True,1959
1971,"נדל""ן","מ.צ.ג ייעוץ והשקעות בע""מ",היתר עסקה בתוקף,,https://heteriske.com/wp-content/uploads/custom_uploads/2026/05/מ.צ.ג-ייעוץ-והשקעות-בעמ.pdf,515428456,"מ.צ.ג ייעוץ והשקעות בע""מ",company,exact,True,1971
20,תקשורת לעסקים,מ.ר תקשורת,היתר עסקה בתוקף,באר שבע - ישראל,https://drive.google.com/file/d/1j_E00kQNOLtB004MQruc7eZ22ZnqxmjA/view?usp=sharing,,,,,,
1970,"נדל""ן","מאגר אוקיאנוס במרינה החדשה בע""מ",היתר עסקה בתוקף,,https://heteriske.com/wp-content/uploads/custom_uploads/2026/05/מאגר-אוקיאנוס-במרינה-החדשה-בעמ.pdf,515825834,"מאגר אוקיאנוס במרינה החדשה בע""מ",company,exact,True,1970
2808,"נדל""ן","מאה שערים השקעות בע""מ",היתר עסקה בתוקף,ישראל,https://heteriske.com/wp-content/uploads/custom_uploads/2026/08/מאה-שערים-השקעות-בעמ.pdf,516903986,"מאה שערים השקעות בע""מ",company,exact,True,2808
1713,אשראי,"מאני טיים שירותים פיננסים בע""מ",היתר עסקה בתוקף,,https://heteriske.com/wp-content/uploads/custom_uploads/2026/05/מאני-טיים-שירותים-פיננסים-בעמ.pdf,514821180,"מאני טיים שירותים פיננסים בע""מ",company,exact,True,1713
31,סלולר ואביזרים,מאסטרפון,היתר עסקה בתוקף,עפולה - ישראל,https://drive.google.com/file/d/1vN5x7hCG__G4wKmLBKs0tZAYgGZIFUHE/view?usp=sharing,,,,,,
1668,מצות,מאפית מצות באיאן,היתר עסקה בתוקף,,https://heteriske.com/wp-content/uploads/custom_uploads/2026/05/מאפית-מצות-באיאן-.pdf,,,,,,
1667,מצות,"מאפית מצות קוממיות בע""מ",היתר עסקה בתוקף,,https://heteriske.com/wp-content/uploads/custom_uploads/2026/05/מאפית-מצות-קוממיות-בעמ.pdf,514569540,"מאפית מצות קוממיות בע""מ",company,exact,True,1667
622,"נדל""ן","מברוק ולחיים בע""מ",היתר עסקה בתוקף,ישראל,https://drive.google.com/file/d/16qfdcIX9HMJITmAuQR7pL0LZhEgi3D-D/view?usp=sharing,516542404,"מברוק ולחיים בע""מ",company,exact,True,622
2811,"נדל""ן","מבשלות בירת הגולן בע""מ",היתר עסקה בתוקף,ישראל,https://heteriske.com/wp-content/uploads/custom_uploads/2026/08/מבשלות-בירת-הגולן-בעמ-2.pdf,514321447,"מבשלות בירת הגולן בע""מ",company,exact,True,2811
2810,"נדל""ן",מבשלת הגולן א.ח.ר (2009),היתר עסקה בתוקף,ישראל,https://heteriske.com/wp-content/uploads/custom_uploads/2026/08/מבשלת-הגולן-א.ח.ר-2009.pdf,550235238,מבשלת הגולן א.ח.ר (2009),partnership,exact,True,2810
1906,השקעות,"מגדלור - מוצרים אלטרנטיביים בע""מ",היתר עסקה בתוקף,,https://heteriske.com/wp-content/uploads/custom_uploads/2026/05/מגדלור-מוצרים-אלטרנטיביים-בעמ.pdf,515514263,"מגדלור- מוצרים אלטרנטיביים בע""מ",company,fuzzy,True,1906
1905,השקעות,"מגדלור - קרן השקעות בע""מ",היתר עסקה בתוקף,,https://heteriske.com/wp-content/uploads/custom_uploads/2026/05/מגדלור-קרן-השקעות-בעמ.pdf,515779569,"מגדלור- קרן השקעות בע""מ",company,exact,True,1905
725,עתונות,"מגדלור לקהילה ולרוח (ע""ר)",היתר עסקה בתוקף,ישראל,https://drive.google.com/file/d/1SEMZmMJ1lHndbYfpphdowzT7Vb4qwlkU/view?usp=sharing,580829752,"מגדלור לקהילה ולרוח (ע""ר)",association,exact,True,725
439,בנייה,"מגדלי קטמון מקבוצת בית ירושלמי - גראנד יזמות בע""מ",היתר עסקה בתוקף,ישראל,https://drive.google.com/file/d/1wbLLcjbRkKMfpx7euRVhpvMyi9zjbWlm/view?usp=drive_link,515899789,"מגדלי קטמון מקבוצת בית ירושלמי - גראנד יזמות בע""מ",company,exact,True,439
442,בנייה,"מגורים מקבוצת בית ירושלמי בע""מ",היתר עסקה בתוקף,ישראל,https://drive.google.com/file/d/1c2HbsF3hyFz0L00WyMnmNkspnRCF2QtG/view?usp=drive_link,516603156,"מגורים מקבוצת בית ירושלמי בע""מ",company,exact,True,442
538,מימון,"מגן אפיקים בע""מ",היתר עסקה בתוקף,ישראל,https://drive.google.com/file/d/1yRs6Sx1ADHaXXxrxTua3RqVdvbJwQEVp/view?usp=sharing,516354446,"מגן אפיקים בע""מ",company,exact,True,538
469,"מד""א",מגן דוד אדום,היתר עסקה בתוקף,ישראל,https://drive.google.com/file/d/15XmX5-da5QNEQ3ceqJhrKlE-EltrHygX/view?usp=sharing,,,,,,
197,חשמל,"מוזס יהונתן בע""מ",היתר עסקה בתוקף,ירושלים - ישראל,https://drive.google.com/file/d/1wSsuZyxc2qxbGt1lhINLJ4jGSZdyQGaI/view?usp=drive_link,515462190,"מוזס יהונתן בע""מ",company,exact,True,197
626,חינוך,"מוסדות הגר""א רמת בית שמש (ע""ר)",היתר עסקה בתוקף,ישראל,https://drive.google.com/file/d/10T97WqvN4EjGaOiQdzGpYm78WTNx6M7P/view?usp=sharing,580354462,"מוסדות הגר""א רמת בית שמש (ע""ר)",association,exact,True,626
1816,חינוך,מוסדות חסידי בעלזא -בית שמש,היתר עסקה בתוקף,,https://heteriske.com/wp-content/uploads/custom_uploads/2026/05/מוסדות-חסידי-בעלזא-בית-שמש.pdf,580385284,"מוסדות חסידי בעלזא - בית שמש (ע""ר)",association,exact,True,1816
616,חינוך,"מוסדות מחנה ישראל מרכז להנחלת ערכי היהדות בירושלים (ע""ר)",היתר עסקה בתוקף,ישראל,https://drive.google.com/file/d/1sZZobZHP_9-uMprVLkSh36e9PQTU26vY/view?usp=sharing,580026284,"מוסדות מחנה ישראל מרכז להנחלת ערכי היהדות בירושלים (ע""ר)",association,exact,True,616
1785,רכב,"מוסך מרכזי לרכב יפני - חולון בע""מ",היתר עסקה בתוקף,,https://heteriske.com/wp-content/uploads/custom_uploads/2026/05/מוסך-מרכזי-לרכב-יפני-חולון-בעמ.pdf,511679854,"מוסך מרכזי לרכב יפני - חולון בע""מ",company,exact,True,1785
636,רשות מקומית,מועצה אזורית מרחבים,היתר עסקה בתוקף,ישראל,https://drive.google.com/file/d/1uaaGaN0qiIW1ynqI3u8L3kEVQV8SMv_g/view?usp=sharing,,,,,,
1992,רשויות מקומיות,מועצה מקומית אלפי מנשה,היתר עסקה בתוקף,,https://heteriske.com/wp-content/uploads/custom_uploads/2026/05/מועצה-מקומית-אלפי-מנשה.pdf,,,,,,
2164,רשויות,מועצה מקומית חריש,היתר עסקה בתוקף,ישראל,https://heteriske.com/wp-content/uploads/custom_uploads/2026/05/מועצה-מקומית-חריש.pdf,,,,,,
1716,מפעלי אוכל וצרכניות,מוצרים זה ברור,היתר עסקה בתוקף,,https://heteriske.com/wp-content/uploads/custom_uploads/2026/05/מוצרים-זה-ברור.pdf,515314748,"מוצרים זה ברור בע""מ",company,fuzzy,True,1716
5,ייעוץ עסקי,מוריה שפרינגר- מיתוג,היתר עסקה בתוקף,בית שמש - ישראל,https://drive.google.com/file/d/1KqdLlzUAG-Tb4o1p4P-pQSpcRJo3ZyGc/view?usp=sharing,,,,,,
1963,ריהוט,"מורינגה עץ הפלא בע""מ",היתר עסקה בתוקף,,https://heteriske.com/wp-content/uploads/custom_uploads/2026/05/מורינגה-עץ-הפלא-בעמ.pdf,515420263,"מורינגה עץ הפלא בע""מ",company,exact,True,1963
1753,ריהוט,מחסן המזרנים,היתר עסקה בתוקף,,https://heteriske.com/wp-content/uploads/custom_uploads/2026/05/מחסן-המזרנים-.pdf,,,,,,
1721,תוכנות,"מחשבת מערכות מידע בע""מ",היתר עסקה בתוקף,,https://heteriske.com/wp-content/uploads/custom_uploads/2026/05/מחשבת-מערכות-מידע-בעמ.pdf,515260412,"מחשבת מערכות מידע בע""מ",company,exact,True,1721
2007,מפעלי אוכל וצרכניות,מטעמים,היתר עסקה בתוקף,,https://heteriske.com/wp-content/uploads/custom_uploads/2026/05/מטעמים.pdf,,,,,,
531,מאגד אשראי,"מטרה הפקות בע""מ",היתר עסקה בתוקף,ישראל,https://drive.google.com/file/d/10Q4WoLGgB8YciJVs4-MBCSLfy00SwNvN/view?usp=sharing,515984094,"מטרה הפקות בע""מ",company,exact,True,531
1727,תאגיד מים,"מי נעם תאגיד מים וביוב אזורי בע""מ",היתר עסקה בתוקף,,https://heteriske.com/wp-content/uploads/custom_uploads/2026/05/מי-נעם-תאגיד-מים-וביוב-אזורי-בעמ.pdf,,,,,,
1829,"נדל""ן","מידר גני עדן בע""מ",היתר עסקה בתוקף,,https://heteriske.com/wp-content/uploads/custom_uploads/2026/05/מידר-גני-עדן-בעמ.pdf,516200441,"מידר גני עדן בע""מ",company,exact,True,1829
1830,"נדל""ן","מידר לב העיר בע""מ",היתר עסקה בתוקף,,https://heteriske.com/wp-content/uploads/custom_uploads/2026/05/מידר-לב-העיר-בעמ.pdf,516244159,"מידר לב העיר בע""מ",company,exact,True,1830
530,מימון,מיטב מימון שותפות מוגבלת,היתר עסקה בתוקף,ישראל,https://drive.google.com/file/d/1KX4a9-mwLD-_w5BghSBV7KxkKPxEHtiW/view?usp=sharing,,,,,,
1986,"נדל""ן",מיכאל גבאי,היתר עסקה בתוקף,,https://heteriske.com/wp-content/uploads/custom_uploads/2026/05/מיכאל-גבאי.pdf,,,,,,
1507,ייעוץ מס,"מיכל סבה - משרד רו""ח וייעוץ מס",היתר עסקה בתוקף,"אזור התעשייה שער בנימין,",https://heteriske.com/wp-content/uploads/custom_uploads/2026/06/היתע-משרד-ייעוץ-מס.pdf,,,,,,
3285,קליניקה - רפואה אלטרנטיבית,מילשטיין אהובה,היתר עסקה בתוקף,ערד - ישראל,https://drive.google.com/file/d/1WOZdLfyNpIv3tQ-s-bAaJUe_Dysq3wa3/view?usp=sharing,,,,,,
1886,"נדל""ן","מימון אגריפס בע""מ",היתר עסקה בתוקף,,https://heteriske.com/wp-content/uploads/custom_uploads/2026/05/מימון-אגריפס-בעמ.pdf,516425931,"מימון אגריפס בע""מ",company,exact,True,1886
1887,"נדל""ן","מימון פעמון בע""מ",היתר עסקה בתוקף,,https://heteriske.com/wp-content/uploads/custom_uploads/2026/05/מימון-פעמון-בעמ.pdf,516427135,"מימון פעמון בע""מ",company,exact,True,1887
1862,רפואה,"מיקרוקיט בע""מ",היתר עסקה בתוקף,,https://heteriske.com/wp-content/uploads/custom_uploads/2026/05/מיקרוקיט-בעמ.pdf,516614476,"מיקרוקיט בע""מ",company,exact,True,1862
10,הפקות מדיה,מירב בן עבו - פרודקשיין,היתר עסקה בתוקף,קרית גת - ישראל,https://drive.google.com/file/d/1ayg1NDpjWHfv-toHZpMXjPrQy0QmQRxp/view?usp=sharing,,,,,,
1666,"נדל""ן","מישל ייזום ובניה בע""מ",היתר עסקה בתוקף,,https://heteriske.com/wp-content/uploads/custom_uploads/2026/05/מישל-ייזום-ובניה-בעמ.pdf,515599686,"מישל פרגון ייזום ובניה בע""מ",company,fuzzy,True,1666
17,מכבסה,מכבסת האמוראים,היתר עסקה בתוקף,בית שמש - ישראל,https://drive.google.com/file/d/1XFtFwsHSXj-JnwbKUb1hDkuhnxvJeybc/view?usp=sharing,,,,,,
716,מכבסה,מכבסת שלגית,היתר עסקה בתוקף,ישראל,https://drive.google.com/file/d/1FbScrqVvGK7DPB0mV_tiK1eOhAsrT0MB/view?usp=sharing,,,,,,
1914,מפעלי אוכל וצרכניות,מכולת הקריה,היתר עסקה בתוקף,,https://heteriske.com/wp-content/uploads/custom_uploads/2026/05/מכולת-הקריה-.pdf,,,,,,
1111,מכולת,מכולת הקריה,היתר עסקה בתוקף,,https://drive.google.com/file/d/1R_nGOHuptLJ3-haX7KTncuAjS1aP8LmC/view?usp=drive_link,,,,,,
1715,מפעלי אוכל וצרכניות,מכולתת ציטליין 20,היתר עסקה בתוקף,,https://heteriske.com/wp-content/uploads/custom_uploads/2026/05/מכולתת-ציטליין-20.pdf,,,,,,
1693,יודיאקה,מכון ואנוהו,היתר עסקה בתוקף,,https://heteriske.com/wp-content/uploads/custom_uploads/2026/05/מכון-ואנוהו.pdf,,,,,,
520,חינוך,"מכון חינוך וסיוע בית רבקה באידיש חסידי (ע""ר)",היתר עסקה בתוקף,ישראל,https://drive.google.com/file/d/1xj_R-VRLyzJz_rwXJrducQxwuWR4XUXq/view?usp=sharing,580465367,"עמותת מכון חינוך וסיוע בית רבקה באידיש חסידי (ע""ר)",association,fuzzy,True,520
2816,מכון לימודים,מכון לאוקמי גירסא,היתר עסקה בתוקף,ישראל,https://heteriske.com/wp-content/uploads/custom_uploads/2026/08/מכון-לאוקמי-גירסא.pdf,,,,,,
693,כללי,מכון לייבדיק,היתר עסקה בתוקף,,https://drive.google.com/file/d/11Gx2JbM6CQcQ4nZhUZB5KFotzqHPbUuc/view?usp=sharing,,,,,,
1795,"סת""ם",מכון סופרי המלך,היתר עסקה בתוקף,,https://heteriske.com/wp-content/uploads/custom_uploads/2026/05/מכון-סופרי-המלך.pdf,,,,,,
1843,חינוך,מכללה אקדמית הדסה,היתר עסקה בתוקף,,https://heteriske.com/wp-content/uploads/custom_uploads/2026/05/מכללה-אקדמית-הדסה.pdf,,,,,,
1754,תוכנות,"מלאך תוכנה בע""מ",היתר עסקה בתוקף,,https://heteriske.com/wp-content/uploads/custom_uploads/2026/05/מלאך-תוכנה-בעמ.pdf,512789751,"מלאך תוכנה בע""מ",company,exact,True,1754
1984,"נדל""ן",מלול מאור,היתר עסקה בתוקף,,https://heteriske.com/wp-content/uploads/custom_uploads/2026/05/מלול-מאור-.pdf,,,,,,
1112,"נדל""ן","מליבו אפי קפיטל ייזום בע""מ",היתר עסקה בתוקף,,https://drive.google.com/file/d/1DgXGuEUrfzv_TsSOe9eOFGacuI_HUWIl/view?usp=drive_link,515031391,"מליבו - אפי קפיטל ייזום בע""מ",company,exact,True,1112
1804,יודיאקה,"מלכות וקסברגר בע""מ",היתר עסקה בתוקף,,https://heteriske.com/wp-content/uploads/custom_uploads/2026/05/מלכות-וקסברגר-בעמ.pdf,514392927,"מלכות וקסברגר בע""מ",company,exact,True,1804
8,שטריימלאך,מלכות שטריימלאך,היתר עסקה בתוקף,ירושלים - ישראל,https://drive.google.com/file/d/1NOcFNtjx0uRlL77Fz-zAYk_aNJCwdKzm/view?usp=sharing,,,,,,
720,מכולת,"ממתקי שהכל בע""מ",היתר עסקה בתוקף,ישראל,https://drive.google.com/file/d/1HretMvD1UJYQpuV1RhVsFtRvZ3c8a0jN/view?usp=sharing,,,,,,
1678,מפעלי אוכל וצרכניות,מנג'ט,היתר עסקה בתוקף,,https://heteriske.com/wp-content/uploads/custom_uploads/2026/05/מנגט-רוזנפלד-טאבה.pdf,,,,,,
28,אולפן הקלטות,מנדלוביץ בתיה יהודית,היתר עסקה בתוקף,ירושלים (נווה יעקב) - ישראל,https://drive.google.com/file/d/1HxVONrEDWqfRJyh6lsplh8mlZDb_eVGf/view?usp=sharing,,,,,,
476,בנייה,"מנוס - אליעזר הלוי 28 בע""מ",היתר עסקה בתוקף,ישראל,https://drive.google.com/file/d/1hE_r-Ph9QHbAdrRRMWfGKUh8Tp-31NxH/view?usp=sharing,515066934,"מנוס - אליעזר הלוי 28 בע""מ",company,exact,True,476
480,בנייה,"מנוס - בוליביה 4 בע""מ",היתר עסקה בתוקף,ישראל,https://drive.google.com/file/d/1hu6ij3ZmfSWLZMic3nQOLt4eMbYaXCbG/view?usp=sharing,514902063,"מנוס - בוליביה 4 בע""מ",company,exact,True,480
478,בנייה,"מנוס - בר יוחאי 18 בע""מ",היתר עסקה בתוקף,ישראל,https://drive.google.com/file/d/1LrjErHJ7MyeOdkis8fc1RuZAkbjDStMC/view?usp=sharing,514788694,"מנוס - בר יוחאי 18 בע""מ",company,exact,True,478
466,בנייה,"מנוס - דידס 6 בע""מ",היתר עסקה בתוקף,ישראל,https://drive.google.com/file/d/1iemPEZ_YhgJ-YG5umpN-OlN1-E5k0fA6/view?usp=sharing,515136976,"מנוס - דידס 6 בע""מ",company,exact,True,466
477,בנייה,"מנוס - ים סוף 3 בע""מ",היתר עסקה בתוקף,ישראל,https://drive.google.com/file/d/14MyoInotPT_DMtx9KYghydDOmqGY-i_H/view?usp=sharing,515451805,"מנוס - ים סוף 3 בע""מ",company,exact,True,477
463,בנייה,"מנוס - ים סוף 5 בע""מ",היתר עסקה בתוקף,ישראל,https://drive.google.com/file/d/1-ejABviB_m3xp9c3Xy4jPKn3CY89KjBq/view?usp=sharing,514832773,"מנוס - ים סוף 5 בע""מ",company,exact,True,463
465,בנייה,"מנוס - ריש לקיש 10 בע""מ",היתר עסקה בתוקף,ישראל,https://drive.google.com/file/d/11vSO-jEf6pqdcQ5w4yq_N9O0n0PGvFuN/view?usp=sharing,514960335,"מנוס - ריש לקיש 10 בע""מ",company,exact,True,465
621,"נדל""ן","מנוס - שירותי ניהול בע""מ",היתר עסקה בתוקף,ישראל,https://drive.google.com/file/d/1ARpmV91kX9Bqae0k-v39sp6zyJQur7GP/view?usp=sharing,514664622,"מנוס - שירותי ניהול בע""מ",company,exact,False,
462,בנייה,"מנוס בן יפונה 8 בע""מ",היתר עסקה בתוקף,Y - ישראל,https://drive.google.com/file/d/1-SvDu-nc3RhhR2Pt5Omca2cJD8noYopp/view?usp=sharing,515755601,"מנוס בן יפונה 8 בע""מ",company,exact,True,462
481,בנייה,"מנוס השיירות 3 בע""מ",היתר עסקה בתוקף,ישראל,https://drive.google.com/file/d/1AiSr_OuxqVpYYFUlDsy9frfUp69Rt-v7/view?usp=sharing,514939925,"מנוס השיירות 3 בע""מ",company,exact,True,481
482,בנייה,"מנוס- מקסיקו 22 בע""מ",היתר עסקה בתוקף,ישראל,https://drive.google.com/file/d/1VK7Ns2fYb4OFZAyKx_igDRqSxp7eCwLJ/view?usp=sharing,515748622,"מנוס- מקסיקו 22 בע""מ",company,exact,True,482
479,בנייה,"מנוס-אלעזר המודעי 4 בע""מ",היתר עסקה בתוקף,ישראל,https://drive.google.com/file/d/1IOC4PBi6RfdB1_zd2DHERy_WKPiMkagG/view?usp=sharing,514856673,"מנוס-אלעזר המודעי 4 בע""מ",company,exact,True,479
1755,מפעלי אוכל וצרכניות,מנטה בייגל,היתר עסקה בתוקף,,https://heteriske.com/wp-content/uploads/custom_uploads/2026/05/מנטה-בייגל.pdf,,,,,,
1938,יבוא ושיווק,מסגרות איכות אי 1,היתר עסקה בתוקף,,https://heteriske.com/wp-content/uploads/custom_uploads/2026/05/מסגרות-איכות-אי-1-.pdf,,,,,,
1113,חנות,מסגרות איכות אי 1,היתר עסקה בתוקף,,https://drive.google.com/file/d/10G_p8mWDy5Vbge6GzacUGzhUZ-XrzjkR/view?usp=drive_link,,,,,,
1689,ריהוט,מסגריית פאלוך,היתר עסקה בתוקף,,https://heteriske.com/wp-content/uploads/custom_uploads/2026/05/מסגריית-פאלוך.pdf,,,,,,
1975,מפעלי אוכל וצרכניות,מעדנית אגמים,היתר עסקה בתוקף,,https://heteriske.com/wp-content/uploads/custom_uploads/2026/05/מעדנית-אגמים.pdf,,,,,,
1114,מעונות,מעון ביתך,היתר עסקה בתוקף,,https://drive.google.com/file/d/1E78emAepdPEUFSVS3xtgEiUPJeB4lBoy/view?usp=drive_link,,,,,,
619,קהילה וחסד,"מפעלות חסדי יוסף לחינוך ונתינה (ע""ר)",היתר עסקה בתוקף,ישראל,https://drive.google.com/file/d/1x9yg61hKOfJ1GCZLM_iCzt7zVAdyLqIx/view?usp=sharing,580126167,"מפעלות חסדי יוסף לחינוך ונתינה (ע""ר)",association,exact,True,619
69,חינוך,מפעלי חינוך וחסד,היתר עסקה בתוקף,מודיעין עילית - ישראל,https://drive.google.com/file/d/1OvaT4MBNwBU0OXSln1MTUHgz0owqccaq/view?usp=sharing,580684595,"מפעלי חינוך וחסד (ע""ר)",association,exact,True,69
648,"השקעות ונדל""ן","מפרץ עכו-חיפה 1934 בע""מ",היתר עסקה בתוקף,ישראל,https://drive.google.com/file/d/1CHUz2gIMEd0gNoBzjT0h5XuCgbood_rK/view?usp=sharing,520009424,מפרץ עכו-חיפה 1934 בעמ,company,exact,True,648
2127,מצות,מצות יד מהודרות (בית שמש),היתר עסקה בתוקף,ישראל,https://heteriske.com/wp-content/uploads/custom_uploads/2026/05/מצות-יד-מהודרות-בית-שמש.pdf,513357541,"מצות יד מהודרות (בית שמש) בע""מ",company,fuzzy,True,2127
1703,מפעלי אוכל וצרכניות,מקור הברכה,היתר עסקה בתוקף,,https://heteriske.com/wp-content/uploads/custom_uploads/2026/05/מקור-הברכה.pdf,580180768,מקור הברכה,association,exact,False,
1868,"נדל""ן","מקור חיים החדשה בע""מ",היתר עסקה בתוקף,,https://heteriske.com/wp-content/uploads/custom_uploads/2026/05/מקור-חיים-החדשה-בעמ.pdf,515588754,"מקור חיים החדשה בע""מ",company,exact,True,1868
756,"נדל""ן","מקסיקלאב אינווסט בע""מ",היתר עסקה בתוקף,,https://drive.google.com/file/d/1zmt3oYjzQIsczZ6bPweHZT9fkSkUnnOX/view?usp=sharing,516473691,"מקסיקלאב אינווסט בע""מ",company,exact,True,756
2548,כללי,"מרומי צפת העתיקה בע""מ",היתר עסקה בתוקף,ישראל,https://heteriske.com/wp-content/uploads/custom_uploads/2026/08/מרומי-צפת-העתיקה-בעמ.pdf,515743227,"מרומי צפת העתיקה בע""מ",company,exact,True,2548
1764,"נדל""ן","מריבו 11 בע""מ",היתר עסקה בתוקף,,https://heteriske.com/wp-content/uploads/custom_uploads/2026/05/מריבו-11-בעמ.pdf,514770858,"מריבו 11 בע""מ",company,exact,True,1764
1771,"נדל""ן","מריבו 6-8 בע""מ",היתר עסקה בתוקף,,https://heteriske.com/wp-content/uploads/custom_uploads/2026/05/מריבו-6-8-בעמ.pdf,514853134,"מריבו 6-8 בע""מ",company,exact,True,1771
528,"נדל""ן","מרכוס נכסים והשקעות בע""מ",היתר עסקה בתוקף,ישראל,https://drive.google.com/file/d/1ZSqmyOTe8MW3mH6fnKl-pM0MmzZkMwAq/view?usp=sharing,516470036,"מרכוס נכסים והשקעות בע""מ",company,exact,True,528
1863,ניהול ועד בית,"מרכז הפעמון - חברה לניהול ואחזקה 92' בע""מ",היתר עסקה בתוקף,,https://heteriske.com/wp-content/uploads/custom_uploads/2026/05/מרכז-הפעמון-חברה-לניהול-ואחזקה-92-בעמ.pdf,511731077,"מרכז הפעמון - חברה לניהול ואחזקה 92' בע""מ",company,exact,True,1863
198,"סת""ם","מרכז לסת""ם",היתר עסקה בתוקף,"שבט מנשה 4, לוד - ישראל",https://drive.google.com/file/d/1GF43mlAatuW2rIomRqloGj0kvSpVMARr/view?usp=drive_link,,,,,,
1115,עמותה,"מרכז ערד להכרת היהדות (ע""ר)",היתר עסקה בתוקף,,https://drive.google.com/file/d/1a1DUza5ba7lyHabA_l6gJ67pJYOGcdDY/view?usp=drive_link,580134088,"מרכז ערד להכרת היהדות (ע""ר)",association,exact,True,1115
1123,רפואה,"מרכז רפואה, שיקום וסיעוד בית הדר (ע""ר)",היתר עסקה בתוקף,,https://drive.google.com/file/d/12V2urceCKYlRGzgp4Zy2J_qmOotwvSV9/view?usp=sharing,580540870,"מרכז רפואה"" שיקום וסיעוד בית הדר (ע""ר)",association,exact,True,1123
1669,חינוך,מרכז תורה וחינוך חצור הגלילית,היתר עסקה בתוקף,,https://heteriske.com/wp-content/uploads/custom_uploads/2026/05/מרכז-תורה-וחינוך-חצור-הגלילית.pdf,580008910,"מרכז תורה וחינוך חצור הגלילית (ע""ר)",association,exact,True,1669
6,מזון,מרכזול,היתר עסקה בתוקף,"דרך השלום 907 3, דימונה - ישראל",https://drive.google.com/file/d/1VLq2WN2uwyuBRDub2q2LyNn5SxkF5Nsf/view?usp=sharing,540172822,מרכזול,partnership,exact,False,
65,רפואת שיניים,מרפאת שיניים,היתר עסקה בתוקף,מודיעין עילית - ישראל,https://drive.google.com/file/d/1HJGcrGK4V5lgVqJ0DL68oXq_GZ-aMEcc/view?usp=sharing,540182276,מרפאת שיניים גילת,partnership,fuzzy,False,
1717,רכב,מרשל מוטורס,היתר עסקה בתוקף,,https://heteriske.com/wp-content/uploads/custom_uploads/2026/05/מרשל-מוטורס.pdf,,,,,,
195,מוסדות ציבוריים,"מש""י - מרכז שקום ילדים",היתר עסקה בתוקף,ירושלים - ישראל,https://drive.google.com/file/d/1nb_6ep8f7mAyXNe0N-CVAsBB2l4wPZxg/view?usp=drive_link,580326239,"מש""י - מרכז שקום ילדים (ע""ר)",association,exact,True,195
1797,שונות,משה שמשון,היתר עסקה בתוקף,,https://heteriske.com/wp-content/uploads/custom_uploads/2026/05/משה-שמשון.pdf,,,,,,
1119,אשראי,"משולם פתרונות תשלום בע""מ",היתר עסקה בתוקף,,https://drive.google.com/file/d/1w03AUTwZSLF0vcEH7jdgkeAqlDBj65Rn/view?usp=sharing,,,,,,
1857,מחשבים,"משי נט מ.נ. בע""מ",היתר עסקה בתוקף,,https://heteriske.com/wp-content/uploads/custom_uploads/2026/05/משי-נט-מ.נ.-בעמ.pdf,514722669,"משי נט מ.נ בע""מ",company,exact,True,1857
723,משכנתאות,משכנטיים,היתר עסקה בתוקף,ישראל,https://drive.google.com/file/d/1VXhbRCbiNqupxDuYljK9GdtoVP0CRDyD/view?usp=sharing,,,,,,
1922,"נדל""ן","משכני הדרים בע""מ",היתר עסקה בתוקף,,https://heteriske.com/wp-content/uploads/custom_uploads/2026/05/משכני-הדרים-בעמ.pdf,513661579,"משכני הדרים בע""מ",company,exact,True,1922
1120,מימון,משכנתא 10,היתר עסקה בתוקף,ישראל,https://drive.google.com/file/d/1MFG1sdLLOZwp9rd15ZUUxPboeNy6Y5kA/view?usp=sharing,,,,,,
1870,"נדל""ן","משקיעים בירושלים ייעוץ והשקעות נדל""ן בע""מ",היתר עסקה בתוקף,,https://heteriske.com/wp-content/uploads/custom_uploads/2026/05/משקיעים-בירושלים-ייעוץ-והשקעות-נדלן-בעמ.pdf,515806263,"משקיעים בירושלים ייעוץ והשקעות נדל""ן בע""מ",company,exact,True,1870
2005,אדריכלות,משרד הדריכלות ווקסלר ישראל,היתר עסקה בתוקף,,https://heteriske.com/wp-content/uploads/custom_uploads/2026/05/משרד-הדריכלות-ווקסלר-ישראל-.pdf,,,,,,
1670,פאנות,מתאים לך יופי,היתר עסקה בתוקף,,https://heteriske.com/wp-content/uploads/custom_uploads/2026/05/מתאים-לך-יופיאקרמן-מיכל.pdf,,,,,,
1839,יעוץ,מתבגרים לחיים,היתר עסקה בתוקף,,https://heteriske.com/wp-content/uploads/custom_uploads/2026/05/מתבגרים-לחיים.pdf,,,,,,
650,"נדל""ן","מתד ייזום והשקעות בע""מ",היתר עסקה בתוקף,ישראל,https://drive.google.com/file/d/1mBvsql0XCc3mur-Tefk6JkLiTAyNIwfx/view?usp=sharing,510846561,"מתד ייזום והשקעות בע""מ",company,exact,True,650
488,בנייה,"מתחדשים בעיר מקבוצת בית ירושלמי שלי בע""מ",היתר עסקה בתוקף,ישראל,https://drive.google.com/file/d/11nAecoqnihP0URbHksHkaiVTqJCJWCrZ/view?usp=drive_link,,,,,,
1679,ריהוט,נגריית גולדברג,היתר עסקה בתוקף,,https://heteriske.com/wp-content/uploads/custom_uploads/2026/05/נגריית-גולדברג.pdf,,,,,,
1686,ריהוט,נגריית גרר (פרפקשן -מטבחי יוקרה),היתר עסקה בתוקף,,https://heteriske.com/wp-content/uploads/custom_uploads/2026/05/נגריית-גרר-פרפקשן-מטבחי-יוקרה.pdf,,,,,,
448,בנייה,"נדל""ן מקבוצת בית ירושלמי בע""מ",היתר עסקה בתוקף,ישראל,https://drive.google.com/file/d/1E7MKUbj8cBjAgmPTPfGFkI4qt1-JyflK/view?usp=sharing,516594595,"נדל""ן מקבוצת בית ירושלמי בע""מ",company,exact,True,448
533,פיננסים,"נדרים קארד בע""מ",היתר עסקה בתוקף,ישראל,https://drive.google.com/file/d/1JLEhoJ2s-eBMj5aDAlK-7AuE5uQKXd7E/view?usp=sharing,516850351,"נדרים קארד בע""מ",company,exact,True,533
1710,אורטופדיה,"נוה (מנהיים) מעבדות אורטופדיות בע""מ",היתר עסקה בתוקף,,https://heteriske.com/wp-content/uploads/custom_uploads/2026/05/נוה-מנהיים-מעבדות-אורטופדיות-בעמ.pdf,511269599,"נוה (מנהיים) מעבדות אורטופדיות בע""מ",company,exact,True,1710
2141,"נדל""ן","נווה אור ש.פ. יזמות בע""מ",היתר עסקה בתוקף,ישראל,https://heteriske.com/wp-content/uploads/custom_uploads/2026/05/נווה-אור-ש.פ.-יזמות-בעמ.pdf,514956721,"נווה אור ש.פ. יזמות בע""מ",company,exact,True,2141
1848,מחשבים,נופטק מחשבים,היתר עסקה בתוקף,,https://heteriske.com/wp-content/uploads/custom_uploads/2026/05/נופטק-מחשבים.pdf,517359352,"נופטק מחשבים בע""מ",company,fuzzy,False,
753,"נדל""ן","נופי אילן הירוקה בע""מ",היתר עסקה בתוקף,,https://drive.google.com/file/d/1LambZA43_DbNfB0r6NirJTyNAh-ed-9L/view?usp=sharing,515837086,"נופי אילן הירוקה בע""מ",company,exact,True,753
1881,"נדל""ן","נופי בית הכרם בע""מ",היתר עסקה בתוקף,,https://heteriske.com/wp-content/uploads/custom_uploads/2026/05/נופי-בית-הכרם-בעמ.pdf,515786085,"נופי בית הכרם בע""מ",company,exact,True,1881
2552,כללי,"נופי צפת 2019 בע""מ",היתר עסקה בתוקף,ישראל,https://heteriske.com/wp-content/uploads/custom_uploads/2026/08/נופי-צפת-2019-בעמ.pdf,515977973,"נופי צפת 2019 בע""מ",company,exact,True,2552
2542,כללי,"נופי ראש פינה בע""מ",היתר עסקה בתוקף,ישראל,https://heteriske.com/wp-content/uploads/custom_uploads/2026/08/נופי-ראש-פינה-בעמ.pdf,517041307,"נופי ראש פינה בע""מ",company,exact,True,2542
445,בנייה,"נופים מקבוצת בית ירושלמי והדס קפיטל בע""מ",היתר עסקה בתוקף,ישראל,https://drive.google.com/file/d/1Rv1bqnenTq9vOyA76sDgLoCX0dP6bssQ/view?usp=sharing,516943354,"נופים מקבוצת בית ירושלמי והדס קפיטל בע""מ",company,exact,True,445
1846,"נדל""ן","נופך - דניאל ייזום נדל""ן בע""מ",היתר עסקה בתוקף,,https://heteriske.com/wp-content/uploads/custom_uploads/2026/05/נופך-דניאל-ייזום-נדלן-בעמ.pdf,,,,,,
2325,כולל אברכים,"נחלת שלמה זלמן (ע""ר)",היתר עסקה בתוקף,בית שמש - ישראל,https://heteriske.com/wp-content/uploads/custom_uploads/2026/07/נחלת-שלמה-זלמן-ע_ר.pdf,580643229,"נחלת שלמה זלמן (ע""ר)",association,exact,True,2325
536,"נדל""ן",נטליה ת.א.א. השקעות,היתר עסקה בתוקף,ישראל,https://drive.google.com/file/d/1GarLOl7f4E1yR2WTOGe-ssY5lxP_o439/view?usp=sharing,515794840,"נטליה ת.א.א. השקעות בע""מ",company,fuzzy,True,536
14,צעצועים ומשחקים,"ניגון טויס בע""מ",היתר עסקה בתוקף,רחובות - ישראל,https://drive.google.com/file/d/1fbstdwpp98JXvX85MKYhYQqhEB7PodUe/view?usp=sharing,515855468,"ניגון טויס בע""מ",company,exact,True,14
752,"נדל""ן","ניו אייג' מרקט בע""מ",היתר עסקה בתוקף,,https://drive.google.com/file/d/13qM1Sbuq8rnm1RJof-OB3DxP838lx1WF/view?usp=sharing,516795283,"ניו אייג' מרקט בע""מ",company,exact,True,752
4,מוצרי תינוקות,ניו בורן / פיקאבו,היתר עסקה בתוקף,"רחוב האדמו''ר מגור 37 בני ברק, בני ברק - ישראל",https://drive.google.com/file/d/1UFoq2XFdVWUfiauHGsvg29fT78ybPvcU/view?usp=sharing,,,,,,
718,כלי כסף,"ניו סטאר סילבר בע""מ",היתר עסקה בתוקף,ישראל,https://drive.google.com/file/d/1jmd4AoD6eLhzJPm9q6D1nMQmn3B4eA_i/view?usp=sharing,514264753,"ניו סטאר סילבר בע""מ",company,exact,True,718
1869,"נדל""ן","ניימן השקעות ויזמות בע""מ",היתר עסקה בתוקף,,https://heteriske.com/wp-content/uploads/custom_uploads/2026/05/ניימן-השקעות-ויזמות-בעמ.pdf,515516201,"ניימן השקעות ויזמות בע""מ",company,exact,True,1869
459,בנייה,"נימבל פיננסים בע""מ",היתר עסקה בתוקף,ישראל,https://drive.google.com/file/d/1CHMzu7xezY9XON0IuYz85a1pfvgWEGY1/view?usp=sharing,516516721,"נימבל פיננסים בע""מ",company,exact,True,459
451,בנייה,"נצפה נוף מקבוצת בית ירושלמי שלי בע""מ",היתר עסקה בתוקף,ישראל,https://drive.google.com/file/d/1QdddBq9q9cILq377uY43a9wSlnPc6TIu/view?usp=sharing,515901890,"נצפה נוף מקבוצת בית ירושלמי שלי בע""מ",company,exact,True,451
623,מיזוג אוויר,"נקודה מיזוג אויר בע""מ",היתר עסקה בתוקף,ישראל,https://drive.google.com/file/d/1soGDrFiVd_66fJno1tBhGPzNbisKYZZV/view?usp=sharing,515770147,"נקודה מיזוג אויר בע""מ",company,exact,True,623
677,"השקעות ונדל""ן","נשר נכסים עם עתיד בע""מ",היתר עסקה בתוקף,ישראל,https://drive.google.com/file/d/16scSLZsb4OP91rlGeAHalhrcDgyj2fpj/view?usp=sharing,516882248,"נשר נכסים עם עתיד בע""מ",company,exact,True,677
2800,"נדל""ן","נתניה נדלן סנטר פרמיום בע""מ",היתר עסקה בתוקף,ישראל,https://heteriske.com/wp-content/uploads/custom_uploads/2026/08/נתניה-נדלן-סנטר-פרמיום-בעמ.pdf,516695079,"נתניה נדלן סנטר פרמיום בע""מ",company,exact,True,2800
649,"נדל""ן","נתניה סי- שור דיבלופמנט קו בע""מ",היתר עסקה בתוקף,ישראל,https://drive.google.com/file/d/1lIJbx4xpB_1C2VQOuJs4F2qHhj5QfX2q/view?usp=sharing,520003823,נתניה סי- שור דיבלופמנט קו בעמ,company,exact,True,649
628,"נדל""ן","ס. ציקורל השקעות בע""מ",היתר עסקה בתוקף,ישראל,https://drive.google.com/file/d/1SVk3jNht27M8L8JBdSMrBVWKg7WbhDD8/view?usp=sharing,516468949,"ס. ציקורל השקעות בע""מ",company,exact,True,628
3287,אנרגיה,"סאנסקרין ורוד בע""מ",היתר עסקה בתוקף,ישראל,https://heteriske.com/wp-content/uploads/custom_uploads/2026/09/סאנסקרין-ורוד-1.pdf,517274155,"סאנסקרין ורוד בע""מ",company,exact,True,3287
3286,אנרגיה,"סאנפלאוור בע""מ",היתר עסקה בתוקף,ישראל,https://heteriske.com/wp-content/uploads/custom_uploads/2026/09/סאנפלאוור-1.pdf,516704707,"סאנפלאוור בע""מ",company,exact,True,3286
440,בנייה,"סביונים מקבוצת בית ירושלמי בע""מ",היתר עסקה בתוקף,ישראל,https://drive.google.com/file/d/1pfNE2QUJTckxhzxOtg_tFw1-eXVBwU77/view?usp=drive_link,516988755,"סביונים מקבוצת בית ירושלמי בע""מ",company,exact,True,440
1917,מערכות סולאריות,"סולארא בע""מ",היתר עסקה בתוקף,,https://heteriske.com/wp-content/uploads/custom_uploads/2026/05/סולארא-בעמ.pdf,510998149,"סולארא בע""מ",company,exact,True,1917
1864,מפעלי אוכל וצרכניות,"סופרמן - מרכולים בע""מ",היתר עסקה בתוקף,,https://heteriske.com/wp-content/uploads/custom_uploads/2026/05/סופרמן-מרכולים-בעמ.pdf,516474061,"סופרמן -מרכולים בע""מ",company,exact,True,1864
1756,ביגוד והנעלה,סוקר גרביים ואביזרי שיער,היתר עסקה בתוקף,,https://heteriske.com/wp-content/uploads/custom_uploads/2026/05/סוקר-גרביים-ואביזרי-שיער.pdf,,,,,,
489,בנייה,"סחלבים מקבוצת בית ירושלמי בע""מ",היתר עסקה בתוקף,ישראל,https://drive.google.com/file/d/1zIWy3ALXaQnfj1ZYJZ9I_lOiyiayCzvI/view?usp=drive_link,517034138,"סחלבים מקבוצת בית ירושלמי בע""מ",company,exact,True,489
1976,עיצובים,סט,היתר עסקה בתוקף,,https://heteriske.com/wp-content/uploads/custom_uploads/2026/05/סט-.pdf,,,,,,
1849,שונות,סטודיו אורגינל,היתר עסקה בתוקף,,https://heteriske.com/wp-content/uploads/custom_uploads/2026/05/סטודיו-אורגינל.pdf,,,,,,
1124,"נדל""ן","סי.אר.וי. בע""מ",היתר עסקה בתוקף,,https://drive.google.com/file/d/1uQ1WX8WPi526vhsulOyTOFO_JxtIzipS/view?usp=sharing,512019837,"סי.אר.וי. בע""מ",company,exact,True,1124
1741,ציוד לגני ילדים,סיטי גן,היתר עסקה בתוקף,,https://heteriske.com/wp-content/uploads/custom_uploads/2026/05/סיטי-גן.pdf,,,,,,
750,אשראי,"סייפקאש אפליקציות בע""מ",היתר עסקה בתוקף,,https://drive.google.com/file/d/1tTi5z-QJBSqTEkiOyRI1NLK1x2INkHhH/view?usp=sharing,516016045,"סייפקאש אפליקציות בע""מ",company,exact,True,750
1704,פאנות,סלון פאות ב .גולדמן,היתר עסקה בתוקף,,https://heteriske.com/wp-content/uploads/custom_uploads/2026/05/סלון-פאות-ב-.גולדמן.pdf,,,,,,
1990,חשמל,"סמארטסוויץ' בע""מ",היתר עסקה בתוקף,,https://heteriske.com/wp-content/uploads/custom_uploads/2026/05/סמארטסוויץ-בעמ.pdf,515865947,"סמארטסוויץ' בע""מ",company,exact,True,1990
631,חינוך,"סמינר דעת ניסים (ע""ר)",היתר עסקה בתוקף,ישראל,https://drive.google.com/file/d/16foUvc2rZCY-zFzyqtcf7KmyL550IpUL/view?usp=sharing,580657393,"סמינר דעת ניסים (ע""ר)",association,exact,True,631
1728,חינוך,סמינר למורות ולגננות הליכות בית יעקב,היתר עסקה בתוקף,,https://heteriske.com/wp-content/uploads/custom_uploads/2026/05/סמינר-למורות-ולגננות-הליכות-בית-יעקב.pdf,580386100,"סמינר למורות ולגננות הליכות בית יעקב (ע""ר)",association,exact,True,1728
1757,חינוך,סמינר מרכז בית יעקב למורות ולגננות -פתח תקוה,היתר עסקה בתוקף,,https://heteriske.com/wp-content/uploads/custom_uploads/2026/05/סמינר-מרכז-בית-יעקב-למורות-ולגננות-פתח-תקוה.pdf,580403350,"סמינר מרכז בית יעקב למורות ולגננות - פתח תקוה (ע""ר)",association,exact,True,1757
1671,מרפאת שיניים,"סנטר דנטל (ד""ר סורובסקי)",היתר עסקה בתוקף,,https://heteriske.com/wp-content/uploads/custom_uploads/2026/05/סנטר-דנטל-דר-סורובסקי.pdf,,,,,,
2804,"נדל""ן","סנטר המושבה 975 בע""מ",היתר עסקה בתוקף,ישראל,https://heteriske.com/wp-content/uploads/custom_uploads/2026/08/סנטר-המושבה-975-בעמ.pdf,516706975,"סנטר המושבה 975 בע""מ",company,exact,True,2804
2546,כללי,"סנטר המושבה בע""מ",היתר עסקה בתוקף,ישראל,https://heteriske.com/wp-content/uploads/custom_uploads/2026/08/סנטר-המושבה-בעמ.pdf,516707221,"סנטר המושבה בע""מ",company,exact,True,2546
2805,"נדל""ן","סנטר מערב העיר בע""מ",היתר עסקה בתוקף,ישראל,https://heteriske.com/wp-content/uploads/custom_uploads/2026/08/סנטר-מערב-העיר-בעמ.pdf,516707148,"סנטר מערב העיר בע""מ",company,exact,True,2805
1672,יבוא ויצוא,"סעידוב מתכות בע""מ",היתר עסקה בתוקף,,https://heteriske.com/wp-content/uploads/custom_uploads/2026/05/סעידוב-מתכות-בעמ.pdf,514366285,"סעידוב מתכות בע""מ",company,exact,True,1672
1719,ספרים,"ספרי גאולה 2006 בע""מ",היתר עסקה בתוקף,,https://heteriske.com/wp-content/uploads/custom_uploads/2026/05/ספרי-גאולה-2006-בעמ.pdf,513771444,"ספרי גאולה 2006 בע""מ",company,exact,True,1719
1,עוגות וקינוחים,סתיו - עוגות מעוצבות,היתר עסקה בתוקף,ראש העין - ישראל,https://drive.google.com/file/d/12W8_SZkEWYLek0s4HUYPSsFgcbIupuvi/view?usp=sharing,,,,,,
2118,מוסדות ציבוריים,ע,היתר עסקה בתוקף,ירושלים - ישראל,https://drive.google.com/file/d/1nb_6ep8f7mAyXNe0N-CVAsBB2l4wPZxg/view?usp=drive_link,,,,,,
1903,"נדל""ן","ע.ר. קרתא בצפת בע""מ",היתר עסקה בתוקף,,https://heteriske.com/wp-content/uploads/custom_uploads/2026/05/ע.ר.-קרתא-בצפת-בעמ.pdf,516528908,"ע.ר. קרתא בצפת בע""מ",company,exact,True,1903
1883,"נדל""ן","ע.ר. קרתא הפעמון בע""מ",היתר עסקה בתוקף,,https://heteriske.com/wp-content/uploads/custom_uploads/2026/05/ע.ר.-קרתא-הפעמון-בעמ.pdf,516083995,"ע.ר קרתא הפעמון בע""מ",company,exact,True,1883
1872,"נדל""ן","ע.ר. קרתא נדל""ן בע""מ",היתר עסקה בתוקף,,https://heteriske.com/wp-content/uploads/custom_uploads/2026/05/ע.ר.-קרתא-נדלן-בעמ.pdf,515603462,"ע.ר. קרתא נדל""ן בע""מ",company,exact,True,1872
1880,"נדל""ן","ע.ר. קרתא נכסים בע""מ",היתר עסקה בתוקף,,https://heteriske.com/wp-content/uploads/custom_uploads/2026/05/ע.ר.-קרתא-נכסים-בעמ.pdf,516493285,"ע.ר. קרתא נכסים בע""מ",company,exact,True,1880
1904,"נדל""ן","ע.ר. קרתא סנטר רמת בית שמש (משכנות שיא) בע""מ",היתר עסקה בתוקף,,https://heteriske.com/wp-content/uploads/custom_uploads/2026/05/ע.ר.-קרתא-סנטר-רמת-בית-שמש-משכנוץ-שיא-בעמ.pdf,516544269,"ע.ר. קרתא סנטר רמת בית שמש (משכנות שיא) בע""מ",company,exact,True,1904
620,"נדל""ן","עבוד ט. לוי השקעות בע""מ",היתר עסקה בתוקף,ישראל,https://drive.google.com/file/d/1heKDZM-y4dx0PgIRGsLACBSQD6Obq-Iz/view?usp=sharing,516462835,"עבוד ט. לוי השקעות בע""מ",company,exact,True,620
1735,מפעלי אוכל וצרכניות,"עדיף יזמות פיתוח בע""מ",היתר עסקה בתוקף,,https://heteriske.com/wp-content/uploads/custom_uploads/2026/05/עדיף-יזמות-פיתוח-בעמ.pdf,515345379,"עדיף יזמות פיתוח ומסחר בע""מ",company,fuzzy,True,1735
1950,יעוץ,עובדיה הררי - מיקאסה,היתר עסקה בתוקף,,https://heteriske.com/wp-content/uploads/custom_uploads/2026/05/עובדיה-הררי-מיקאסה.pdf,,,,,,
1911,וילונות,עולם הדקורציה,היתר עסקה בתוקף,,https://heteriske.com/wp-content/uploads/custom_uploads/2026/05/עולם-הדקורציה.pdf,,,,,,
519,"נדל""ן","עידית ייזום והשקעות בע""מ",היתר עסקה בתוקף,ישראל,https://drive.google.com/file/d/1qBCcTeC-YJafv4OVoeJhyOsxa3vSMLaU/view?usp=sharing,515066603,"עידית ייזום והשקעות בע""מ",company,exact,True,519
1955,יודיאקה,עידן תשמישי קדושה- בגדי שש,היתר עסקה בתוקף,,https://heteriske.com/wp-content/uploads/custom_uploads/2026/05/עידן-תשמישי-קדושה-בגדי-שש.pdf,,,,,,
715,עיצוב פנים,עיצוב פנים הום סטיילינג,היתר עסקה בתוקף,ישראל,https://drive.google.com/file/d/1RuEy4RDipsDzpFOShyscNxCoDF9Huq-Z/view?usp=sharing,,,,,,
433,בנייה,"עיר וגן מקבוצת בית ירושלמי בע""מ",היתר עסקה בתוקף,ישראל,https://drive.google.com/file/d/1dqIBB_LroxVW-5ZHbXSgwnK9gbV66J4f/view?usp=drive_link,517090817,"עיר וגן מקבוצת בית ירושלמי בע""מ",company,exact,True,433
2870,עירייה,עיריית ביתר עילית,היתר עסקה בתוקף,ביתר עילית - ישראל,https://heteriske.com/wp-content/uploads/custom_uploads/2026/08/היתר-עיסקא-עיריית-ביתר-.pdf,,,,,,
2160,רשויות מקומיות,עיריית חיפה,היתר עסקה בתוקף,ישראל,https://heteriske.com/wp-content/uploads/custom_uploads/2026/05/עיריית-חיפה.pdf,,,,,,
1993,רשויות מקומיות,עיריית כפר סבא,היתר עסקה בתוקף,,https://heteriske.com/wp-content/uploads/custom_uploads/2026/05/עיריית-כפר-סבא.pdf,,,,,,
2003,רשויות מקומיות,עיריית לוד,היתר עסקה בתוקף,,https://heteriske.com/wp-content/uploads/custom_uploads/2026/05/עיריית-לוד.pdf,,,,,,
2013,רשויות מקומיות,עיריית מגדל העמק,היתר עסקה בתוקף,,https://heteriske.com/wp-content/uploads/custom_uploads/2026/05/עיריית-מגדל-העמק.pdf,,,,,,
3079,עיריית נצרת עילית,עיריית נצרת עילית,היתר עסקה בתוקף,נצרת עילית - ישראל,https://drive.google.com/file/d/1H1H0YgCGEJwAu6w9gXPlk1MSc5-LaSsc/view?usp=sharing,,,,,,
2140,רשויות מקומיות,עיריית נצרת עילית,היתר עסקה בתוקף,ישראל,https://heteriske.com/wp-content/uploads/custom_uploads/2026/05/עיריית-נצרת-עילית.pdf,,,,,,
2138,רשויות מקומיות,עיריית עפולה,היתר עסקה בתוקף,ישראל,https://heteriske.com/wp-content/uploads/custom_uploads/2026/05/עיריית-עפולה.pdf,,,,,,
2817,עירייה,עיריית קריית אונו,היתר עסקה בתוקף,ישראל,https://heteriske.com/wp-content/uploads/custom_uploads/2026/08/עיריית-קריית-אונו.pdf,,,,,,
2163,רשויות מקומיות,עיריית קריית מלאכי,היתר עסקה בתוקף,ישראל,https://heteriske.com/wp-content/uploads/custom_uploads/2026/05/עיריית-קריית-מלאכי.pdf,,,,,,
1951,מעליות,"על -רד הנדסת מעליות (1992)בע""מ",היתר עסקה בתוקף,,https://heteriske.com/wp-content/uploads/custom_uploads/2026/05/על-רד-הנדסת-מעליות-1992בעמ.pdf,511703936,"על-רד הנדסת מעליות (1992) בע""מ",company,exact,True,1951
1743,חינוך,"עמותת אדני הקודש בעלז""א",היתר עסקה בתוקף,,https://heteriske.com/wp-content/uploads/custom_uploads/2026/05/עמותת-אדני-הקודש-בעלזא.pdf,,,,,,
1826,חינוך,עמותת אור חיה - המרכז לאישה היהודיה,היתר עסקה בתוקף,,https://heteriske.com/wp-content/uploads/custom_uploads/2026/05/עמותת-אור-חיה-המרכז-לאישה-היהודיה.pdf,,,,,,
2129,חינוך,"עמותת איל""ה - איכות יחודית לבית היהודי",היתר עסקה בתוקף,ישראל,https://heteriske.com/wp-content/uploads/custom_uploads/2026/05/עמותת-אילה-איכות-יחודית-לבית-היהודי.pdf,,,,,,
1720,חינוך,עמותת אסנט - היבטים פנימיים של סגנון החיים היהודי,היתר עסקה בתוקף,,https://heteriske.com/wp-content/uploads/custom_uploads/2026/05/עמותת-אסנט-היבטים-פנימיים-של-סגנון-החיים-היהודי.pdf,,,,,,
1688,חינוך,עמותת דרכי שמחה,היתר עסקה בתוקף,,https://heteriske.com/wp-content/uploads/custom_uploads/2026/05/עמותת-דרכי-שמחה.pdf,,,,,,
1718,ספרים,עמותת ועד הורים ירושלמי,היתר עסקה בתוקף,,https://heteriske.com/wp-content/uploads/custom_uploads/2026/05/עמותת-ועד-הורים-ירושלמי.pdf,,,,,,
1937,חינוך,עמותת חייל - חיים למוצאיהם,היתר עסקה בתוקף,,https://heteriske.com/wp-content/uploads/custom_uploads/2026/05/עמותת-חייל-חיים-למוצאיהם.pdf,,,,,,
1796,חינוך,עמותת ישיבת שפתי צדיק קריה חסידית חצור הגלילית,היתר עסקה בתוקף,,https://heteriske.com/wp-content/uploads/custom_uploads/2026/05/עמותת-ישיבת-שפתי-צדיק-קריה-חסידית-חצור-הגלילית.pdf,,,,,,
1414,חינוך,עמותת כולל אברכים תורה תמימה,היתר עסקה בתוקף,,https://heteriske.com/wp-content/uploads/custom_uploads/2026/06/כולל-אברכים-תורה-תמימה-היתר-עיסקא-חתום-1.pdf,,,,,,
1836,"נדל""ן",עמותת מביאים ברכה וסיוע,היתר עסקה בתוקף,,https://heteriske.com/wp-content/uploads/custom_uploads/2026/05/עמותת-מביאים-ברכה-וסיוע-.pdf,580724995,"עמותת מביאים ברכה וסיוע (ע""ר)",association,exact,True,1836
2128,חינוך,עמותת משכנותיך ישראל ירושלים,היתר עסקה בתוקף,ישראל,https://heteriske.com/wp-content/uploads/custom_uploads/2026/05/עמותת-משכנותיך-ישראל-ירושלים.pdf,,,,,,
1935,"נדל""ן",עמותת נחלת יעקב עמנואל,היתר עסקה בתוקף,,https://heteriske.com/wp-content/uploads/custom_uploads/2026/05/עמותת-נחלת-יעקב-עמנואל.pdf,,,,,,
2135,אשראי,עמותת עוגן - הקרן להלוואות ללא ריבית,היתר עסקה בתוקף,ישראל,https://heteriske.com/wp-content/uploads/custom_uploads/2026/05/עמותת-עוגן-הקרן-להלוואות-ללא-ריבית-.pdf,,,,,,
2006,"גמחי""ם",עמותת צדקה וחסד בערד ברדיטשוב,היתר עסקה בתוקף,,https://heteriske.com/wp-content/uploads/custom_uploads/2026/05/עמותת-צדקה-וחסד-בערד-ברדיטשוב-.pdf,,,,,,
1758,חינוך,עמותת שערי דעת לחינוך הוראה וחסד,היתר עסקה בתוקף,,https://heteriske.com/wp-content/uploads/custom_uploads/2026/05/עמותת-שערי-דעת-לחינוך-הוראה-וחסד.pdf,,,,,,
1913,חינוך,עמותת שערי ישיבה,היתר עסקה בתוקף,,https://heteriske.com/wp-content/uploads/custom_uploads/2026/05/עמותת-שערי-ישיבה.pdf,,,,,,
1916,חינוך,עמותת תורת חסד בגליל,היתר עסקה בתוקף,,https://heteriske.com/wp-content/uploads/custom_uploads/2026/05/עמותת-תורת-חסד-בגליל.pdf,,,,,,
674,"נדל""ן","עמינדב בוטיק בע""מ",היתר עסקה בתוקף,ישראל,https://drive.google.com/file/d/1KfnR4K9ubX-s0RhN8yHdU6wVx1sKdpyY/view?usp=sharing,515776532,"חברת עמינדב בוטיק בע""מ",company,fuzzy,True,674
673,"נדל""ן","עמינדב רזידנס בע""מ",היתר עסקה בתוקף,ישראל,https://drive.google.com/file/d/1EuONj-y6-R3IuTdCRnfeDq52UxV1Vhn0/view?usp=sharing,515655058,"עמינדב רזידנס בע""מ",company,exact,True,673
3284,עיצוב גרפי,עריכת וידאו,היתר עסקה בתוקף,בית שמש - ישראל,https://drive.google.com/file/d/1p0zecDLe-tnxsymJYst-cW5SqGgQ3QAw/view?usp=drive_link,,,,,,
1737,מיסוי,"ערך מיבוי עירוני וניהול נדל""ן בע""מ",היתר עסקה בתוקף,,https://heteriske.com/wp-content/uploads/custom_uploads/2026/05/ערך-מיבוי-עירוני-וניהול-נדלן-בעמ.pdf,,,,,,
2004,עיצוב פנים,ערערא עיצוב פנים,היתר עסקה בתוקף,,https://heteriske.com/wp-content/uploads/custom_uploads/2026/05/ערערא-עיצוב-פנים.pdf,,,,,,
1921,"נדל""ן","עתיד - חברה לאדריכלות בע""מ",היתר עסקה בתוקף,,https://heteriske.com/wp-content/uploads/custom_uploads/2026/05/עתיד-חברה-לאדריכלות-בעמ.pdf,515215697,"עתיד - חברה לאדריכלות בע""מ",company,exact,True,1921
1943,פאות,"פאות צילי בינלאומי בע""מ",היתר עסקה בתוקף,,https://heteriske.com/wp-content/uploads/custom_uploads/2026/05/פאות-צילי-בינלאומי-בעמ.pdf,515998482,"פאות צילי בינלאומי בע""מ",company,exact,True,1943
2165,פאות,פאות רבקי,היתר עסקה בתוקף,ישראל,https://heteriske.com/wp-content/uploads/custom_uploads/2026/05/פאות-רבקי.pdf,,,,,,
1981,"נדל""ן","פאי נשיונל בע""מ",היתר עסקה בתוקף,,https://heteriske.com/wp-content/uploads/custom_uploads/2026/05/פאי-נשיונל-בעמ.pdf,514249952,"פאי נשיונל בע""מ",company,exact,True,1981
1673,אשראי,"פאיימי בע""מ",היתר עסקה בתוקף,,https://heteriske.com/wp-content/uploads/custom_uploads/2026/05/פאיימי-בעמ.pdf,515033553,"פאיימי בע""מ",company,exact,True,1673
196,רשת מזון והזמנות אונליין,"פוד שפע והצלחה בע""מ",היתר עסקה בתוקף,"ההדרים 6 אשדוד, אשדוד - ישראל",https://drive.google.com/file/d/15HLfGRdog-tMgiriQrPXfn5lFFictKRk/view?usp=drive_link,517180337,"פוד שפע והצלחה בע""מ",company,exact,True,196
211,מגנטים והדפסות,פוטו מגנט,היתר עסקה בתוקף,מינץ 7,https://heteriske.com/wp-content/uploads/custom_uploads/2026/05/פוטניצאל.pdf,,,,,,
1695,חינוך,פוטניצאל,היתר עסקה בתוקף,,https://drive.google.com/file/d/17o2JfSoPyaDOd2O3HZ9wxiqqK5KKoyRt/view?usp=drive_link,,,,,,
691,כללי,"פופקורן אחזקות בנדל""ן בע""מ",היתר עסקה בתוקף,,https://heteriske.com/wp-content/uploads/custom_uploads/2026/05/פי.וי.נכסים-בעמ.pdf,515214153,"פופקורן אחזקות בנדל""ן בע""מ",company,exact,True,691
1964,"נדל""ן","פי.וי.נכסים בע""מ",היתר עסקה בתוקף,,https://heteriske.com/wp-content/uploads/2026/01/פנחסוב-פיימנס-הלבשה-אלגנטית-לגברים-.pdf,513080200,"פי.וי. נכסים בע""מ",company,exact,True,1964
62,אופנת גברים,פיימנס - הלבשה אלגנטית לגברים,היתר עסקה בתוקף,תל ציון - ישראל,https://drive.google.com/file/d/1cLYe_t9AosbEc6wFJga4wp88aZ-7oASY/view?usp=sharing,,,,,,
667,בנקים,"פינטקה, שותפות כללית",היתר עסקה בתוקף,ישראל,https://drive.google.com/file/d/1UIjCK8vDc_XSxgdKXqfiVezNifW30RRz/view?usp=sharing,540321700,"פינטקה, שותפות כללית",partnership,exact,True,667
7,קייטרינג,פיקנטי ע.מ.,היתר עסקה בתוקף,בית שמש - ישראל,https://heteriske.com/wp-content/uploads/custom_uploads/2026/05/פלא-פיי-בעמ.pdf,,,,,,
2161,תקשורת,"פלא פיי בע""מ",היתר עסקה בתוקף,ישראל,https://heteriske.com/wp-content/uploads/custom_uploads/2026/05/פלטבוש-סחר-והשקעות-בעמ.pdf,515020147,"פלא פיי בע""מ",company,exact,True,2161
1730,מפעלי אוכל וצרכניות,"פלטבוש סחר והשקעות בע""מ",היתר עסקה בתוקף,,https://heteriske.com/wp-content/uploads/custom_uploads/2026/05/פלטרין-השקעות-בעמ.pdf,515124584,"פלטבוש סחר והשקעות בע""מ",company,exact,True,1730
1794,"נדל""ן","פלטרין השקעות בע""מ",היתר עסקה בתוקף,,https://drive.google.com/file/d/1DSzenabHnvCxsure2R3Z-e7XFgl3AU7F/view?usp=sharing,514162296,"פלטרין השקעות בע""מ",company,exact,True,1794
63,עריכת דין,פליגלמן שלמה עו'ד,היתר עסקה בתוקף,ירושלים - ישראל,https://heteriske.com/wp-content/uploads/custom_uploads/2026/05/פליי-פאנקשן-ישראל-בעמ.pdf,,,,,,
1722,תקשורת,"פליי פאנקשן ישראל בע""מ",היתר עסקה בתוקף,,https://drive.google.com/file/d/1bswCporYxpC7WW85WeBzUSrJk2zICt-0/view?usp=drive_link,514972330,"פליי פאנקשן ישראל בע""מ",company,exact,True,1722
441,בנייה,"פני העיר ב. ש. מקבוצת בית ירושלמי בע""מ",היתר עסקה בתוקף,ישראל,https://heteriske.com/wp-content/uploads/custom_uploads/2026/08/פנינת-בזלת-בעמ.pdf,516712254,"פני העיר ב.ש. מקבוצת בית ירושלמי בע""מ",company,exact,True,441
2555,כללי,"פנינת בזלת בע""מ",היתר עסקה בתוקף,ישראל,https://drive.google.com/file/d/1gCCPfH8wT7K5fK-mTqB-kvWY40ORGrur/view?usp=drive_link,517041315,"פנינת בזלת בע""מ",company,exact,True,2555
739,"נדל""ן","פנינת גושן בע""מ",היתר עסקה בתוקף,,https://heteriske.com/wp-content/uploads/custom_uploads/2026/05/פנינת-קטמון-בעמ.pdf,516074564,"פנינת גושן בע""מ",company,exact,True,739
1873,"נדל""ן","פנינת קטמון בע""מ",היתר עסקה בתוקף,,https://heteriske.com/wp-content/uploads/custom_uploads/2026/05/פסגת-בית-וגן-2021-בעמ.pdf,515588762,"פנינת קטמון בע""מ",company,exact,True,1873
1884,"נדל""ן","פסגת בית וגן 2021 בע""מ",היתר עסקה בתוקף,,https://drive.google.com/file/d/17n1T04-v6W3QfDVZAoYndpoGC9FqooFF/view?usp=sharing,516483591,"פסגת בית וגן 2021 בע""מ",company,exact,True,1884
668,בנקים,"פפר פלטפורם בע""מ",היתר עסקה בתוקף,ישראל,https://heteriske.com/wp-content/uploads/custom_uploads/2026/05/פרופיט-אדג-בעמ.pdf,515772820,"פפר פלטפורם בע""מ",company,exact,True,668
1980,לא קיים כבר,"פרופיט אדג' בע""מ",היתר עסקה בתוקף,,https://heteriske.com/wp-content/uploads/custom_uploads/2026/05/פרי-ביצועים-בעמ.pdf,516102241,"פרופיט אדג' בע""מ",company,exact,True,1980
1925,"נדל""ן","פרי ביצועים בע""מ",היתר עסקה בתוקף,,https://heteriske.com/wp-content/uploads/custom_uploads/2026/05/פרי-נדלן-בגן-הפאקן-בעמ.pdf,514333202,"פרי ביצועים בע""מ",company,exact,True,1925
1930,"נדל""ן","פרי נדל""ן בגן הפאקן בע""מ",היתר עסקה בתוקף,,https://heteriske.com/wp-content/uploads/custom_uploads/2026/05/פרי-נדלן-בגן-הפאקן-ג.ב-בעמ.pdf,,,,,,
1931,"נדל""ן","פרי נדל""ן בגן הפאקן ג.ב בע""מ",היתר עסקה בתוקף,,https://heteriske.com/wp-content/uploads/custom_uploads/2026/05/פרי-נדלן-ברובע-יזרעאל-בעמ.pdf,,,,,,
1929,"נדל""ן","פרי נדל""ן ברובע יזרעאל בע""מ",היתר עסקה בתוקף,,https://heteriske.com/wp-content/uploads/custom_uploads/2026/05/פרי-ריזורט-בעמ.pdf,514989219,"פרי נדל""ן ברובע יזרעאל בע""מ",company,exact,True,1929
1927,"נדל""ן","פרי ריזורט בע""מ",היתר עסקה בתוקף,,https://heteriske.com/wp-content/uploads/custom_uploads/2026/05/פרי-שוחט-אנרגיה-בעמ.pdf,515312445,"פרי ריזורט בע""מ",company,exact,True,1927
1932,"נדל""ן","פרי שוחט אנרגיה בע""מ",היתר עסקה בתוקף,,https://heteriske.com/wp-content/uploads/custom_uploads/2026/05/פרי-טק-השקעותוטכנולוגיות-בעמ.pdf,516048337,"פרי שוחט אנרגיה בע""מ",company,exact,True,1932
1919,השקעות,"פרי-טק השקעותוטכנולוגיות בע""מ",היתר עסקה בתוקף,,https://heteriske.com/wp-content/uploads/custom_uploads/2026/05/פרידלנד-נכסים-בעמ.pdf,,,,,,
2162,"נדל""ן","פרידלנד נכסים בע""מ",היתר עסקה בתוקף,ישראל,https://heteriske.com/wp-content/uploads/custom_uploads/2026/08/פרינט-כל.pdf,515768497,"פרידלנד נכסים בע""מ",company,exact,True,2162
2818,דפוס,פרינט כל,היתר עסקה בתוקף,ישראל,https://heteriske.com/wp-content/uploads/custom_uploads/2026/07/פרפ-קסם-אישי.pdf,,,,,,
2323,מוצרי טיפוח ואקססוריז,פרפ קסם אישי,היתר עסקה בתוקף,ערד - ישראל,https://heteriske.com/wp-content/uploads/custom_uploads/2026/05/צ.ח.-שטרן-פיננסים-בעמ.pdf,,,,,,
1819,חלפנים,"צ.ח. שטרן פיננסים בע""מ",היתר עסקה בתוקף,,https://heteriske.com/wp-content/uploads/custom_uploads/2026/05/צ.ש-ערד-.pdf,515671618,"צ.ח. שטרן פיננסים בע""מ",company,exact,True,1819
1708,"נדל""ן",צ.ש ערד,היתר עסקה בתוקף,,https://heteriske.com/wp-content/uploads/custom_uploads/2026/05/צ.ש.ש.א.-החברה-להתחדשות-נדלן-בעמ.pdf,,,,,,
1979,"נדל""ן","צ.ש.ש.א. החברה להתחדשות נדל""ן בע""מ",היתר עסקה בתוקף,,https://heteriske.com/wp-content/uploads/custom_uploads/2026/05/ציינג-יפתח-דרויס.pdf,515030435,"צ.ש.ש.א. החברה להתחדשות נדל""ן בע""מ",company,exact,True,1979
1725,אשראי,צ'יינג' יפתח דרויס,היתר עסקה בתוקף,,https://heteriske.com/wp-content/uploads/custom_uploads/2026/05/צאן-ברזל-אליאנס-בעמ.pdf,,,,,,
1831,"נדל""ן","צאן ברזל - אליאנס בע""מ",היתר עסקה בתוקף,,https://heteriske.com/wp-content/uploads/custom_uploads/2026/05/צביקה-קסלר.pdf,514955343,"צאן ברזל - אליאנס בע""מ",company,exact,True,1831
1759,אשראי,צביקה קסלר,היתר עסקה בתוקף,,https://drive.google.com/file/d/1LwL9C4B_rn7nMxJqTw_uAoar8dCN1Hpd/view?usp=sharing,,,,,,
102,שירותים כלליים,צויבל אלעזר,היתר עסקה בתוקף,כרמיאל - ישראל,https://heteriske.com/wp-content/uploads/custom_uploads/2026/05/ציון-תורגמן-בעמ.pdf,,,,,,
1828,יבוא ויצוא,"ציון תורג'מן בע""מ",היתר עסקה בתוקף,,https://heteriske.com/wp-content/uploads/custom_uploads/2026/05/צמיגי-יוסף.pdf,513910752,"ציון תורג'מן בע""מ",company,exact,True,1828
1912,רכב,צמיגי יוסף,היתר עסקה בתוקף,,https://drive.google.com/file/d/18qwwQteZGZyd_OdmAtyYjW8YCw-mucYo/view?usp=drive_link,,,,,,
738,הסעות,"צפורה מסעי א""י בע""מ",היתר עסקה בתוקף,,https://heteriske.com/wp-content/uploads/custom_uploads/2026/05/צרכניית-אחיעזר.pdf,512310160,"צפורה מסעי א""י בע""מ",company,exact,True,738
1692,מפעלי אוכל וצרכניות,צרכניית אחיעזר,היתר עסקה בתוקף,,,,,,,,
1685,מפעלי אוכל וצרכניות,צרכנית ברכת השדה,היתר עסקה בתוקף,,https://heteriske.com/wp-content/uploads/custom_uploads/2026/05/צרכנית-ברכת-השדה.pdf,,,,,,
2126,השקעות,"ק.י ברקת השקעות מתקדמות בנדל""ן בע""מ",היתר עסקה בתוקף,ישראל,https://heteriske.com/wp-content/uploads/custom_uploads/2026/05/ק.י-ברקת-השקעות-מתקדמות-בנדלן-בעמ.pdf,516280799,"ק.י ברקת השקעות מתקדמות בנדל""ן בע""מ",company,exact,False,
1847,השקעות,"ק.י ספיר השקעות וסוכנויות בע""מ",היתר עסקה בתוקף,,https://heteriske.com/wp-content/uploads/custom_uploads/2026/05/ק.י-ספיר-השקעות-וסוכנויות-בעמ.pdf,515088995,"ק.י. ספיר השקעות וסוכנויות בע""מ",company,exact,True,1847
737,כספומט,קאש פויינט השקעות,היתר עסקה בתוקף,,https://drive.google.com/file/d/12_OfyJVRk27FL57_B8sYTaDWW-yfn0bz/view?usp=drive_link,514847581,"קאש פויינט השקעות בע""מ",company,fuzzy,True,737
1996,"נדל""ן","קבוצת אהרוני (מ.א.) יזום והשקעות בע""מ",היתר עסקה בתוקף,,https://heteriske.com/wp-content/uploads/custom_uploads/2026/05/קבוצת-אהרוני-מ.א.-יזום-והשקעות-בעמ.pdf,512828492,"קבוצת אהרוני (מ.א) יזום והשקעות בע""מ",company,exact,True,1996
1923,"נדל""ן","קבוצת אלדד פרי בע""מ",היתר עסקה בתוקף,,https://heteriske.com/wp-content/uploads/custom_uploads/2026/05/קבוצת-אלדד-פרי-בעמ.pdf,514911080,"קבוצת אלדד פרי בע""מ",company,exact,True,1923
1924,"נדל""ן","קבוצת אלדד פרי ניהול בע""מ",היתר עסקה בתוקף,,https://heteriske.com/wp-content/uploads/custom_uploads/2026/05/קבוצת-אלדד-פרי-ניהול-בעמ.pdf,514989227,"קבוצת אלדד פרי - ניהול בע""מ",company,exact,True,1924
428,בנייה,"קבוצת בית ירושלמי שלי בע""מ",היתר עסקה בתוקף,ישראל,https://drive.google.com/file/d/1afG2N4gneSWfgY_-gkMeGWnedTyzGd9H/view?usp=sharing,515887487,"קבוצת בית ירושלמי שלי בע""מ",company,exact,True,428
2809,"נדל""ן","קדמה מגורים בע""מ",היתר עסקה בתוקף,ישראל,https://heteriske.com/wp-content/uploads/custom_uploads/2026/08/קדמה-מגורים-בעמ-2.pdf,516917325,"קדמה מגורים בע""מ",company,exact,True,2809
1674,אשראי,"קוואלטי הנדסה פיננסית 2014 בע""מ",היתר עסקה בתוקף,,https://heteriske.com/wp-content/uploads/custom_uploads/2026/05/קוואלטי-הנדסה-פיננסית-2014-בעמ.pdf,,,,,,
64,מיזוג אוויר,קויט אליהו,היתר עסקה בתוקף,בני ברק - ישראל,https://drive.google.com/file/d/1X8lqUK2zru-ccT6d8syszNh5TASvsSaj/view?usp=sharing,,,,,,
664,"נדל""ן","קומפיט נדל""ן בע""מ",היתר עסקה בתוקף,ישראל,https://drive.google.com/file/d/13JAlSgGPwxm6p4ycqflfnHN2joMHj8gt/view?usp=sharing,515102762,"קומפיט נדל""ן בע""מ",company,exact,True,664
735,"נדל""ן","קונסול ייעוץ וניהול בע""מ",היתר עסקה בתוקף,,https://drive.google.com/file/d/18leu2nqh46KdtfvWbXhdIRkNriAYRB1D/view?usp=drive_link,515957397,"קונסול ייעוץ וניהול בע""מ",company,exact,True,735
734,"נדל""ן","קונסנפנסיון בע""מ",היתר עסקה בתוקף,,https://drive.google.com/file/d/11AnAUTzSeJknvy4aFXGKgYX6CSNgGlz2/view?usp=drive_link,515794105,"קונסנפנסיון בע""מ",company,exact,True,734
18,אופנת גברים,קופשיץ יהודית,היתר עסקה בתוקף,בני ברק - ישראל,https://drive.google.com/file/d/1O81nOd4ABx8c91hWNv7EoN7GNTR3tn3j/view?usp=sharing,,,,,,
3078,קופת חולים מאוחדת,קופת חולים מאוחדת,היתר עסקה בתוקף,ישראל,https://drive.google.com/file/d/1hodMAs1k88urSysfNmrszgft9lPn52iC/view?usp=sharing,,,,,,
537,ריהוט,קוקטייל,היתר עסקה בתוקף,ישראל,https://drive.google.com/file/d/15a-7lzZmS2gkDbpSzets0N2d8PopFKZn/view?usp=sharing,,,,,,
535,דיור מוגן,"קידום פרוייקטים שיקומיים ב.ה. בע""מ",היתר עסקה בתוקף,ישראל,https://drive.google.com/file/d/1yCSMkqd5LtOgthRF_gXzhtOkAahxxkL8/view?usp=sharing,513295170,"קידום פרוייקטים שיקומיים ב.ה. בע""מ",company,exact,True,535
733,"נדל""ן","קיי.אם .אר הירוקה בע""מ",היתר עסקה בתוקף,,https://drive.google.com/file/d/1e3oOTXb-NIVIwGlWtr4YXa7KO7xlASfE/view?usp=drive_link,515546133,"קיי. אם. אר. הירוקה בע""מ",company,exact,True,733
1853,צעצועים,"קינדר טויס גנים ח.ר. בע""מ",היתר עסקה בתוקף,,https://heteriske.com/wp-content/uploads/custom_uploads/2026/05/קינדר-טויס-גנים-ח.ר.-בעמ.pdf,516011780,"קינדר טויס גנים ח.ר. בע""מ",company,exact,True,1853
1852,צעצועים,"קינדר טויס צעצועי הכוכבים בע""מ",היתר עסקה בתוקף,,https://heteriske.com/wp-content/uploads/custom_uploads/2026/05/קינדר-טויס-צעצועי-הכוכבים-בעמ.pdf,515546679,"קינדר טויס צעצועי הכוכבים בע""מ",company,exact,False,
1817,תוכנות,קיפרמן מהנדסים ויועצים,היתר עסקה בתוקף,,https://heteriske.com/wp-content/uploads/custom_uploads/2026/05/קיפרמן-מהנדסים-ויועצים.pdf,,,,,,
22,סלולר ואביזרים,קלינג,היתר עסקה בתוקף,בני ברק - ישראל,https://drive.google.com/file/d/1uo_KKXsFZ7K2gldoZBdrBh13fXlsAZ0v/view?usp=sharing,,,,,,
1842,חינוך,קמפוס שטראוס אפיקי לומדה,היתר עסקה בתוקף,,https://heteriske.com/wp-content/uploads/custom_uploads/2026/05/קמפוס-שטראוס-אפיקי-לומדה.pdf,580573384,"קמפוס שטראוס אפיקי לומדה (ע""ר)",association,exact,True,1842
1683,מפעלים,"קנה פלסט בע""מ",היתר עסקה בתוקף,,https://heteriske.com/wp-content/uploads/custom_uploads/2026/05/קנה-פלסט-בעמ.pdf,511026924,"קנה פלסט בע""מ",company,exact,True,1683
732,"נדל""ן","קניון לב הים עתלית בע""מ",היתר עסקה בתוקף,,https://drive.google.com/file/d/1GqQzCPUPQpzOklD50fSZ7J_8YAiqsIiw/view?usp=drive_link,516305752,"קניון לב הים עתלית בע""מ",company,exact,True,732
1731,רכב,"קפיטל מוטורס בע""מ",היתר עסקה בתוקף,,https://heteriske.com/wp-content/uploads/custom_uploads/2026/05/קפיטל-מוטורס-בעמ.pdf,515002020,"קפיטל מוטורס בע""מ",company,exact,True,1731
128,לצפיה בהיתר עסקה,קציר אוטומציות,היתר עסקה בתוקף,"שמעון הצדיק 31, ירושלים - ישראל",https://drive.google.com/file/d/1nZ7EpahkIMbDn80bR9x2WGyFlfRhBd_v/view?usp=drive_link,,,,,,
731,"שמעון הצדיק 31, ירושלים - ישראל",קראוון ניצנים,היתר עסקה בתוקף,,https://drive.google.com/file/d/1WMYKu0IeH_HVFOm-R14k81_n7dDiKhFh/view?usp=sharing,,,,,,
641,פיננסים,"קרגו אשראי לצמיחה בע""מ",היתר עסקה בתוקף,ישראל,https://heteriske.com/wp-content/uploads/custom_uploads/2026/05/קרדיט-שופ-בעמ.pdf,,,,,,
2137,אשראי,"קרדיט שופ בע""מ",היתר עסקה בתוקף,ישראל,https://drive.google.com/file/d/12g4moESX2Ro3twKv4vfOdlAjkihZrcUw/view?usp=sharing,,,,,,
11,מגנטים והדפסות,קרויזר הדפסות קלף,היתר עסקה בתוקף,בני ברק - ישראל,https://drive.google.com/file/d/1jgVtaJ9ZzVkk45ajPTmURAYPe9rRsCzD/view?usp=sharing,,,,,,
642,קרמיקה ואמבט,"קרמיק דיפו בע""מ",היתר עסקה בתוקף,ישראל,https://drive.google.com/file/d/1BzKaclRZAVpLtW0vMBPrzY7X3AsahPP5/view?usp=sharing,513825943,"קרמיק דיפו בע""מ",company,exact,False,
627,חינוך,"קרן להחזקת תורה רמת בית שמש א' (ע""ר)",היתר עסקה בתוקף,ישראל,https://heteriske.com/wp-content/uploads/custom_uploads/2026/05/קרן-סיגמא-סיטי-2-נדלן-שותפות-מוגבלת.pdf,580520385,"קרן להחזקת תורה רמת בית שמש א' (ע""ר)",association,exact,True,627
2015,השקעות,"קרן סיגמא סיטי 2 נדל""ן שותפות מוגבלת",היתר עסקה בתוקף,,https://heteriske.com/wp-content/uploads/custom_uploads/2026/05/קרתא-אחזקות-בעמ.pdf,,,,,,
1867,"נדל""ן","קרתא אחזקות בע""מ",היתר עסקה בתוקף,,https://heteriske.com/wp-content/uploads/custom_uploads/2026/05/קרתא-בגילה-בעמ.pdf,516103710,"קרתא אחזקות בע""מ",company,exact,True,1867
1876,"נדל""ן","קרתא בגילה בע""מ",היתר עסקה בתוקף,,https://heteriske.com/wp-content/uploads/custom_uploads/2026/05/קרתא-בסנהדריה-בעמ.pdf,516455029,"קרתא בגילה בע""מ",company,exact,True,1876
1879,"נדל""ן","קרתא בסנהדריה בע""מ",היתר עסקה בתוקף,,https://heteriske.com/wp-content/uploads/custom_uploads/2026/05/קרתא-גבעת-שאול-בעמ.pdf,516473170,"קרתא בסנהדריה בע""מ",company,exact,True,1879
1877,"נדל""ן","קרתא גבעת שאול בע""מ",היתר עסקה בתוקף,,https://heteriske.com/wp-content/uploads/custom_uploads/2026/05/קרתא-השקעה-104-בעמ.pdf,516473147,"קרתא גבעת שאול בע""מ",company,exact,True,1877
1891,השקעות,"קרתא השקעה - 104 בע""מ",היתר עסקה בתוקף,,https://heteriske.com/wp-content/uploads/custom_uploads/2026/05/קרתא-השקעה-105-בעמ.pdf,516455102,"קרתא השקעה - 104 בע""מ",company,exact,False,
1892,השקעות,"קרתא השקעה - 105 בע""מ",היתר עסקה בתוקף,,https://heteriske.com/wp-content/uploads/custom_uploads/2026/05/קרתא-השקעה-106-בעמ.pdf,516455060,"קרתא השקעה - 105 בע""מ",company,exact,True,1892
1893,השקעות,"קרתא השקעה - 106 בע""מ",היתר עסקה בתוקף,,https://heteriske.com/wp-content/uploads/custom_uploads/2026/05/קרתא-השקעה-107-בעמ.pdf,516455037,"קרתא השקעה - 106 בע""מ",company,exact,True,1893
1894,השקעות,"קרתא השקעה - 107 בע""מ",היתר עסקה בתוקף,,https://heteriske.com/wp-content/uploads/custom_uploads/2026/05/קרתא-השקעה-101-בעמ.pdf,516486065,"קרתא השקעה 107 בע""מ",company,exact,True,1894
1888,השקעות,"קרתא השקעה 101 בע""מ",היתר עסקה בתוקף,,https://heteriske.com/wp-content/uploads/custom_uploads/2026/05/קרתא-השקעה-102-בעמ.pdf,516451077,"קרתא השקעה 101 בע""מ",company,exact,True,1888
1889,השקעות,"קרתא השקעה 102 בע""מ",היתר עסקה בתוקף,,https://heteriske.com/wp-content/uploads/custom_uploads/2026/05/קרתא-השקעה-103-בעמ.pdf,516451135,"קרתא השקעה 102 בע""מ",company,exact,True,1889
1890,השקעות,"קרתא השקעה 103 בע""מ",היתר עסקה בתוקף,,https://heteriske.com/wp-content/uploads/custom_uploads/2026/05/קרתא-השקעה-108-בעמ.pdf,516451085,"קרתא השקעה 103 בע""מ",company,exact,True,1890
1895,השקעות,"קרתא השקעה 108 בע""מ",היתר עסקה בתוקף,,https://heteriske.com/wp-content/uploads/custom_uploads/2026/05/קרתא-השקעה-109-בעמ.pdf,516486057,"קרתא השקעה 108 בע""מ",company,exact,True,1895
1896,השקעות,"קרתא השקעה 109 בע""מ",היתר עסקה בתוקף,,,516486040,"קרתא השקעה 109 בע""מ",company,exact,True,1896
1897,השקעות,"קרתא השקעה 110 בע""מ",היתר עסקה בתוקף,,https://heteriske.com/wp-content/uploads/custom_uploads/2026/05/קרתא-השקעה-110-בעמ.pdf,516486032,"קרתא השקעה 110 בע""מ",company,exact,True,1897
1898,השקעות,"קרתא השקעה 111 בע""מ",היתר עסקה בתוקף,,https://heteriske.com/wp-content/uploads/custom_uploads/2026/05/קרתא-השקעה-111-בעמ.pdf,515718815,"קרתא השקעה 111 בע""מ",company,exact,True,1898
1958,השקעות,"קרתא השקעות בע""מ",היתר עסקה בתוקף,,https://heteriske.com/wp-content/uploads/custom_uploads/2026/05/קרתא-השקעות-בעמ.pdf,515516177,"קרתא השקעות בע""מ",company,exact,True,1958
1874,"נדל""ן","קרתא השקעות החדשה בע""מ",היתר עסקה בתוקף,,https://heteriske.com/wp-content/uploads/custom_uploads/2026/05/קרתא-השקעות-החדשה-בעמ.pdf,516419868,"קרתא השקעות החדשה בע""מ",company,exact,True,1874
1875,"נדל""ן","קרתא כרמים התחדשות עירונית בע""מ",היתר עסקה בתוקף,,https://heteriske.com/wp-content/uploads/custom_uploads/2026/05/קרתא-כרמים-התחדשות-עירונית-בעמ.pdf,516727682,"קרתא כרמים התחדשות עירונית בצלאל 28 בע""מ",company,fuzzy,False,
1866,"נדל""ן","קרתא מגורים נכסים 2020 בע""מ",היתר עסקה בתוקף,,https://heteriske.com/wp-content/uploads/custom_uploads/2026/05/קרתא-מגורים-נכסים-2020-בעמ.pdf,516263498,"קרתא מגורים נכסים 2020 בע""מ",company,exact,True,1866
1899,"נדל""ן","קרתא מוסיוף 6 בע""מ",היתר עסקה בתוקף,,https://heteriske.com/wp-content/uploads/custom_uploads/2026/05/קרתא-מוסיוף-6-בעמ.pdf,516432929,"קרתא מוסיוף 6 בע""מ",company,exact,True,1899
1865,"נדל""ן","קרתא משכנתות הבוכרים בע""מ",היתר עסקה בתוקף,,https://heteriske.com/wp-content/uploads/custom_uploads/2026/05/קרתא-משכנתות-הבוכרים-בעמ.pdf,,,,,,
1871,"נדל""ן","קרתא תפעול בע""מ",היתר עסקה בתוקף,,https://heteriske.com/wp-content/uploads/custom_uploads/2026/05/קרתא-תפעול-בעמ.pdf,516451150,"קרתא תפעול בע""מ",company,exact,True,1871
1117,אשראי,"קשר המרכז הישראלי להוראות קבע בע""מ",היתר עסקה בתוקף,,https://drive.google.com/file/d/1Ht-ihwibquO4deFfU3Z49MDWLVqTVfYS/view?usp=sharing,513996132,"קשר המרכז הישראלי להוראות קבע בע""מ",company,exact,True,1117
1118,אשראי,"קשר פיננסים פאי- מ.ה. בע""מ",היתר עסקה בתוקף,,https://drive.google.com/file/d/1FkWtewbjN7AG91X22Ao0XDV6duxpR-X7/view?usp=sharing,515179398,"קשר פיננסים פאי- מ.ה. בע""מ",company,exact,True,1118
1858,יעוץ,ר. offich,היתר עסקה בתוקף,,https://heteriske.com/wp-content/uploads/custom_uploads/2026/05/ר.-offich.pdf,,,,,,
690,כללי,"ר.פ.ב נכסים בע""מ",היתר עסקה בתוקף,,https://drive.google.com/file/d/1RJn1TkjxqJWumpWV5KNqadoc42BHDm_P/view?usp=drive_link,515946143,"ר.פ.ב נכסים בע""מ",company,exact,True,690
483,בנייה,"רבקה 22 בע""מ",היתר עסקה בתוקף,ישראל,https://drive.google.com/file/d/1gL5rzkfvrgtLcuGyS6GlDzftHPMZ5Vvy/view?usp=sharing,514736453,"רבקה 22 בע""מ",company,exact,True,483
1805,ריהוט,רהיטי יונה,היתר עסקה בתוקף,,https://heteriske.com/wp-content/uploads/custom_uploads/2026/05/רהיטי-יונה.pdf,,,,,,
1910,ריהוט,רהיטי מרקוס RM,היתר עסקה בתוקף,,https://heteriske.com/wp-content/uploads/custom_uploads/2026/05/רהיטי-מרקוס-RM.pdf,,,,,,
637,"נדל""ן","רובע 1 בע""מ",היתר עסקה בתוקף,ישראל,https://drive.google.com/file/d/1Xn4ehAlO57lre4sdL8p-372o3W3cSm_L/view?usp=sharing,513423863,"רובע 1 בע""מ",company,exact,True,637
689,כללי,"רוח אביב ז'בוטינסקי קרית ים בע""מ",היתר עסקה בתוקף,,https://drive.google.com/file/d/1_zTyquI0RfUFK2H0H3GL1-PrJmNFtYbP/view?usp=drive_link,516038379,"רוח אביב ז'בוטינסקי קרית ים בע""מ",company,exact,True,689
2807,"נדל""ן","רוממה אחים סנטר בע""מ",היתר עסקה בתוקף,ישראל,https://heteriske.com/wp-content/uploads/custom_uploads/2026/08/רוממה-אחים-סנטר-בעמ.pdf,515966133,"רוממה אחים סנטר בע""מ",company,exact,True,2807
456,בנייה,"רזידנס מקבוצת בית ירושלמי בע""מ",היתר עסקה בתוקף,ישראל,https://drive.google.com/file/d/1GzPocTtjgIBqlENEahbODzb-JKmvgXVt/view?usp=sharing,516594520,"רזידנס מקבוצת בית ירושלמי בע""מ",company,exact,True,456
688,כללי,"רינת מבואות ירושלים בע""מ",היתר עסקה בתוקף,,https://drive.google.com/file/d/18ArU1PPr7Et7oTYCeJPeH86VSGpa1nfh/view?usp=drive_link,515694222,"רינת מבואות ירושלים בע""מ",company,exact,True,688
460,בנייה,"ריש לקיש 5 בע""מ",היתר עסקה בתוקף,ישראל,https://drive.google.com/file/d/1gVQdxbuZ_9nujhekHfO3w6TjAXbDoMCF/view?usp=sharing,514776442,"ריש לקיש 5 בע""מ",company,exact,True,460
26,שיער ופאות,רכטשפר חנה חנצא,היתר עסקה בתוקף,בני ברק - ישראל,https://drive.google.com/file/d/1k1H3vzj9FimW_B_p1iD9wPUQin3lmCFB/view?usp=sharing,,,,,,
686,כללי,"רם אדרת-סלעית בע""מ",היתר עסקה בתוקף,,https://drive.google.com/file/d/19iWm23HZVveYpvlALElAJcFqjOhgwWon/view?usp=drive_link,516106028,"רם אדרת-סלעית בע""מ",company,exact,True,686
534,"נדל""ן","רמת אילן הירוקה בע""מ",היתר עסקה בתוקף,ישראל,https://drive.google.com/file/d/1IMqDhLB8V4hmuOZwW-uxH8pATzBZwml6/view?usp=sharing,516281813,"רמת אילן הירוקה בע""מ",company,exact,True,534
1918,השקעות,"רפאל אינטרנשיונל בע""מ",היתר עסקה בתוקף,,https://heteriske.com/wp-content/uploads/custom_uploads/2026/05/רפאל-אינטרנשיונל-בעמ.pdf,510760804,"רפאלי אינטרנשיונל בע""מ",company,fuzzy,False,
1851,גרפיקה,רפאל דיזיין,היתר עסקה בתוקף,,https://heteriske.com/wp-content/uploads/custom_uploads/2026/05/רפאל-דיזיין.pdf,,,,,,
191,שיער ופאות,רפאל פתרונות איכותיים,היתר עסקה בתוקף,כרמיאל - ישראל,https://drive.google.com/file/d/1YUV_TBORuSdr46543F2KFp1gRpjqD1SN/view?usp=drive_link,,,,,,
1760,מיזוג,רפאלי - הקוטב הצפוני,היתר עסקה בתוקף,,https://heteriske.com/wp-content/uploads/custom_uploads/2026/05/רפאלי-הקוטב-הצפוני.pdf,515852259,"רפאלי הקוטב הצפוני בע""מ",company,fuzzy,False,
444,בנייה,"רקפות מקבוצת בית ירושלמי בע""מ",היתר עסקה בתוקף,ישראל,https://drive.google.com/file/d/1wfMdmHuhnGd6rvWnkE9EI7jsrAyTLQ9s/view?usp=sharing,516982840,"רקפות מקבוצת בית ירושלמי בע""מ",company,exact,True,444
1130,אשראי,"ש.י. אביעד בע""מ",היתר עסקה בתוקף,,https://drive.google.com/file/d/1cawOnI3veBFFpc8CLCw9kRYKNLrJeok7/view?usp=sharing,515363133,"ש.י. אביעד בע""מ",company,exact,True,1130
1939,"גמחי""ם",ש.פיגנבוים,היתר עסקה בתוקף,,https://heteriske.com/wp-content/uploads/custom_uploads/2026/05/ש.פיגנבוים-.pdf,,,,,,
1850,שונות,ש.שטראוס,היתר עסקה בתוקף,,https://heteriske.com/wp-content/uploads/custom_uploads/2026/05/ש.שטראוס.pdf,,,,,,
491,"יזמות נדל""ן","שאול סגל יזמות ונדל""ן בע""מ",היתר עסקה בתוקף,ישראל,https://drive.google.com/file/d/1BBeZz7TrxBbvq8WGY2405WLlpUNwihSg/view?usp=sharing,516215589,"שאול סגל יזמות ונדל""ן בע""מ",company,exact,True,491
889,מכירה ביתית,שבתאי מרגלית,היתר עסקה בתוקף,בני ברק - ישראל,https://drive.google.com/file/d/1sXtgALTMXcnSku6kGHbkATomCT5cZ-SZ/view?usp=sharing,,,,,,
1933,"נדל""ן","שדרות יפו 1 בע""מ",היתר עסקה בתוקף,,https://heteriske.com/wp-content/uploads/custom_uploads/2026/05/שדרות-יפו-1-בעמ.pdf,515755064,"שדרות פינת יפו 1 בע""מ",company,fuzzy,True,1933
1806,ריהוט,שהם רהיטים,היתר עסקה בתוקף,,https://heteriske.com/wp-content/uploads/custom_uploads/2026/05/שהם-רהיטים.pdf,,,,,,
685,כללי,"שורש אגור בע""מ",היתר עסקה בתוקף,,https://drive.google.com/file/d/1l1g0jDkhArfyv9aFAyPlxNMD8HXc7OcO/view?usp=drive_link,516354305,"שורש אגור בע""מ",company,exact,True,685
684,כללי,"שורש מגורים בע""מ",היתר עסקה בתוקף,,https://drive.google.com/file/d/1FafvUqz8A7JQW-RQB4v78iPSReIQVcl_/view?usp=drive_link,516440468,"שורש מגורים בע""מ",company,exact,True,684
683,כללי,"שחר השקעות-י.שדות בע""מ",היתר עסקה בתוקף,,https://drive.google.com/file/d/1ENwX0lr9KDPlQuz5Z0Z9TkwvdygeQs7Q/view?usp=drive_link,515839975,"שחר השקעות - י. שדות בע""מ",company,exact,True,683
730,"נדל""ן","שחר לאנשים שרוצים להתקדם בע""מ",היתר עסקה בתוקף,,https://drive.google.com/file/d/1MijsvHPdxtXV1spgAjyfs3j456gnWLEm/view?usp=drive_link,515953750,"שחר לאנשים שרוצים להתקדם בע""מ",company,exact,True,730
1812,חינוך,"שטיבלך קהל חסידים בע""מ(חל""צ)",היתר עסקה בתוקף,,https://heteriske.com/wp-content/uploads/custom_uploads/2026/05/שטיבלך-קהל-חסידים-בעמחלצ.pdf,513322396,"שטיבלך קהל חסידים בע""מ (חל""צ)",company,fuzzy,True,1812
1936,"נדל""ן",שי - לי,היתר עסקה בתוקף,,https://heteriske.com/wp-content/uploads/custom_uploads/2026/05/שי-לי.pdf,,,,,,
67,מגנטים והדפסות,שי דיגיטל,היתר עסקה בתוקף,מודיעין עילית - ישראל,https://drive.google.com/file/d/1Gi48cCBzG5m5D2Nq8h_bnp6w4WACqpIx/view?usp=sharing,,,,,,
1779,מיזוג,"שיא החשמל והמיזוג ב""ה בע""מ",היתר עסקה בתוקף,,https://heteriske.com/wp-content/uploads/custom_uploads/2026/05/שיא-החשמל-והמיזוג-בה-בעמ.pdf,514535970,"שיא החשמל והמיזוג ב""ה בע""מ",company,exact,False,
2010,אשראי,"שיא מימונים בע""מ",היתר עסקה בתוקף,,https://heteriske.com/wp-content/uploads/custom_uploads/2026/05/שיא-מימונים-בעמ.pdf,516107448,"שיא מימונים בע""מ",company,exact,True,2010
517,"נדל""ן",שיווק א.ד.ר. הגפן,היתר עסקה בתוקף,ישראל,https://drive.google.com/file/d/1Ga64nUEscu9nbjWcNQ02WYx4vvpdiNm6/view?usp=sharing,,,,,,
1675,יעוץ,"שייע גטר שירותי ניהול ויעוץ (2012) בע""מ",היתר עסקה בתוקף,,https://heteriske.com/wp-content/uploads/custom_uploads/2026/05/שייע-גטר-שירותי-ניהול-ויעוץ-2012-בעמ.pdf,,,,,,
1724,תעשיה,"שילת אופטרוניקה בע""מ",היתר עסקה בתוקף,,https://heteriske.com/wp-content/uploads/custom_uploads/2026/05/שילת-אופטרוניקה-בעמ.pdf,514123082,"שילת אופטרוניקה בע""מ",company,exact,True,1724
3,שיווק משקאות,שימי משקאות,היתר עסקה בתוקף,אשדוד - ישראל,https://drive.google.com/file/d/1YC00NdcKKMff09h2DzLwRVb8gz_9cI7Y/view?usp=sharing,,,,,,
726,"נדל""ן","שיפוצים וניהול נדל""ן",היתר עסקה בתוקף,ישראל,https://drive.google.com/file/d/1oX20esw3bBJkZeIqHuqDtKsmeGYHk7u-/view?usp=sharing,,,,,,
2550,כללי,"שלוות צפת בע""מ",היתר עסקה בתוקף,ישראל,https://heteriske.com/wp-content/uploads/custom_uploads/2026/08/שלוות-צפת-בעמ.pdf,516924016,"שלוות צפת בע""מ",company,exact,True,2550
1784,רכב,"שלית טסט מוטורס בע""מ",היתר עסקה בתוקף,,https://heteriske.com/wp-content/uploads/custom_uploads/2026/05/שלית-טסט-מוטורס-בעמ.pdf,,,,,,
2012,בעלי מלאכה,שלמוביץ שרה טובית,היתר עסקה בתוקף,,https://heteriske.com/wp-content/uploads/custom_uploads/2026/05/שלמוביץ-שרה-טובית-.pdf,,,,,,
1946,יעוץ,שמחה בונים ורשביאק - מימון חכם,היתר עסקה בתוקף,,https://heteriske.com/wp-content/uploads/custom_uploads/2026/05/שמחה-בונים-ורשביאק-מימון-חכם.pdf,,,,,,
1774,מרפאת שיניים,"שן סמייל בע""מ",היתר עסקה בתוקף,,https://heteriske.com/wp-content/uploads/custom_uploads/2026/05/שן-סמייל-בעמ.pdf,515920650,"שן סמייל בע""מ",company,exact,True,1774
2131,"נדל""ן","שערי עוזיהו בע""מ",היתר עסקה בתוקף,ישראל,https://heteriske.com/wp-content/uploads/custom_uploads/2026/05/שערי-עוזיהו-בעמ.pdf,515617314,"שערי עוזיהו בע""מ",company,exact,True,2131
453,בנייה,"שערים מקבוצת בית ירושלמי בע""מ",היתר עסקה בתוקף,ישראל,https://drive.google.com/file/d/1uaqxygcJOzPVaYxIvViYC0IIse6poi5S/view?usp=sharing,516438801,"שערים מקבוצת בית ירושלמי בע""מ",company,exact,True,453
1676,תאורה,שפירא תאורה,היתר עסקה בתוקף,,https://heteriske.com/wp-content/uploads/custom_uploads/2026/05/שפירא-תאורה.pdf,516826989,"שפירא תאורה בע""מ",company,fuzzy,False,
615,"יזמות ונדל""ן","שפע ייזום ותיווך נדל""ן בע""מ",היתר עסקה בתוקף,ישראל,https://drive.google.com/file/d/1MPWib6htd8XNcjFV8IXWuIuCFDXgIlqU/view?usp=sharing,514581180,"שפע ייזום ותיווך נדל""ן בע""מ",company,exact,True,615
2002,תאגיד המים,"תאגיד המים מי לוד בע""מ",היתר עסקה בתוקף,,https://heteriske.com/wp-content/uploads/custom_uploads/2026/05/תאגיד-המים-מי-לוד-בעמ.pdf,,,,,,
1954,מפעלי אוכל וצרכניות,תבליני כהן -סלטי נחום,היתר עסקה בתוקף,,https://heteriske.com/wp-content/uploads/custom_uploads/2026/05/תבליני-כהן-סלטי-נחום.pdf,,,,,,
1973,תקשורת,תדיראן טלקום - שרותי תקשורת בישראל- שותפות מוגבלת,היתר עסקה בתוקף,,https://heteriske.com/wp-content/uploads/custom_uploads/2026/05/תדיראן-טלקום-שרותי-תקשורת-בישראל-שותפות-מוגבלת-.pdf,,,,,,
1974,תקשורת,"תדיראן טלקום(תטל) , שותפות מוגבלת",היתר עסקה בתוקף,,https://heteriske.com/wp-content/uploads/custom_uploads/2026/05/תדיראן-טלקוםתטל-ת-שותפות-מוגבלת.pdf,,,,,,
1776,"נדל""ן","תהילינס 10 בע""מ",היתר עסקה בתוקף,,https://heteriske.com/wp-content/uploads/custom_uploads/2026/05/תהילינס-10-בעמ.pdf,514471937,"תהילינס 10 בע""מ",company,exact,True,1776
70,אופטיקה,תו של רגש,היתר עסקה בתוקף,לוד - ישראל,https://drive.google.com/file/d/1ibkBVkmteyhFqt_aDJi-11jJ2yWZf6wK/view?usp=sharing,,,,,,
66,חינוך,תומכת לידה חנה אזרחי,היתר עסקה בתוקף,מודיעין עילית - ישראל,https://drive.google.com/file/d/1XfesS4avppID9Wle6Q-nHSka3tRqUi9K/view?usp=sharing,,,,,,
924,נדל״ן,תיווך,היתר עסקה בתוקף,"אור החיים 6 6, בית שמש - ישראל",https://heteriske.com/wp-content/uploads/custom_uploads/2026/05/תכלית-מזון-מוכן-בעמ.pdf,,,,,,
1790,מפעלי אוכל וצרכניות,"תכלית מזון מוכן בע""מ",היתר עסקה בתוקף,,https://drive.google.com/file/d/1qXijI44NMYij5rlnXTcE1PrQ1HPVgW4G/view?usp=sharing,513828251,"תכלית מזון מוכן בע""מ",company,exact,True,1790
719,כלי כסף,תכשיטים סילבר סטורי,היתר עסקה בתוקף,ישראל,https://heteriske.com/wp-content/uploads/custom_uploads/2026/08/תל-אביב-נדלן-סנטר.pdf,,,,,,
2541,"נדל""ן","תל אביב נדל""ן סנטר",היתר עסקה בתוקף,ישראל,https://drive.google.com/file/d/14XX335Pexgz6G6D2LC5pp05tj9v5jwBB/view?usp=sharing,,,,,,
2,גרפיקה ופרסום,תמר הלר - מילה עיצוב גרפי,היתר עסקה בתוקף,בני ברק - ישראל,https://heteriske.com/wp-content/uploads/custom_uploads/2026/05/תנופה.pdf,,,,,,
2008,גרפיקה,תנופה,היתר עסקה בתוקף,,https://drive.google.com/file/d/1bI7c9j17R5ZoG-3o2TrIIxvRk61tB6Z6/view?usp=sharing,,,,,,
1121,תשמישי קדושה,תפארת,היתר עסקה בתוקף,,https://drive.google.com/file/d/1SD3-TbJnFPP6bmM164V_mJB-F88Rn8DD/view?usp=sharing,,,,,,
1128,עמותה,"תפארת רכסים (ע""ר)",היתר עסקה בתוקף,,https://heteriske.com/wp-content/uploads/custom_uploads/2026/07/Kollel-Torah-Tmimah.pdf,580405496,"תפארת רכסים (ע""ר)",association,exact,True,1128
2498,חינוך,Kollel Torah Temimah,היתר עסקה בתוקף,ארצות הברית,https://heteriske.com/wp-content/uploads/custom_uploads/2026/08/MSP.pdf,,,,,,
1509,מכירת קורסים דיגיטלים,MSP,היתר עסקה בתוקף,,https://heteriske.com/wp-content/uploads/custom_uploads/2026/08/SPACAS.pdf,,,,,,
2359,ניקיון,spaces,היתר עסקה בתוקף,"מרים הנביאה 7/4, בית שמש - ישראל",https://heteriske.com/wp-content/uploads/custom_uploads/2026/08/א.א-חומרי-בניין.pdf,,,,,,
1049,קרמיקה,א.א חומרי בניין,היתר עסקה בתוקף,,https://heteriske.com/wp-content/uploads/custom_uploads/2026/08/אבי-שמאים-ויועצים-770-בע_מ.pdf,,,,,,
838,ייעוץ עסקי,אבי שמאים ויועצים 770 בעמ,היתר עסקה בתוקף,ארבע העונות 14 לוד - ישראל,https://heteriske.com/wp-content/uploads/custom_uploads/2026/08/אביב-חדש-בלוד-2012-בע_מ.pdf,515891620,"אבי שמאים ויועצים 770 בע""מ",company,exact,True,838
831,שירותים מקצועיים כלליים,"אביב חדש בלוד 2012 בע""מ",היתר עסקה בתוקף,ארבע העונות 14 לוד - ישראל,https://heteriske.com/wp-content/uploads/custom_uploads/2026/08/אדיר-55-בע_מ.pdf,514784578,"אביב חדש בלוד 2012 בע""מ",company,exact,True,831
2249,בניית לולים,"אדיר 55 בע""מ",היתר עסקה בתוקף,ישראל,https://heteriske.com/wp-content/uploads/custom_uploads/2026/08/אהרון-רינגל.pdf,512776337,"אדיר 55 בע""מ",company,exact,True,2249
828,מוניות שירות,אהרן רינגל,היתר עסקה בתוקף,ירושלים - ישראל,https://heteriske.com/wp-content/uploads/custom_uploads/2026/06/או-סקרלט.pdf,,,,,,
1654,ביגוד והנעלה,או סקרלט,היתר עסקה בתוקף,,https://heteriske.com/wp-content/uploads/custom_uploads/2026/08/אוורסט-בן-גוריון-28-בע_מ.pdf,,,,,,
1127,"נדל""ן","אוורסט בן גוריון 28 בע""מ",היתר עסקה בתוקף,,https://heteriske.com/wp-content/uploads/custom_uploads/2026/08/אורה-סמארט-אייר-בע_מ.pdf,515492833,"אוורסט בן גוריון 28 בע""מ",company,exact,True,1127
798,סטראפ לטיהור אויר,"אורה סמארט אייר בע""מ",היתר עסקה בתוקף,,https://heteriske.com/wp-content/uploads/custom_uploads/2026/08/אוריקאר-תחבורה-בע_מ.pdf,515816114,"אורה סמארט אייר בע""מ",company,exact,True,798
2254,"השכרת רכב, מכירה וליסינג","אוריקאר תחבורה בע""מ",היתר עסקה בתוקף,ישראל,https://heteriske.com/wp-content/uploads/custom_uploads/2026/08/אייר-סיון-2004-בע_מ.pdf,512407222,"אוריקאר תחבורה בע""מ",company,exact,True,2254
832,שירותים מקצועיים כלליים,"אייר סיון 2004 בע""מ",היתר עסקה בתוקף,ארבע העונות 14 לוד - ישראל,https://heteriske.com/wp-content/uploads/custom_uploads/2026/08/אדיר-55-בע_מ.pdf,,,,,,
2250,בניה ואיטום,"אל.אר.ג'י איטום בניה ואחסנה בע""מ",היתר עסקה בתוקף,ישראל,https://heteriske.com/wp-content/uploads/custom_uploads/2026/08/אסיה-סיירוס-פיתוח-וייזום-בע_מ.pdf,514943828,"אל.אר.ג'י איטום בניה ואחסנה בע""מ",company,exact,True,2250
769,"נדל""ן","אסיה סיירוס פיתוח וייזום בע""מ",היתר עסקה בתוקף,,https://drive.google.com/file/d/1dzJXvbfoKZFpM1we7oBUXi5qeg5Iy22W/view?usp=sharing,513706424,"אסיה סיירוס פיתוח וייזום בע""מ",company,exact,True,769
2258,סטארטאפ רפואי,"אפסנט מדיקל בע""מ",היתר עסקה בתוקף,ישראל,https://heteriske.com/wp-content/uploads/custom_uploads/2026/08/אקשן-טויס-בע_מ.pdf,515882041,"אפסנט מדיקל בע""מ",company,exact,True,2258
770,חנות,"אקשן טויס בע""מ",היתר עסקה בתוקף,,https://heteriske.com/wp-content/uploads/custom_uploads/2026/08/אריה-לדרמן-החזקות-בע_מ.pdf,516247608,"אקשן טויס בע""מ",company,exact,True,770
662,"נדל""ן","אריה לדרמן החזקות בע""מ",היתר עסקה בתוקף,ישראל,https://heteriske.com/wp-content/uploads/custom_uploads/2026/08/באלי-גלובל-הולדינגס-בע_מ.pdf,516033693,"אריה לדרמן החזקות בע""מ",company,exact,True,662
521,"נדל""ן","באלי גלובל הולדינגס בע""מ",היתר עסקה בתוקף,ישראל,https://heteriske.com/wp-content/uploads/custom_uploads/2026/08/בהצלחה-תמיד-בע_מ.pdf,514212570,"באלי גלובל הולדינגס בע""מ",company,exact,True,521
2263,זכויות רפואיות,"בהצלחה תמיד בע""מ",היתר עסקה בתוקף,ישראל,https://heteriske.com/wp-content/uploads/custom_uploads/2026/08/ביזי-טופ-בע_מ.pdf,516763133,"בהצלחה תמיד בע""מ",company,exact,True,2263
771,צעצועים,"ביזי טופ בע""מ",היתר עסקה בתוקף,,,515901262,"ביזי טופ בע""מ",company,exact,True,771
792,"נדל""ן",בית אדיר יזמות ובניה,היתר עסקה בתוקף,,https://heteriske.com/wp-content/uploads/custom_uploads/2026/08/היתר-עסקה-בית-אדיר.pdf,515668218,"בית אדיר יזמות ובניה בע""מ",company,fuzzy,True,792
772,"נדל""ן","בית הצדיק בע""מ",היתר עסקה בתוקף,,https://heteriske.com/wp-content/uploads/custom_uploads/2026/08/בית-הצדיק-בע_מ.pdf,515756807,"בית הצדיק בע""מ",company,exact,True,772
773,חינוך,"בית מדרש חניכי הישיבות נתיבות(ע""ר)",היתר עסקה בתוקף,,https://heteriske.com/wp-content/uploads/custom_uploads/2026/08/בית-מדרש-חניכי-הישיבות-נתיבות-ע_ר-.pdf,580648939,"בית מדרש חניכי הישיבות נתיבות (ע""ר)",association,exact,True,773
490,חברת השקעות,"בלה מ.ב. השקעות בע""מ",היתר עסקה בתוקף,ישראל,https://heteriske.com/wp-content/uploads/custom_uploads/2026/08/בלה-מ.ב.-השקעות-בע_מ.pdf,516571783,"בלה מ.ב. השקעות בע""מ",company,exact,True,490
774,"נדל""ן","בן אנד ברו 770 בע""מ",היתר עסקה בתוקף,,https://heteriske.com/wp-content/uploads/custom_uploads/2026/08/בן-אנד-ברו-770-בע_מ.pdf,516633542,"בן אנד ברו 770 בע""מ",company,exact,True,774
775,"נדל""ן",בנה בתך,היתר עסקה בתוקף,,https://heteriske.com/wp-content/uploads/custom_uploads/2026/08/בנה-בתך.pdf,540123114,בנה ביתך,partnership,fuzzy,False,
776,"נדל""ן","בעל התניא אביטל בע""מ",היתר עסקה בתוקף,,https://heteriske.com/wp-content/uploads/custom_uploads/2026/08/בעל-התניא-אביטל-בע_מ.pdf,516468642,"בעל התניא אביטל בע""מ",company,exact,True,776
777,"נדל""ן","בעל התניא אחזקות בע""מ",היתר עסקה בתוקף,,https://heteriske.com/wp-content/uploads/custom_uploads/2026/08/בעל-התניא-אחזקות-בע_מ.pdf,516717758,"בעל התניא אחזקות בע""מ",company,exact,True,777
472,בנייה,"בעל התניא אילת בע""מ",היתר עסקה בתוקף,ישראל,https://heteriske.com/wp-content/uploads/custom_uploads/2026/08/בעל-התניא-אילת-בע_מ.pdf,516016508,"בעל התניא אילת בע""מ",company,exact,True,472
471,בנייה,"בעל התניא אפרת בע""מ",היתר עסקה בתוקף,ישראל,https://heteriske.com/wp-content/uploads/custom_uploads/2026/08/בעל-התניא-אפרת-בע_מ.pdf,516187853,"בעל התניא אפרת בע""מ",company,exact,True,471
778,"נדל""ן","בעל התניא בן שמן בע""מ",היתר עסקה בתוקף,,https://heteriske.com/wp-content/uploads/custom_uploads/2026/08/בעל-התניא-בן-שמן-בע_מ.pdf,516372919,"בעל התניא בן שמן בע""מ",company,exact,True,778
779,"נדל""ן","בעל התניא השרון בע""מ",היתר עסקה בתוקף,,https://heteriske.com/wp-content/uploads/custom_uploads/2026/08/בעל-התניא-השרון-בע_מ.pdf,516510310,"בעל התניא השרון בע""מ",company,exact,True,779
470,בנייה,"בעל התניא התמרים בע""מ",היתר עסקה בתוקף,ישראל,https://heteriske.com/wp-content/uploads/custom_uploads/2026/08/בעל-התניא-התמרים-בע_מ.pdf,516387446,"בעל התניא התמרים בע""מ",company,exact,True,470
780,"נדל""ן","בעל התניא ישראל בע""מ",היתר עסקה בתוקף,,https://heteriske.com/wp-content/uploads/custom_uploads/2026/08/בעל-התניא-ישראל-בע_מ.pdf,,,,,,
781,"נדל""ן","בעל התניא מכרזים בע""מ",היתר עסקה בתוקף,,https://heteriske.com/wp-content/uploads/custom_uploads/2026/08/בעל-התניא-מכרזים-בע_מ.pdf,516509866,"בעל התניא מכרזים בע""מ",company,exact,True,781
782,"נדל""ן","בעל התניא עפולה בע""מ",היתר עסקה בתוקף,,https://heteriske.com/wp-content/uploads/custom_uploads/2026/08/בעל-התניא-עפולה-בע_מ.pdf,516378874,"בעל התניא עפולה בע""מ",company,exact,True,782
474,בנייה,"בראשית הירוקה בע""מ",היתר עסקה בתוקף,ישראל,https://heteriske.com/wp-content/uploads/custom_uploads/2026/08/בראשית-הירוקה-בע_מ.pdf,516040417,"בראשית הירוקה בע""מ",company,exact,True,474
918,"נדל""ן","ברגר טאוורס ירושלים בע""מ",היתר עסקה בתוקף,ישראל,https://heteriske.com/wp-content/uploads/custom_uploads/2026/08/ברגר-טאוורס-ירושלים-בע_מ.pdf,515200137,"ברגר טאוורס ירושלים בע""מ",company,exact,True,918
464,מרפאת שיניים,"ג'יי די סי מרפאת שיניים (ע""ר)",היתר עסקה בתוקף,ישראל,https://heteriske.com/wp-content/uploads/custom_uploads/2026/08/גיי-די-סי-מרפאת-שיניים-ע_ר.pdf,580065050,"ג'יי די סי מרפאת שיניים (ע""ר)",association,exact,True,464
785,"נדל""ן","גדיש הירוקה בע""מ",היתר עסקה בתוקף,,https://heteriske.com/wp-content/uploads/custom_uploads/2026/08/גדיש-הירוקה-בע_מ.pdf,515755593,"גדיש הירוקה בע""מ",company,exact,True,785
467,בניה,"גלנור מנוס פינוי בינוי - דרך חברון 116 בע""מ",היתר עסקה בתוקף,ישראל,https://heteriske.com/wp-content/uploads/custom_uploads/2026/08/גלנור-מנוס-פינוי-בינוי-דרך-חברון-116-בע_מ.pdf,,,,,,
786,עמותות,"גמילות חסדים בתפארתה(ע""ר)",היתר עסקה בתוקף,,https://heteriske.com/wp-content/uploads/custom_uploads/2026/08/גמילות-חסדים-בתפארתה-ע_ר-.pdf,580802783,"גמילות חסדים בתפארתה (ע""ר)",association,exact,True,786
518,"נדל""ן","ד. סיט השקעות בע""מ",היתר עסקה בתוקף,ישראל,https://heteriske.com/wp-content/uploads/custom_uploads/2026/08/ד.-סיט-השקעות-בע_מ.pdf,516536083,"ד. סיט השקעות בע""מ",company,exact,True,518
523,"נדל""ן","ד.ח. רומנו השקעות בע""מ",היתר עסקה בתוקף,ישראל,https://heteriske.com/wp-content/uploads/custom_uploads/2026/08/ד.ח.-רומנו-השקעות-בע_מ.pdf,516606779,"ד.ח. רומנו השקעות בע""מ",company,exact,True,523
2257,יזם וקבלן בנייה,"דופלקס נאמן יזמות הנדסה ובניה בע""מ",היתר עסקה בתוקף,ישראל,https://heteriske.com/wp-content/uploads/custom_uploads/2026/08/דופלקס-נאמן-יזמות-הנדסה-ובניה-בע_מ.pdf,514745520,"דופלקס נאמן יזמות הנדסה ובניה בע""מ",company,exact,True,2257
638,שמאות מקרקעין,"דור ודר מינוף פיננסים ויועצים בע""מ",היתר עסקה בתוקף,ישראל,https://heteriske.com/wp-content/uploads/custom_uploads/2026/08/דור-ודר-מינוף-פיננסים-ויועצים-בע_מ.pdf,516319266,"דור ודר מינוף פיננסים ויועצים בע""מ",company,exact,True,638
1134,דלק,"דלקל אנרגיה (2004) בע""מ",היתר עסקה בתוקף,,https://heteriske.com/wp-content/uploads/custom_uploads/2026/08/דלקל-אנרגיה-2004-בע_מ.pdf,513592931,"דלקל אנרגיה (2004) בע""מ",company,exact,True,1134
788,עיתון,דלת פלוס,היתר עסקה בתוקף,,https://heteriske.com/wp-content/uploads/custom_uploads/2026/08/דלת-פלוס-.pdf,,,,,,
2251,אתר מכירת רהיטים,דניאל בנדר- home space,היתר עסקה בתוקף,ישראל,https://heteriske.com/wp-content/uploads/custom_uploads/2026/08/דניאל-בנדר.pdf,,,,,,
893,פאות,ה. מצנבר פאות בהזמנה אישית,היתר עסקה בתוקף,רמת גן - ישראל,https://heteriske.com/wp-content/uploads/custom_uploads/2026/08/ה.-מצנבר-פאות-בהזמנה-אישית.pdf,,,,,,
434,בנייה,"הבית ברמות מקבוצת בית ירושלמי בע""מ",היתר עסקה בתוקף,ישראל,https://heteriske.com/wp-content/uploads/custom_uploads/2026/08/הבית-ברמות-מקבוצת-בית-ירושלמי-בע_מ.pdf,516186053,"הבית ברמות מקבוצת בית ירושלמי בע""מ",company,exact,True,434
790,מימון,"הולד מי בע""מ",היתר עסקה בתוקף,,https://heteriske.com/wp-content/uploads/custom_uploads/2026/08/הולד-מי-בע_מ.pdf,513933218,"הולד מי בע""מ",company,exact,True,790
791,הנדסת מחשבים,הוס יהודית,היתר עסקה בתוקף,,https://heteriske.com/wp-content/uploads/custom_uploads/2026/08/הוס-יהודית.pdf,,,,,,
794,כלי בית,המרכז לבית ברמה,היתר עסקה בתוקף,,https://heteriske.com/wp-content/uploads/custom_uploads/2026/08/המרכז-לבית-ברמה.pdf,,,,,,
795,יעוץ משכנתאות,המרכז לייעוץ משכנתאות,היתר עסקה בתוקף,,https://heteriske.com/wp-content/uploads/custom_uploads/2026/08/המרכז-לייעוץ-משכנתאות.pdf,,,,,,
663,"נדל""ן","הנוטע בע""מ",היתר עסקה בתוקף,ישראל,https://heteriske.com/wp-content/uploads/custom_uploads/2026/08/הנוטע-בע_מ.pdf,520002478,הנוטע בעמ,company,exact,True,663
675,"נדל""ן","הפרדס הלבן חדרה 2023 בע""מ",היתר עסקה בתוקף,ישראל,https://heteriske.com/wp-content/uploads/custom_uploads/2026/08/הפרדס-הלבן-חדרה-2023-בע_מ.pdf,516793478,"הפרדס הלבן חדרה 2023 בע""מ",company,exact,True,675
646,בנקים,"וידאה ניהול השקעות מקבוצת לאומי בע""מ",היתר עסקה בתוקף,ישראל,https://heteriske.com/wp-content/uploads/custom_uploads/2026/08/וידאה-ניהול-השקעות-מקבוצת-לאומי-בע_מ.pdf,515780138,"וידאה ניהול השקעות מקבוצת לאומי בע""מ",company,exact,True,646
643,חנות ספרים,ולדמן ספרים,היתר עסקה בתוקף,ישראל,https://heteriske.com/wp-content/uploads/custom_uploads/2026/08/ולדמן-ספרים.pdf,,,,,,
670,מכירת ספרים,זאלו,היתר עסקה בתוקף,ישראל,https://heteriske.com/wp-content/uploads/custom_uploads/2026/08/זאלו.pdf,,,,,,
797,"נדל""ן",זילברברג אברהם חיים,היתר עסקה בתוקף,,https://heteriske.com/wp-content/uploads/custom_uploads/2026/08/זילברברג-אברהם-חיים-.pdf,,,,,,
614,"נדל""ן","חזקי השקעות בע""מ",היתר עסקה בתוקף,ישראל,https://heteriske.com/wp-content/uploads/custom_uploads/2026/08/חזקי-השקעות-בע_מ.pdf,516229457,"חזקי השקעות בע""מ",company,exact,True,614
890,ביגוד נשים,חלוק פלוס,היתר עסקה בתוקף,ישראל,https://heteriske.com/wp-content/uploads/custom_uploads/2026/08/חלוק-פלוס.pdf,,,,,,
2265,"ביהכ""נ וכולל","חניכי הישיבות רמה ג' 2 (ע""ר)",היתר עסקה בתוקף,ישראל,https://heteriske.com/wp-content/uploads/custom_uploads/2026/08/חניכי-הישיבות-רמה-ג-2-ע_ר.pdf,,,,,,
793,"נדל""ן","טובולסקי יזמות ושהקעות נדל""ן בע""מ",היתר עסקה בתוקף,,https://heteriske.com/wp-content/uploads/custom_uploads/2026/08/היתר-עסקה-טובולסקי-יזמות-והשקעות.pdf,,,,,,
1125,"נדל""ן","טי.סי.אי ניהול פרוייקטים בתמ""א בע""מ",היתר עסקה בתוקף,,https://heteriske.com/wp-content/uploads/custom_uploads/2026/08/טי.סי.אי-ניהול-פרוייקטים-בתמ_א-בע_מ.pdf,,,,,,
1131,"נדל""ן","טי.סי.אי תמ""א הוד השרון בע""מ",היתר עסקה בתוקף,,https://heteriske.com/wp-content/uploads/custom_uploads/2026/08/טי.סי.אי-תמ_א-הוד-השרון-בע_מ.pdf,,,,,,
1126,"נדל""ן","טי.סי.אי תמ""א הרצליה בע""מ",היתר עסקה בתוקף,,https://heteriske.com/wp-content/uploads/custom_uploads/2026/08/טי.סי.אי-תמ_א-הרצליה-בע_מ.pdf,,,,,,
1132,קורסים,י. גראנאטאוויטש,היתר עסקה בתוקף,,https://heteriske.com/wp-content/uploads/custom_uploads/2026/08/י.-גראנאטאוויטש.pdf,,,,,,
804,"נדל""ן","י.ש. אזמרה יזמות בע""מ",היתר עסקה בתוקף,,https://heteriske.com/wp-content/uploads/custom_uploads/2026/08/י.ש-אזמרה-יזמות-בע_מ.pdf,515770824,"י.ש אזמרה יזמות בע""מ",company,exact,True,804
766,לצפיה בהיתר עסקה,יהודה אנגל,היתר עסקה בתוקף,,https://heteriske.com/wp-content/uploads/custom_uploads/2026/08/יהודה-אנגל-יועץ-מס.pdf,,,,,,
722,"נדל""ן","יוד.פיי. יזמויות השקעות וייעוץ נדל""ן בע""מ",היתר עסקה בתוקף,ישראל,https://heteriske.com/wp-content/uploads/custom_uploads/2026/08/יוד.פיי.-יזמויות-השקעות-וייעוץ-נדל_ן-בע_מ.pdf,516598851,"יוד.פיי. יזמויות השקעות וייעוץ נדל""ן בע""מ",company,exact,True,722
1133,תקשורת,"ימות המשיח בע""מ",היתר עסקה בתוקף,,https://heteriske.com/wp-content/uploads/custom_uploads/2026/08/ימות-המשיח-בע_מ.pdf,514226000,"ימות המשיח בע""מ",company,exact,True,1133
2260,ישיבת גור,"ישיבה ופנימיה פאר ישראל ירושלים (ע""ר)",היתר עסקה בתוקף,ישראל,https://heteriske.com/wp-content/uploads/custom_uploads/2026/08/ישיבה-ופנימיה-פאר-ישראל-ירושלים-ע_ר.pdf,580635670,ישיבה ופנימיה פאר ישראל ירושלים (ע''ר),association,exact,True,2260
640,חינוך,"ישיבת קמניץ ירושלים כנסת בית יצחק (ע""ר)",היתר עסקה בתוקף,ישראל,https://heteriske.com/wp-content/uploads/custom_uploads/2026/08/ישיבת-קמניץ-ירושלים-כנסת-בית-יצחק-ע_ר.pdf,580029239,"ישיבת קמניץ ירושלים כנסת בית יצחק (ע""ר)",association,exact,True,640
917,חשמל כשר לשבת,כשר אנרג'י,היתר עסקה בתוקף,ישראל,https://heteriske.com/wp-content/uploads/custom_uploads/2026/08/כשר-אנרגי.pdf,,,,,,
1172,חוגים לילדים,לאה קורלנסקי,היתר עסקה בתוקף,,https://heteriske.com/wp-content/uploads/custom_uploads/2026/08/קורלנסקי-לאה.pdf,,,,,,
645,בנקים,"לאומי פרטנרס בע""מ",היתר עסקה בתוקף,ישראל,https://heteriske.com/wp-content/uploads/custom_uploads/2026/08/לאומי-פרטנרס-בע_מ.pdf,520031857,"לאומי פרטנרס בע""מ",company,exact,True,645
644,בנקים,"לאומי שירותי שוק ההון בע""מ",היתר עסקה בתוקף,ישראל,https://heteriske.com/wp-content/uploads/custom_uploads/2026/08/לאומי-שירותי-שוק-ההון-בע_מ.pdf,511481996,"לאומי שירותי שוק ההון בע""מ",company,exact,True,644
2262,כולל גור,"לומדים היכל התורה והחסד המרכזי (ע""ר)",היתר עסקה בתוקף,ישראל,https://heteriske.com/wp-content/uploads/custom_uploads/2026/08/לומדים-היכל-התורה-והחסד-המרכזי-ע_ר.pdf,580523264,"לומדים - היכל התורה והחסד המרכזי (ע""ר)",association,exact,True,2262
2114,לצפיה בהיתר עסקה,מגה פונים,היתר עסקה בתוקף,ערד - ישראל,https://drive.google.com/file/d/1cLlfRb2PL_0sjZpqW4eZmi2DhogTwMZB/view,,,,,,
830,ספרים ויודאיקה,מהודר,היתר עסקה בתוקף,ירושלים - ישראל,https://heteriske.com/wp-content/uploads/custom_uploads/2026/08/מהודר.pdf,,,,,,
727,חינוך,"מוסדות ירוסלב (ע""ר)",היתר עסקה בתוקף,ישראל,https://heteriske.com/wp-content/uploads/custom_uploads/2026/08/מוסדות-ירוסלב.pdf,580575025,"מוסדות ירוסלב (ע""ר)",association,exact,True,727
2261,מוסד חינוך ורווחה,"מוסדות רצון השם בית שמש (ע""ר)",היתר עסקה בתוקף,ישראל,https://heteriske.com/wp-content/uploads/custom_uploads/2026/08/מוסדות-רצון-השם-בית-שמש-ע_ר.pdf,580515435,"מוסדות רצון השם - בית שמש (ע""ר)",association,exact,True,2261
799,מסעדה,"מטעמי שולחן ערוך בע""מ",היתר עסקה בתוקף,,https://heteriske.com/wp-content/uploads/custom_uploads/2026/08/חברת-מטעמי-שולחן-ערוך-בע_מ-.pdf,515645844,"מטעמי שולחן ערוך בע""מ",company,exact,True,799
833,שירותים מקצועיים כלליים,מיה רימונים 770 בעמ,היתר עסקה בתוקף,ארבע העונות 14 לוד - ישראל,https://heteriske.com/wp-content/uploads/custom_uploads/2026/08/מיה-רימונים-770-בע_מ.pdf,516427580,"מיה רימונים 770 בע""מ",company,exact,True,833
2255,תחזוקת תחנות ביוב,"מים אדירים הנדסה בע""מ",היתר עסקה בתוקף,ישראל,https://heteriske.com/wp-content/uploads/custom_uploads/2026/08/מים-אדירים-הנדסה-בע_מ.pdf,513646869,"מים אדירים הנדסה בע""מ",company,exact,True,2255
1510,"מכירת מוצרי חשמל קטנים וגדולים, אלקטרוניקה וסלולר",מיקסר בית שמש,היתר עסקה בתוקף,,https://heteriske.com/wp-content/uploads/custom_uploads/2026/08/מיקסר-בית-שמש.pdf,,,,,,
1511,"מכירת מוצרי חשמל קטנים וגדולים, אלקטרוניקה וסלולר",מיקסר מוצרי חשמל,היתר עסקה בתוקף,,https://heteriske.com/wp-content/uploads/custom_uploads/2026/08/מיקסר-מוצרי-חשמל.pdf,,,,,,
1985,"נדל""ן",מלול שניר יצחק,היתר עסקה בתוקף,,https://heteriske.com/wp-content/uploads/custom_uploads/2026/05/מלול-שניר-יצחק.pdf,,,,,,
2018,מצות,"מצות מהדרין וחבורה בע""מ",היתר עסקה בתוקף,,https://heteriske.com/wp-content/uploads/custom_uploads/2026/05/מצות-מהדרין-ותחבורה-בעמ.pdf,514208206,"מצות מהדרין וחבורה בע""מ",company,exact,True,2018
1116,טלפוניה,"מרכזיה בע""מ",היתר עסקה בתוקף,,https://heteriske.com/wp-content/uploads/custom_uploads/2026/08/מרכזיה-בע_מ.pdf,515266286,"מרכזיה בע""מ",company,exact,True,1116
755,חינוך,משגב ציון ירושלים,היתר עסקה בתוקף,,https://heteriske.com/wp-content/uploads/custom_uploads/2026/08/משכן-ציון-ירושלים-ע_ר-1.pdf,580573921,"משגב ציון ירושלים (ע""ר)",association,exact,False,
834,קופת חולים,נאות הפסגה מדיקל 770בעמ,היתר עסקה בתוקף,"ארבע עונות 14, לוד - ישראל",https://heteriske.com/wp-content/uploads/custom_uploads/2026/08/נאות-הפסגה-מדיקל-770-בע_מ.pdf,,,,,,
2248,עבודות חשמל,ניר גואטה גן האושר,היתר עסקה בתוקף,ישראל,https://drive.google.com/file/d/1immegZ2RzwOGQT4x9zjGbGL7_P550KuW/view?usp=drive_link,,,,,,
1508,סלולר,סימפל,היתר עסקה בתוקף,,https://heteriske.com/wp-content/uploads/custom_uploads/2026/08/סימפל.pdf,540167152,סימפלי,partnership,fuzzy,False,
800,אשראי,"ספארק איי אל בע""מ",היתר עסקה בתוקף,,https://heteriske.com/wp-content/uploads/custom_uploads/2026/08/חברת-ספארק-איי-אל-בע_מ-.pdf,516113479,"ספארק איי אל בע""מ (חל""צ)",company,fuzzy,True,800
2252,סוכנות ביטוח,עוגן סוכנות לביטוח,היתר עסקה בתוקף,ישראל,https://heteriske.com/wp-content/uploads/custom_uploads/2026/08/עוגן-סוכנות-לביטוח.pdf,,,,,,
801,תוכנות,"עוז תוכנה בע""מ",היתר עסקה בתוקף,,https://heteriske.com/wp-content/uploads/custom_uploads/2026/08/חברת-עוז-תוכנה-בע_מ-.pdf,514453224,"עוז תוכנה בע""מ",company,exact,True,801
815,סטרטאפ,"פייז מדיקל בע""מ-FIZE Medical Inc",היתר עסקה בתוקף,,https://heteriske.com/wp-content/uploads/custom_uploads/2026/08/פייז-מדיקל-בע_מ-FIZE-Medical-Inc-EIN-88-3838208.pdf,,,,,,
891,שיקום לאשה וליולדת,פרקש,היתר עסקה בתוקף,ישראל,https://heteriske.com/wp-content/uploads/custom_uploads/2026/08/פרקש-.pdf,,,,,,
2256,"ביהכ""נ וכולל אברכים","קול יהודה תל ציון (ע""ר)",היתר עסקה בתוקף,ישראל,https://heteriske.com/wp-content/uploads/custom_uploads/2026/08/קול-יהודה-תל-ציון-ע_ר.pdf,,,,,,
829,רכבים,קיו מוטורס,היתר עסקה בתוקף,ירושלים - ישראל,https://heteriske.com/wp-content/uploads/custom_uploads/2026/08/קיו-מוטורס.pdf,,,,,,
892,מימוש זכויות,קל זכות,היתר עסקה בתוקף,ישראל,https://heteriske.com/wp-content/uploads/custom_uploads/2026/08/קל-זכות.pdf,,,,,,
2253,קרמיקה וכלים סינטריים,קלקטה קרמיקס,היתר עסקה בתוקף,ישראל,https://heteriske.com/wp-content/uploads/custom_uploads/2026/08/קלקטה-קרמיקס.pdf,,,,,,
805,עיצוב פנים,ר.טיילור אדריכלות ועיצוב פנים,היתר עסקה בתוקף,מודיעין עלית,https://heteriske.com/wp-content/uploads/custom_uploads/2026/08/ר.-טיילור-אדריכלות-ועיצוב-פנים.pdf,,,,,,
1129,"נדל""ן","שותפות הבינלאומית לתמ""א הרצליה רעננה שותפות מוגבלת",היתר עסקה בתוקף,,https://heteriske.com/wp-content/uploads/custom_uploads/2026/08/שותפות-הבינלאומית-לתמ_א-הרצליה-רעננה-שותפות-מוגבלת.pdf,,,,,,
2264,"נדל""ן","שמחה סטל החזקות בע""מ",היתר עסקה בתוקף,ישראל,https://heteriske.com/wp-content/uploads/custom_uploads/2026/08/שמחה-סטל-החזקות-בע_מ.pdf,517202503,"שמחה סטל החזקות בע""מ",company,exact,True,2264
1403,לצפיה בהיתר עסקה,שמעון בורנשטיין,היתר עסקה בתוקף,ירושלים - ישראל,https://heteriske.com/wp-content/uploads/custom_uploads/2026/08/בורנשטיין.pdf,,,,,,
2259,יזמות ובנייה,"תשואות חן בע""מ",היתר עסקה בתוקף,ישראל,https://heteriske.com/wp-content/uploads/custom_uploads/2026/08/תשואות-חן-בע_מ.pdf,515279396,"תשואות חן בע""מ",company,exact,True,2259
